89699664073
89637994297
89638075174
89636006297
89699470873
89867564073
89838366297
89649980873
89668046297
89668813073
89838209174
89868009174
89669600873
89868499174
89361168297
89688911952
89686923073
89647484952
89656767408
89857449174
89658482952
89699429743
89647672952
89629667408
89657805297
89696934952
89658263174
89836273174
89648966174
89689817174
89698798519
89649024952
89581176174
89656732952
89636813174
89858978519
89867430174
89868078519
89678353297
89689407297
89859142952
89836357174
89361161174
89689504873
89658927297
89697051174
89648191174
89837883297
89866986173
89859186173
89858582174
89647192174
89679358408
89689686408
89858646173
89669159408
89636742174
89856438408
89868654873
89627910297
89361178408
89656200297
89686578408
89867031174
89697322174
89639496743
89858547297
89687473408
89581118174
89667928174
89656715519
89868118174
89647592297
89869952173
89646777519
89648937519
89839617519
89676978174
89869309297
89628137519
89626186743
89668847519
89659768174
89857610519
89689757519
89867678174
89627313408
89628248174
89636285630
89687683952
89659791408
89636074743
89697234743
89857427743
89858873952
89679425630
89629775630
89669798630
89839655630
89857826630
89868326630
89868697743
89581117743
89686710408
89688199630
89857635630
89836970408
89866946630
89669978630
89666159630
89638122873
89838556630
89859680408
89626321408
89678433952
89839542873
89869932873
89361197073
89836367743
89866941408
89668882408
89696763873
89667034408
89698575743
89639308952
89656892408
89687498952
89857444408
89627225743
89659910743
89869720743
89857847073
89666922408
89698622408
89636967873
89686685173
89581185173
89669363743
89626561873
89699928873
89857796073
89361166873
89678070952
89856415173
89697558873
89656770952
89679355173
89868736073
89688478873
89679960073
89678158173
89866872630
89688255873
89626105873
89639145873
89678798073
89637792630
89839863519
89868794519
89839774519
89646246952
89639178073
89868615873
89666224519
89697838073
89867818073
89868025873
89857610173
89687311630
89679331073
89581161073
89627469073
89667061519
89867380173
89859211630
89666515952
89637807173
89699694630
89696507173
89839117173
89649335952
89859715952
89667537952
89839109173
89629339173
89867177952
89857339173
89856609952
89666579173
89667143630
89858557173
89859412519
89656163074
89678073074
89856069173
89839042519
89626541519
89839813630
89836633630
89869693630
89667883074
89636264074
89581118730
89659205374
89698794186
89868895374
89629852063
89838227608
89868651074
89676721074
89869372063
89839374186
89646609843
89836191074
89867393074
89868497608
89699713074
89627064186
89657931074
89669401074
89656461074
89867781074
89859431074
89361167608
89639307374
89679073063
89857859843
89361173063
89678595186
89858902063
89867294074
89857163063
89867373063
89866783063
89668758274
89361197374
89648824274
89637620843
89637799186
89866370843
89856277374
89648778274
89648659186
89857669186
89856656274
89621111963
89677557374
89856960843
89859167374
89837167374
89689614963
89699150186
89838407186
89669275274
89581116186
89678170186
89857728474
89676820186
89869703186
89626154963
89637452963
89679749730
89656188474
89866086186
89698323186
89857678474
89697607274
89626323186
89649929374
89689886074
89868833186
89637271186
89867653274
89836896374
89626486074
89636144843
89696958374
89869028374
89866306374
89867692186
89696086374
89858836074
89628699374
89638778374
89688413274
89361168374
89669257274
89646307474
89637173374
89657027474
89686492074
89677515063
89668303374
89867873374
89669875474
89656797474
89867192074
89836005474
89838336730
89858035474
89688656730
89859325063
89869232074
89869987474
89866059274
89159883073
89261164073
89057734297
89168991952
89179671952
89261190873
89179236297
89057245174
89011119174
89058824297
89166609174
89176770873
89166689174
89176310873
89801111952
89198503073
89168403073
89097649174
89199830873
89168230873
89291111952
89771182952
89096614073
89178111952
89178433073
89159033073
89177747408
89168514073
89261172952
89808240174
89069857408
89096429743
89059353174
89178129743
89991173174
89251161297
89196774952
89177128519
89039815297
89069675297
89197715297
89199866174
89159555297
89037717174
89109992952
89176425297
89179725297
89198145297
89251189743
89068309743
89068638519
89096017174
89167689743
89159776174
89068837174
89067886174
89156430174
89197752952
89108049743
89098847174
89037688519
89807639408
89037696408
89179557174
89199271174
89166728408
89196551174
89167351174
89068544873
89039016173
89166556173
89166846173
89157236173
89167458408
89169497297
89991192174
89011119408
89069554873
89069377297
89991189408
89197719408
89109478408
89158142174
89156302174
89991119408
89107260297
89166711174
89098879408
89038481174
89108641174
89107548408
89178983408
89157096743
89096453408
89036262173
89106382297
89198662173
89291192173
89069005519
89807670519
89809876743
89807869297
89038536743
89158936743
89157017519
89098838174
89196769297
89167620519
89771188174
89107556743
89179399297
89197686743
89168559297
89177549297
89806239630
89156393408
89197402173
89099784743
89198262873
89099894743
89069316630
89251175630
89197790408
89166844743
89057817743
89168592873
89199545630
89178145630
89109138630
89199620408
89771188630
89107880408
89158319630
89178680408
89011167743
89806281408
89197487743
89196647743
89179360408
89261167743
89808761743
89199501408
89156281408
89096697073
89196897073
89991172408
89098761743
89157317073
89291191743
89096534408
89057591743
89178561743
89807117873
89177790743
89109525743
89099308952
89011187073
89808302408
89196598952
89069869519
89808778952
89037819519
89179554408
89251178952
89097523873
89168568952
89057101743
89806886073
89196093873
89807595173
89037953743
89198486073
89179805173
89198628173
89068682743
89097906073
89036351873
89158551873
89178871873
89167506873
89196466873
89011180952
89107370952
89169008873
89157108873
89037776873
89808052743
89109280952
89157920952
89196156873
89037780952
89109480073
89169888173
89158360952
89098222743
89176741873
89068113743
89098658173
89068584519
89178123743
89011163519
89059153519
89158372630
89806444519
89098582630
89991182630
89096774519
89066844519
89108626952
89108709073
89069725873
89157115873
89167635873
89169098073
89057971073
89109156952
89197546952
89109220173
89106189073
89109189073
89157011630
89068541630
89108858073
89176841630
89199549073
89106883630
89158817173
89109195952
89068873630
89166291519
89167171519
89157375952
89168107173
89066159173
89106297952
89176135952
89178592519
89011165952
89809159952
89106087173
89096531519
89199047173
89036602519
89199112519
89199902519
89108522519
89011118730
89098779952
89107293630
89096647952
89807516474
89198047952
89168496474
89771194186
89108483074
89099951074
89176462063
89168928730
89169544186
89178544186
89057697608
89098458730
89037109843
89068956474
89158881074
89167319843
89808994074
89109059843
89156203074
89166503074
89178288730
89106614074
89056163063
89067334074
89179596274
89197496274
89011166274
89167983063
89011170843
89176474274
89261191963
89771117374
89068551963
89056755186
89068744274
89198890843
89108758274
89196745186
89097538274
89261186274
89807944063
89771111963
89156831963
89056949186
89158259186
89199530843
89156943063
89196633063
89157444063
89059579186
89176860843
89056857374
89109918474
89056627186
89177950186
89991173186
89196891274
89158051274
89159935274
89107769730
89991198474
89166810186
89179799730
89179310186
89199687186
89169865274
89179912963
89096979730
89058443186
89177047186
89198057186
89197241274
89167548474
89068796374
89158953274
89261182186
89107804843
89107416374
89178273274
89196550274
89179796074
89198550274
89991196074
89809158374
89178074843
89168773274
89037863274
89099003274
89011164843
89167597274
89037020274
89991189374
89109110274
89057919374
89176387274
89039711186
89099530274
89097247274
89106301186
89157111186
89771182274
89069313274
89099513274
89176041186
89166667274
89157533274
89809752074
89036872274
89167839274
89991196730
89177472074
89176335063
89109052074
89157115063
89196266730
89099392274
89168070474
89059298186
89038998186
89159489274
89251199274
89039777474
89679912074
89646684730
89656151374
89639474730
89857804730
89868605608
89627436608
89647169608
89868755608
89636630374
89626454730
89361187730
89648688608
89669632843
89857220374
89868819608
89868278608
89857159608
89866012843
89636767730
89666282374
89856741374
89581162374
89657661730
89867693963
89867767730
89696885730
89666351730
89856804374
89676935730
89688170730
89636545730
89868914374
89838044374
89869215730
89857115730
89866137063
89869625730
89868835730
89361180730
89628387063
89666100730
89647468963
89866421730
89581111730
89856811730
89867343843
89697503730
89668428843
89688498074
89857991843
89699810963
89678325074
89856616063
89628076843
89656200063
89867198074
89857370063
89859690063
89679201843
89856288074
89836760063
89868866063
89668041843
89627423730
89686553474
89639783474
89867795843
89837428063
89687566963
89867216963
89686270074
89668810074
89698690074
89638870074
89689181063
89856771063
89627854474
89666502608
89668042608
89859224474
89696501063
89688349063
89679132608
89637183608
89678983608
89657362474
89857569063
89361184608
89858301608
89836481608
89869483608
89696450608
89696427074
89869053608
89867082474
89658709074
89647070608
89869527074
89859609074
89646531474
89666412474
89869635963
89868154608
89637579074
89648312474
89668643608
89638322474
89867084252
89677636486
89866295386
89628364086
89581116486
89667676486
89868004086
89627476486
89858925386
89636579774
89867059774
89628602052
89361196373
89667985252
89866382052
89629473052
89689227386
89669391973
89839354052
89657166373
89696066373
89629374373
89648126373
89867371973
89629070774
89867145252
89868689252
89868054373
89866056373
89629031973
89361160774
89679833052
89659548373
89867601973
89677527252
89869748373
89628753252
89666305373
89838129674
89666475373
89839495373
89858374973
89838851373
89869471373
89686146252
89698789674
89361186252
89677800252
89867719674
89699293252
89869630252
89868842973
89627532973
89626588486
89697441373
89361193252
89869322973
89868348486
89687294774
89679328386
89626204774
89361191252
89679276386
89697897373
89686438386
89688989386
89868106386
89837844774
89656199386
89858176386
89857097373
89361180373
89638787373
89866564774
89629466086
89858219386
89838960373
89866242252
89628379386
89361185052
89677416674
89858367373
89856547373
89676105486
89361192086
89656790486
89688445052
89699045052
89869095052
89869673386
89646876674
89649025486
89656645486
89866875052
89696832086
89626119373
89838899373
89656402086
89866722086
89676350386
89868222373
89867848252
89696294674
89668661386
89679763973
89669955597
89838161386
89857694674
89689389597
89837645597
89868145597
89627810386
89581189597
89857056597
89866756597
89581178597
89626468597
89668539486
89638350674
89668540674
89646373774
89857201386
89689734386
89859607774
89666451674
89858550674
89868795674
89866917052
89678117774
89699980674
89857667052
89647447052
89686502386
89867577052
89657979486
89659200674
89668643774
89656379486
89866237774
89678593774
89866830674
89858011674
89687196052
89658128086
89629340973
89866282674
89868140973
89581175086
89676758774
89647100052
89868926774
89581118086
89658022674
89637322674
89677119052
89838958086
89858393674
89861111774
89361162597
89647161597
89867641774
89856193674
89868719052
89361191597
89658106973
89838851052
89869895774
89869051052
89676721052
89867636973
89859936973
89581198052
89667064486
89581178052
89581118052
89628524486
89638812597
89658565774
89657611597
89649543486
89669122597
89868152597
89646719086
89629823486
89838922597
89869797086
89867384597
89699671486
89869897086
89676735973
89866863597
89867667086
89866227086
89856670597
89868692486
89807262843
89069600474
89068900474
89169859274
89108832274
89177560474
89166813374
89771161374
89196102074
89159867474
89991183963
89038218608
89167953963
89011175608
89106882843
89168963963
89156016608
89251175608
89157275608
89069025608
89168135608
89251198608
89808393963
89177987730
89168742843
89156021374
89771118963
89056848608
89157760374
89199357730
89169232843
89167933963
89176807843
89169853843
89169141374
89199923963
89198818963
89198182374
89038195730
89166195730
89807535730
89107871730
89098955730
89108834374
89097244374
89108175730
89771198963
89168755730
89037577063
89066647063
89806680730
89198109474
89038357063
89011167843
89069787843
89157865730
89167760730
89991160730
89166001730
89196193843
89199983730
89107318843
89037918843
89056296063
89106986063
89196696063
89011116063
89056940963
89179861843
89179163730
89157395074
89991163730
89106728843
89166915074
89291190963
89158518074
89066318074
89808030963
89809260063
89057610963
89807719063
89158832730
89159430074
89809934474
89107462608
89157273474
89168061608
89179985843
89991161608
89066291063
89039166963
89159534474
89196051608
89177306963
89057776963
89156345843
89036090074
89196754474
89167346963
89167300074
89991164474
89059656963
89196588063
89168669063
89106001608
89069584608
89261182474
89156340608
89166440608
89156382474
89166271474
89169891474
89036051474
89196403608
89167715963
89166515963
89177103608
89011189963
89169992474
89157835963
89169217963
89261180608
89106480608
89056264608
89199689963
89198889963
89069179074
89166437963
89178765963
89011163086
89771173086
89199879963
89261196486
89097151086
89097141086
89991185386
89197492052
89157094252
89771189774
89057175386
89808899774
89107436486
89158244252
89156493086
89109199774
89058064252
89167737597
89058332052
89159311086
89159149774
89058482052
89196868674
89108239252
89199729252
89107061973
89176916373
89109094373
89108528373
89177891973
89159005252
89158534373
89106166373
89068293052
89109855252
89059335252
89109535252
89107025252
89177015252
89771187386
89176010774
89037821973
89036265252
89168521973
89058279252
89108921973
89058088373
89069044052
89196144052
89177447386
89176257386
89096014052
89097739674
89168272973
89067694973
89807192973
89167005373
89991166252
89058008486
89099035373
89058297252
89158797252
89991176252
89291177252
89108489674
89069620252
89991189674
89011173373
89177613252
89069913252
89097296386
89108618386
89057872252
89179083373
89159716386
89067786086
89107616386
89097582252
89107514774
89198494774
89057056086
89036003373
89156206086
89198471252
89069544774
89158344774
89178476386
89069146386
89178398386
89291186386
89107756386
89197399386
89059456386
89197964774
89196942252
89157643373
89156230373
89037547373
89097348386
89196932252
89196367373
89809715052
89197833373
89167262373
89991182373
89096595052
89158882373
89157195052
89059728252
89771197486
89036515486
89108975486
89159828252
89011189373
89806869373
89096090486
89098592373
89197875486
89806186674
89038208252
89159697486
89066746674
89107777486
89197338252
89177046674
89197246674
89196625052
89158352373
89251187486
89176202373
89157359373
89991165486
89807496597
89067523386
89058057486
89168593386
89108867486
89177762774
89291182774
89807128597
89097540386
89179218597
89197229597
89991116597
89199028597
89158134674
89198955597
89157936597
89176797674
89176555597
89069445597
89198525597
89011178597
89107546597
89059769597
89167599597
89166799597
89159402774
89157168597
89197160386
89109232774
89198913973
89198267674
89176013973
89099518973
89106684386
89157797052
89166339486
89096617052
89057204386
89178995674
89261191674
89771170674
89068363774
89179117052
89059255674
89159934386
89169507052
89158990674
89158644386
89198025674
89169925674
89198712386
89771181674
89107788973
89178848973
89176881674
89011171774
89176350973
89176650973
89039516052
89107816052
89108336774
89096898086
89991176774
89066978086
89158625086
89176110052
89771111774
89176560052
89199500973
89196948086
89168280052
89176388774
89107132674
89178211774
89167001774
89011116973
89099441774
89057323674
89809351052
89199858086
89261185774
89096882597
89176628052
89177934486
89099555774
89991191052
89057798052
89178478052
89198190086
89991118052
89096481052
89199411052
89168352597
89011111597
89098789052
89109481597
89011117086
89196941597
89167295973
89167772486
89291195973
89068940597
89158117086
89066694597
89096414597
89097471486
89198863597
89106437086
89099359086
89178145973
89658299086
89647680597
89857420597
89668789086
89868499973
89839220597
89868887086
89858302486
89628157973
89869443597
89856993597
89868832486
89647461974
89688985397
89858733597
89866749086
89869796497
89866929786
89697726497
89869461974
89646693163
89677993163
89656317586
89837128697
89678146497
89869915397
89867991163
89868625397
89837925397
89867335397
89858197586
89627989786
89628254263
89628121163
89868254263
89858889786
89837331974
89836313163
89657529263
89698596286
89868544163
89867648697
89687574286
89647051874
89668534286
89869604286
89689845263
89637126286
89866027397
89836814286
89688417397
89361189263
89839158286
89636180786
89866317397
89669112974
89836709263
89867420786
89868324286
89866077397
89659148286
89639833974
89657941874
89869465263
89868379263
89679395286
89656403263
89856982874
89629706263
89869214874
89836806263
89869406263
89658546263
89638437263
89699831286
89858709697
89857209697
89628300263
89688096397
89856668497
89856768497
89638740286
89839348497
89639356163
89659092263
89858606163
89627014786
89656226163
89677826163
89838563286
89646586397
89679619397
89836769397
89669723286
89869166163
89638613286
89669907497
89856460286
89867879397
89867901263
89866793286
89859307497
89859862286
89687006697
89656808263
89858016697
89688386697
89668124974
89868992286
89866808263
89626545497
89648278263
89678549286
89697202163
89868518586
89629629586
89857007697
89626361397
89859836586
89688156586
89669099586
89626269586
89866454697
89678122786
89838131397
89866219586
89867612786
89866942786
89837000397
89837968586
89869633874
89628667697
89698850697
89867684397
89648190697
89836634397
89857166974
89656546974
89649346974
89688469497
89868203786
89361177786
89858845697
89858735697
89678764397
89686380697
89869338874
89869724397
89581178874
89838412397
89657081697
89679381697
89649596786
89657557786
89696033786
89649139974
89677683697
89656415163
89856805163
89857229974
89696645163
89656845163
89628828786
89647376786
89699908786
89858635163
89869390874
89581170874
89699046786
89856476786
89646656786
89669856786
89866645974
89856509974
89659032697
89856080874
89858731786
89686201786
89697460874
89838588163
89581168786
89659072586
89866678786
89867688786
89686361586
89689218974
89628607974
89866896874
89867372586
89858791586
89636837974
89658186874
89688242586
89858154497
89626221586
89696157974
89699332586
89627380163
89699307874
89857360974
89867211586
89581193497
89698995874
89658304586
89656019163
89858833497
89856932586
89638351497
89657127163
89686967163
89857017163
89869844586
89688364586
89699210586
89867245874
89869117874
89676365874
89857009874
89627557163
89639247874
89667079874
89858052497
89637954097
89839723586
89646804243
89647892043
89868884243
89686194243
89668415430
89647708686
89659597619
89669658686
89689737619
89581117619
89647349852
89648159852
89638931097
89659778686
89666901097
89361188686
89638324097
89678714097
89836724097
89856294097
89636585243
89658627430
89696274043
89866929243
89669006308
89858740852
89838995243
89868151886
89657489243
89667520852
89676977430
89869506308
89868266308
89866075243
89658886308
89669056308
89837397430
89858776308
89627386308
89669268308
89867654308
89856303043
89866587430
89866931886
89646172886
89679448308
89858367430
89699591308
89666944886
89626494886
89688308508
89361170243
89678598508
89866475308
89667819686
89699238508
89857192886
89687265308
89656812886
89687437243
89581199686
89668060243
89869910243
89859256243
89629752886
89688043243
89867087243
89686033243
89868665308
89868332886
89676550308
89678428430
89677314852
89869429430
89867386097
89868482243
89686444852
89658497308
89668076430
89679197308
89859414852
89858851243
89659477308
89838016097
89866658430
89866389430
89858789430
89658311243
89628832243
89866979430
89868713308
89581183430
89697272097
89581118243
89868472308
89856373430
89859027508
89771199973
89011165973
89039820597
89166399086
89807021486
89069852486
89156280597
89158980597
89169864597
89036600597
89166343597
89158023597
89059563163
89108351163
89196154163
89157585397
89107491974
89196727586
89158051163
89198027586
89036234263
89106034263
89196534263
89807346497
89196597586
89991171163
89179858697
89158145397
89179771163
89197554263
89167465397
89167113163
89196303163
89261111974
89179368697
89157247586
89166568697
89058641974
89098467586
89169023163
89176181974
89011163974
89291195263
89179373974
89107205263
89058051874
89177251874
89198074286
89056890786
89109755263
89109517397
89806789263
89058035263
89106424286
89991164286
89056964286
89059431874
89037419263
89107759263
89011184874
89058447397
89806396263
89808095286
89058679263
89068193974
89991193974
89108767397
89058472874
89158783263
89168495286
89169361286
89096694874
89168171286
89771177263
89196863263
89771198497
89097675286
89176315286
89169976263
89157109697
89156420263
89158120263
89196189697
89036552874
89261187263
89198012874
89196878497
89158121286
89178400263
89011196163
89066748497
89179533263
89159448497
89168333263
89167933263
89198429397
89177039397
89157473286
89198883286
89059116397
89069371263
89108106163
89167861263
89057134786
89169726397
89176306397
89808238397
89261177286
89058977286
89179524786
89011179397
89808842263
89057519397
89097737286
89159109397
89158320286
89067364786
89096310286
89156949397
89177687286
89168859397
89179032263
89011173397
89771116697
89097048397
89066362286
89158707497
89198707497
89159639286
89196562286
89039229286
89771192286
89196392163
89176715497
89166303397
89771186697
89097176697
89037989286
89196117497
89011168263
89809600497
89167710497
89197086697
89169632163
89099364974
89057764974
89166622163
89291187497
89198702163
89198172786
89991183874
89011171397
89097304697
89159150397
89167473874
89196050397
89197271397
89157074697
89037336586
89097076586
89058397697
89167398586
89251164697
89107324697
89168238586
89199446586
89156537697
89096812786
89059178586
89197268586
89198743874
89168188586
89197647697
89198322786
89179033874
89159041397
89067182397
89177884397
89167184397
89179361697
89157916974
89036071697
89156536974
89196936974
89099658874
89197745697
89158037786
89991186974
89067742397
89197721697
89179730697
89806781697
89157822397
89011118786
89106813786
89109633786
89069429974
89178395974
89176485974
89056450874
89036405974
89156782697
89159940874
89991171786
89157835163
89251190874
89291169974
89067458786
89179725974
89107909974
89099709974
89808449974
89169569974
89011188786
89157631786
89991180874
89109331786
89771168163
89176078786
89197212697
89176378786
89178068786
89197179974
89199948163
89771185786
89177768786
89197413697
89097968163
89058548786
89196684497
89169518974
89108940163
89196972586
89199918974
89196261586
89991182586
89011170974
89098650974
89036650974
89096240974
89197904497
89177671586
89166803497
89178697974
89176670974
89196758974
89011160163
89107446874
89196324497
89801111586
89097960163
89057830974
89198712586
89156660163
89011183586
89809472497
89091111586
89157047974
89107613497
89771119163
89108923497
89059301586
89807804586
89176633497
89038619163
89037697163
89168897163
89158233497
89157023497
89199333497
89178519163
89107140586
89037317163
89808467163
89807070586
89057561497
89106763586
89159807163
89167807163
89179214586
89097327163
89807319874
89067009163
89036445874
89156709874
89069499874
89176239163
89107687163
89198521497
89169787874
89808539852
89156311497
89177593586
89166281497
89199901497
89159654097
89156207619
89176541097
89807358686
89156414243
89066234243
89096206508
89197574243
89176797619
89991171097
89167117619
89196846508
89098969852
89106011097
89059949852
89068982043
89106788686
89197223097
89167112043
89066194097
89156994097
89168424097
89178934097
89291196308
89099296308
89199254043
89808066308
89196983043
89251164043
89291171886
89057728308
89057105243
89168127430
89197028308
89067106308
89037275243
89106128308
89809269243
89158014308
89196036308
89169906308
89157008308
89159608308
89107520852
89068169243
89011168308
89011179243
89057853043
89057599243
89068956308
89099953043
89176546308
89176956308
89169853043
89036621886
89771194043
89069723043
89067900852
89176043043
89177100852
89158062886
89056653243
89166053243
89067140243
89038104886
89807808508
89179674886
89199674886
89198506243
89169166243
89991166243
89251192886
89097897243
89036408508
89167992886
89261198508
89069424886
89157724886
89158909686
89159820243
89808649686
89991180243
89109487243
89159349686
89159421308
89096378508
89178778508
89178332886
89991181308
89039667243
89096967243
89069333243
89196033243
89291161243
89059286097
89199173308
89168161243
89036306097
89806056430
89067608430
89057592243
89199570308
89807512243
89058186430
89109752243
89179459430
89176511243
89178060308
89107547308
89067348430
89179660308
89107353430
89176283430
89179796686
89097305043
89157450508
89991163430
89637536686
89581192097
89687709308
89666669308
89868270508
89678780508
89659310508
89636732097
89687056686
89867235508
89698342308
89668878243
89649949308
89838646686
89867369308
89656512097
89839432097
89836032097
89869749308
89656083886
89667718619
89679657508
89687661430
89668474686
89678997686
89649666619
89838414686
89867363886
89669335619
89858228619
89866775619
89836717686
89636619619
89676119619
89659468619
89646379619
89869556619
89868531430
89657283852
89581167686
89838633886
89867262430
89856597043
89647574430
89838804430
89838428886
89628437043
89581170686
89689410686
89361169508
89696387043
89687957043
89639087043
89858777043
89867908886
89867689508
89649668886
89668681686
89637357852
89869068886
89649330043
89677851852
89666471852
89838785097
89626705097
89639466852
89689256043
89668076043
89866930043
89857550886
89688936852
89581166852
89679246043
89696890043
89648978097
89838166852
89636978852
89869770886
89638112686
89669021852
89868180886
89859420043
89659680043
89858031852
89857202686
89638623686
89869888097
89866578852
89647619043
89697640097
89856843686
89858122686
89676473508
89869933686
89648491619
89629295852
89858591619
89839063508
89639045852
89626846886
89666888043
89678621619
89866900097
89868031043
89581111619
89839593508
89866958043
89851111619
89646491508
89686750619
89666104619
89636461508
89867913508
89866282508
89659037097
89698167097
89626929097
89648997886
89361177097
89856107097
89856359097
89867254619
89646160619
89868152508
89868164619
89686660619
89696869097
89837802508
89626965886
89636123619
89627193619
89646485419
89869147886
89581173108
89677304230
89677916530
89859173108
89857867886
89857581508
89866596530
89869429797
89689904108
89647735419
89667698719
89687577574
89866936530
89361177574
89858817574
89839797574
89867437574
89837265419
89628814108
89667304319
89646604319
89361161897
89869442030
89867618319
89581183030
89636390797
89676671897
89636791897
89867961897
89869574319
89866958319
89836215230
89687053030
89638186319
89649821897
89857924319
89688211897
89686360797
89629243030
89668694030
89627823030
89581111897
89647829719
89647827230
89866714030
89639805319
89857696230
89698090230
89688051319
89869395319
89636608530
89858227230
89646909719
89837897230
89858670230
89696942897
89638921319
89867737230
89636193230
89361184797
89638373319
89836901319
89866048530
89866107319
89697726419
89669892230
89838506108
89627066419
89669277319
89868156108
89686046419
89679109419
89859866419
89868326108
89858446108
89866424797
89856138419
89869854797
89628010319
89839656419
89868349419
89699653419
89869860319
89688628230
89839639319
89837372319
89868253419
89856227530
89866872108
89688089319
89646035530
89866075530
89857845030
89648025030
89866892319
89627610530
89581165030
89659312319
89858209319
89838280530
89858646719
89839238230
89668568230
89581179319
89627649319
89677516574
89697039574
89838047530
89626902108
89628048230
89859893419
89658474719
89648375574
89678335574
89837634719
89869606574
89856497719
89869270419
89869575574
89697902797
89857824719
89837338574
89696788574
89658760419
89688447719
89867187719
89867487719
89867512797
89686407797
89839465574
89869201419
89649274419
89689191719
89868729530
89868661719
89696017797
89696645719
89858891719
89659938897
89839775719
89581117797
89659352419
89866145719
89686231719
89699100719
89859064419
89857099530
89638523797
89867068897
89659516797
89626062719
89836962719
89866448897
89698973719
89629973719
89839251797
89868603719
89869316030
89867176797
89838818108
89858710030
89656300897
89677148797
89649381797
89859930897
89659453530
89867568108
89666391030
89839595797
89361191574
89581166897
89678346897
89628692574
89361164530
89669656897
89686120108
89679079030
89857039030
89859524530
89677522574
89658148030
89636981574
89658201574
89687413530
89867280108
89011117508
89166652097
89158970508
89057180508
89807660508
89037565043
89097552308
89176419308
89198702308
89067647508
89158388243
89198700508
89066267508
89167823430
89261183886
89038729619
89158639619
89291185619
89038071430
89069674686
89098874686
89068945619
89109589619
89771119619
89168008619
89156745619
89169489619
89107554686
89809321430
89809900430
89058365619
89156349619
89156559619
89038400430
89168632852
89038267686
89109453852
89196527852
89198991686
89991191686
89806280686
89038444430
89169455686
89011187043
89108670686
89099198886
89168570686
89108980686
89178320686
89169138886
89106178886
89057902430
89096787852
89036878886
89177588886
89156878886
89109657852
89261196043
89176405097
89168440886
89108275097
89108228097
89806036852
89159691852
89169263686
89067836852
89251176852
89106908852
89159208852
89109810043
89099125097
89199138852
89806200886
89801111852
89168765097
89251180043
89196366043
89991160886
89096748097
89108941852
89179868097
89198648852
89099083508
89108930097
89177953508
89169930097
89808706886
89771191043
89068773508
89291194508
89037371619
89068791619
89167114508
89251166886
89261175852
89807610097
89177106886
89157792619
89178371043
89771160097
89168070097
89176846886
89011169043
89068256886
89199538043
89169186886
89011111619
89806713508
89096412619
89108831619
89056202619
89771172508
89251189043
89807339886
89169622619
89068649043
89197941619
89179468043
89108262508
89169729886
89199639886
89179439886
89096195886
89107351508
89109994619
89056329097
89251167097
89808509886
89159315886
89156117886
89067325886
89059620619
89157424619
89251187097
89106324619
89011193619
89176742508
89991187886
89068500619
89036281508
89197067886
89806594230
89036449097
89156557886
89177233619
89067129797
89167285419
89038392030
89106474230
89169827574
89037975419
89059291108
89058372030
89176604108
89168266530
89167606530
89037771108
89036697574
89098135419
89169858719
89179608719
89097877574
89176477574
89198869797
89057599797
89038032030
89809968719
89036103108
89036713108
89197831108
89038712030
89991168719
89808485230
89197163030
89039385230
89168004319
89291185230
89807976319
89011117419
89068428319
89167275230
89068317419
89169070797
89156098319
89251187419
89107349230
89169578319
89197188319
89157747419
89197468319
89197157419
89106653230
89156983230
89807374897
89106427230
89158273230
89991185319
89106394897
89169927230
89196382897
89196891319
89157634897
89771117230
89011198530
89167608530
89011165319
89196008530
89251198530
89806102897
89059631319
89167686230
89011193230
89198542897
89177321319
89251179719
89196400230
89198479719
89176111319
89179943230
89178888530
89011118419
89771161230
89036441319
89196148530
89198139419
89808463319
89159816419
89176683319
89991173319
89771116108
89199561230
89158274797
89159191230
89291190319
89198836419
89037226419
89107592230
89109546108
89807521230
89106436108
89059198419
89177738419
89156154797
89058956419
89106256419
89177352230
89199899419
89198246419
89176959419
89179059419
89157278419
89176702230
89196759419
89157549419
89807072319
89058211230
89156768419
89168688419
89808885530
89067381230
89179381230
89261183419
89177162319
89176796719
89068835030
89106563419
89098052108
89168736719
89179266719
89059315530
89199136719
89168425530
89166076719
89809102319
89108055030
89056125530
89198870530
89057855030
89039956719
89098537530
89169780530
89991165530
89069378230
89196379319
89197922319
89178448230
89991183897
89107707719
89178339574
89109204719
89199627719
89156751419
89167671419
89179451419
89011117719
89098966574
89991190419
89199435574
89167126574
89166845574
89158692797
89178876574
89198356574
89179210419
89176256574
89108502797
89178887719
89107321419
89106532797
89038768574
89159111419
89106657719
89109804419
89197872419
89177207797
89169429530
89991197030
89806144419
89167640719
89176095719
89177963797
89199414419
89159151719
89198494419
89807669530
89098437030
89806347030
89177607030
89158627030
89157867030
89199890719
89166708897
89107887030
89097831719
89166180719
89159087030
89107037797
89991119530
89096230719
89166922419
89096857797
89291196030
89197291797
89197851797
89261166797
89157791797
89011190030
89057903719
89196206797
89168626797
89199145108
89176576030
89261192719
89806500030
89068326030
89109236030
89156398108
89108078108
89176388108
89176131797
89291188797
89107660897
89197948797
89167481797
89261172574
89108458108
89169096897
89038704530
89991161574
89261174530
89059582574
89096514530
89771171030
89197751030
89059451574
89069975797
89176191574
89251171030
89158006897
89097278030
89197418030
89199725797
89198125797
89808679030
89771160108
89197300108
89011169030
89771161030
89176738030
89039779030
89159379030
89167488030
89198289030
89161111574
89166011574
89166568030
89649029897
89679350574
89689740574
89687317108
89636861530
89629049030
89626953574
89869784574
89857029897
89857307897
89869684574
89679251530
89856003574
89857267108
89866815897
89686439108
89869867108
89868237108
89866427108
89868744574
89626054574
89666179108
89637199897
89629710574
89659330574
89667859897
89837747108
89839602530
89689041530
89668713574
89697296543
89679796543
89858322530
89361183130
89648105463
89696594273
89648116543
89868007652
89678426543
89857951130
89859295463
89857861997
89868394273
89856951997
89657269830
89689917652
89686858708
89676824273
89669077652
89686664273
89836721130
89648523130
89638621997
89856631997
89868356543
89581111997
89689683997
89851111997
89687105273
89689566330
89869004330
89646825273
89699675273
89836263997
89837028330
89649709273
89688959273
89657687463
89677656330
89648587463
89698002997
89869458330
89581165273
89677143997
89667911930
89647543997
89361167463
89868642997
89858568330
89857011930
89868213997
89646914930
89657351330
89869618543
89859239708
89667070273
89698469708
89866706273
89666731330
89689210273
89636577273
89839825330
89867269708
89867819708
89867699708
89669679708
89646660273
89688384830
89688284830
89867142930
89836811330
89858832930
89669036463
89637458463
89688746463
89838544830
89656324830
89856836130
89856146130
89857198463
89857956463
89361193330
89667618273
89869311273
89868257330
89869384997
89868539330
89858553463
89581185543
89638297543
89856650543
89581192130
89857815543
89859976708
89856866708
89639052330
89868225543
89857770543
89667465543
89657765543
89656242330
89687430543
89648030543
89857620543
89677847543
89626159330
89627530543
89697768273
89859065543
89858702330
89857600543
89858347543
89868067543
89646814708
89866607708
89626304708
89677663930
89869850463
89838453930
89868785652
89839683930
89858061463
89677655652
89639998652
89868475652
89581176652
89856666652
89856845652
89859855652
89678799652
89696612830
89839577708
89836246652
89649143930
89649643930
89656243930
89657222830
89858756652
89857099652
89837702830
89858787708
89838488652
89837188652
89859432830
89858513930
89626967708
89657606997
89638355708
89838383830
89687874463
89629694463
89678292463
89697270708
89629415708
89629203830
89837390708
89676524463
89698046997
89859775708
89686986997
89688364463
89649452463
89857798930
89867612463
89859902463
89698553708
89628333830
89659550930
89866267830
89688728830
89628895997
89639706830
89698003708
89627845130
89646978130
89666825997
89837336830
89639631830
89867898130
89866208830
89626509997
89638886830
89866145997
89867809997
89836125997
89866725130
89681111830
89867212708
89629981830
89867560930
89866943708
89858881830
89856807997
89627427997
89868461652
89858474543
89628644543
89698090130
89677676930
89857466930
89858535830
89869335830
89867058997
89866610130
89866186930
89869220997
89629530997
89867642652
89867931652
89857664543
89659833543
89869368997
89857957997
89866348997
89867401652
89627729930
89667874652
89656834652
89648694652
89869729930
89361194652
89856095930
89698675930
89859973652
89581163652
89361175930
89676359130
89666809130
89688069930
89646299130
89581177130
89628097930
89647969930
89678752543
89667430652
89696449930
89687559930
89866180652
89649901543
89858557130
89866430652
89629921543
89688557930
89637129863
89679339863
89688494197
89658791986
89868804197
89629674197
89859414197
89856105443
89859305443
89676837643
89836721143
89667043143
89659501143
89658659863
89627178773
89868065443
89657307443
89688967643
89868833143
89867088773
89696516363
89698640863
89647228363
89659371943
89868173986
89628066363
89868428363
89868034363
89668254363
89696631943
89688412986
89691111943
89696000863
89699879197
89696088363
89699811943
89648923986
89679932986
89866400863
89866233986
89839484943
89667406197
89868716197
89581191363
89668617197
89867651363
89858175363
89639338573
89689438573
89678480197
89688209773
89859817197
89581177197
89678631363
89858692943
89866076197
89668621363
89869046197
89868231363
89629078573
89858887197
89678684863
89859688573
89628693197
89646296143
89866063363
89858526443
89627436443
89666320363
89857776443
89771161530
89771173574
89059107897
89197897108
89179183574
89196584574
89251182530
89108304574
89157427897
89168073574
89991161530
89291191530
89199582530
89198529108
89056151530
89157190574
89036567108
89106075897
89056917897
89096770574
89176859108
89808565897
89107024574
89177357108
89156719897
89109887108
89099031530
89156649897
89991169108
89291189108
89771184273
89098389108
89091111530
89991111530
89166467897
89167001530
89169333574
89068039830
89178907652
89196961997
89167704273
89991195463
89771171130
89808508708
89809117652
89057804130
89058566543
89166504130
89159455463
89109198708
89038821130
89036009830
89106321130
89109538708
89058686543
89059319830
89066065463
89067065463
89807201130
89167849830
89809857652
89156601130
89261181997
89806307463
89106494130
89168868708
89199501997
89251162997
89108253997
89106762997
89168818330
89809115273
89177894330
89808689273
89178844330
89167275273
89037270830
89169808330
89807059273
89108035273
89771178330
89196235273
89159099273
89108052997
89108564330
89058864330
89166387463
89167849273
89106723997
89177723997
89097623997
89179183273
89197961330
89178804930
89167516273
89991196273
89158004930
89107674930
89109194930
89157571330
89199475330
89097197273
89039897273
89808252930
89808602930
89107509708
89166125330
89291180273
89037286273
89197356273
89291187273
89199131330
89197959708
89056000273
89179459708
89991168543
89168548543
89178304830
89096014830
89107406463
89158276130
89166006130
89168516130
89991166463
89157808463
89056526130
89771187330
89159309463
89197769463
89198120330
89159737330
89059680330
89771162330
89166060330
89197942273
89098884997
89097496708
89108262330
89157884997
89107083463
89167385543
89177795543
89037204997
89157650543
89177427543
89168003463
89108236708
89169817543
89179466708
89166755543
89108045543
89096369330
89096989330
89169632130
89178899330
89167837543
89261187543
89177065543
89197630543
89168465543
89059388273
89159532330
89158222330
89197884708
89168172830
89099361463
89808105652
89991118652
89991182830
89011170463
89177391463
89058114708
89108703930
89107115652
89058258652
89196766652
89036446652
89106256652
89068419652
89177580463
89059802830
89158549652
89809553830
89108423930
89039148652
89157867708
89096418930
89036784463
89806316997
89166439543
89099516997
89159329543
89178982463
89158704463
89156627830
89771197830
89176714463
89058806997
89196203830
89991175708
89037755708
89159226997
89038858930
89107977830
89108498930
89158858930
89159238930
89158109543
89156286997
89157320708
89159959543
89039430708
89166665708
89251111708
89166068930
89159032463
89169088930
89036181708
89067348930
89198567830
89107572708
89099418830
89177639997
89167139997
89166139997
89066295997
89096440930
89011198130
89167671830
89156871830
89199905997
89056415997
89106466830
89109315997
89808356830
89097535997
89057108830
89199392708
89159292708
89291189997
89037970930
89106335997
89108025997
89057825997
89098458830
89167445997
89156098830
89177055130
89168920930
89106119997
89156038130
89198749997
89808053543
89809885830
89106341830
89808234543
89066584543
89169030130
89199404543
89068604543
89067673543
89158650997
89991173543
89809758997
89058314543
89197016930
89166606930
89107092652
89159092652
89109910130
89108838997
89156998997
89159138997
89198910997
89011167997
89169278997
89199502652
89096601652
89036301652
89106222652
89196022652
89109041652
89771185930
89177367997
89056783652
89166740652
89197219130
89261161543
89771175930
89807790652
89069051543
89198515930
89109944652
89199844652
89168307130
89197203652
89177317930
89107520652
89178154652
89097980652
89107487130
89198924652
89991187930
89168160652
89011118773
89151111543
89196379930
89108854143
89066407643
89108296573
89158833652
89098595443
89178763143
89196261986
89991161986
89177364143
89808797643
89199671986
89109326573
89771186573
89167097643
89196376573
89251198773
89107346573
89167238773
89197421143
89261186573
89178031986
89109231986
89291179863
89107823143
89157578773
89157021986
89011182986
89157601986
89168133143
89291172986
89168581986
89108753986
89159918363
89168383986
89199985197
89806666363
89108473986
89069382986
89176885197
89098151943
89068515197
89197205197
89291170863
89108276363
89011119197
89807931943
89108924363
89167869197
89169724363
89179924363
89039952986
89106010863
89107819197
89056652986
89169952986
89098759197
89199959197
89157302986
89168249197
89176788363
89058022986
89066633986
89037633986
89198579197
89069584943
89159407197
89108204943
89098995363
89176950197
89059274943
89157815363
89098566197
89179597197
89261177197
89069709773
89198776197
89806449773
89991189773
89038437197
89109337197
89107287197
89196952943
89066878573
89196187197
89109622943
89037322943
89179268573
89806350363
89067901363
89167881363
89109507363
89066562197
89169584863
89199984863
89198886143
89166734863
89158891197
89096574863
89156944863
89157134863
89096676143
89167058443
89809502197
89066826143
89991169443
89251178443
89646360363
89658100363
89868221197
89869381197
89839253443
89657406773
89658206773
89678726773
89838905573
89838782363
89868963443
89626744986
89699499363
89646969363
89869392363
89867108197
89626117573
89866820573
89856789363
89628132143
89858680573
89659433443
89678839643
89667018643
89668529643
89627748197
89629162863
89639828643
89668794773
89656134773
89867885643
89869734773
89869875643
89697286643
89698019643
89656680443
89646430443
89666160443
89839610443
89626919643
89868437773
89868812863
89648867773
89859230443
89626143943
89636453863
89858057773
89857181443
89677004443
89868033943
89669290773
89857139573
89648155773
89688035773
89676389573
89867375773
89638499573
89668531773
89627254443
89628031773
89676743863
89667479573
89859719573
89857699573
89361111773
89657841773
89867030773
89581111773
89678162773
89866947863
89361173773
89696540943
89656391863
89677051863
89581190943
89648125143
89868045143
89867289986
89696649986
89678959986
89657842773
89666648143
89858265143
89866225143
89866886863
89686641863
89658143773
89678723773
89697884573
89856443773
89659604573
89627307986
89677494573
89649682643
89697828986
89868404573
89361166943
89687808986
89676790986
89857104573
89677864573
89679456943
89867598986
89657121643
89639265863
89858146943
89858190143
89671111643
89696000986
89697397143
89677729943
89867060986
89868443573
89856700986
89856057986
89679391573
89669217143
89868584643
89858839943
89639707143
89676803643
89678190643
89649675943
89647537143
89649445943
89657164643
89866592573
89658959943
89868420643
89857710643
89866219943
89866564643
89856964643
89361111573
89668581573
89699533643
89859600643
89869621573
89861111573
89856913643
89867901573
89647814208
89637405452
89687216552
89856673119
89686715452
89676574208
89636304119
89858404208
89647808763
89866714208
89858051119
89869406552
89867706552
89361189808
89667453119
89858981119
89858199808
89868611119
89627832019
89629903119
89629057663
89656918343
89868034119
89637934343
89839318343
89581195208
89626883019
89637806343
89581194343
89668409208
89657620808
89838166343
89867574343
89867055208
89867989208
89667811919
89581119208
89658923019
89866680808
89868824019
89836023019
89657661343
89648234919
89581185343
89869204919
89869594919
89639835343
89648945343
89699289763
89649064919
89648986208
89659337208
89629398552
89859298552
89868338552
89636559763
89687321343
89687522919
89836686208
89869010208
89679067208
89637032919
89699122919
89638560208
89668613208
89689147208
89689041343
89677696452
89868778552
89858622919
89679762208
89858601343
89649594808
89676606119
89627882208
89698706452
89686992208
89688636119
89836071208
89867151208
89676920343
89858354808
89629010343
89647588452
89668559452
89679948452
89866321208
89868466119
89866842208
89687885019
89686785019
89837942208
89869093343
89868518208
89857985019
89648115019
89867029343
89856218208
89361166763
89637908208
89649008208
89648558208
89688598208
89869745019
89666986763
89626546763
89647700552
89867610552
89858380552
89698033452
89838300552
89868700552
89838143452
89686082808
89638872808
89698891452
89868096663
89627783919
89626595663
89361174763
89858804763
89838527763
89868327763
89687309663
89857415663
89698099663
89837117763
89688387763
89868946663
89856819663
89656560452
89699688663
89361181452
89646718919
89689707808
89689473808
89649061763
89637504452
89679504452
89657417019
89857323919
89858118919
89647607019
89858395763
89627628919
89699197808
89649589552
89866334452
89627292452
89647238919
89646938919
89658047019
89837017808
89637502452
89837047019
89869057019
89677523808
89858310763
89626949552
89629921763
89361111763
89679048919
89859100763
89867800763
89858481763
89868757808
89581196808
89627753763
89581118808
89698571808
89647806019
89658351808
89626596019
89679875119
89866930019
89697736019
89868651808
89639890019
89839451808
89867856019
89677166019
89869946808
89867110019
89668732763
89677768119
89676258119
89677273552
89686785808
89868781808
89656414552
89679463552
89627163552
89581191663
89868228019
89857215808
89627698019
89108402197
89168179443
89067523363
89158679443
89036141197
89177467363
89167123363
89157883443
89991118197
89261162143
89098174986
89261166773
89107906773
89196928197
89168536773
89166270573
89261198197
89109409363
89058989363
89167225573
89991117573
89991198197
89177956773
89179699363
89167886773
89177312363
89197912363
89196378197
89168865573
89059968197
89158200573
89166267573
89251172863
89167157573
89196023443
89808628643
89039207773
89199362863
89106585643
89068374773
89166114773
89066606643
89107715643
89179403943
89069197773
89179276643
89156354773
89157346643
89107677773
89059164773
89159577773
89177499643
89179180443
89199431443
89158686643
89196037773
89197687773
89106659643
89156230443
89058188643
89106343943
89109957773
89159001443
89159413943
89176668643
89057041443
89098439573
89158507863
89156653863
89176604443
89037440773
89196591773
89177873863
89179640773
89991161773
89107334443
89057674443
89067275773
89991166986
89068303863
89178489573
89177552443
89066421773
89167587863
89038459573
89808962773
89066422443
89198832443
89169723863
89176401773
89991167863
89808955986
89107995986
89107982773
89067073773
89157828143
89166940943
89011118143
89099628863
89991195143
89037006863
89058289986
89197558863
89157108863
89159078143
89097852773
89807611863
89156619986
89108019986
89107942773
89176988143
89991188143
89058668863
89099422773
89057262643
89176540143
89106662643
89197295863
89107040986
89038003573
89158703573
89261170986
89108945863
89037997986
89166306943
89991170986
89808620143
89771186943
89039535863
89177645863
89179820986
89108077986
89158124573
89179698986
89807481643
89056302643
89109347986
89158200986
89196600986
89807594643
89036962573
89176884643
89107961573
89179053643
89168650643
89106171573
89109091573
89166250643
89057055943
89169651573
89199475943
89166103643
89096735943
89109717943
89197427143
89109325943
89176154643
89991189943
89197979143
89066259943
89106465943
89178442573
89158769143
89157832573
89011183119
89037241573
89057957943
89096307663
89107229808
89096674119
89198062019
89167583119
89166572019
89156414208
89169852019
89806254208
89808245452
89179191119
89806324208
89166555452
89179093119
89169917663
89177821119
89168989808
89069324208
89158324208
89199654208
89991181119
89806244119
89099186552
89169332019
89991165452
89991186552
89106578763
89809667663
89179459808
89806796343
89108261119
89168901119
89196967663
89158224119
89807434343
89039439208
89096218343
89291174019
89038674019
89197383019
89157028343
89196791919
89158105208
89107075208
89177866343
89099476343
89166476343
89169226343
89159197452
89107520808
89156820808
89098431919
89066299208
89099037452
89106349208
89168880808
89179553019
89177613019
89771183208
89097643019
89067600808
89178400808
89771173208
89807883208
89169001919
89167433019
89178181919
89059801919
89059694019
89771116208
89107061343
89039572919
89166229763
89261163208
89261194919
89039871343
89059351343
89109091343
89178628552
89176463208
89169674919
89058603208
89198266208
89036117208
89106538552
89198558552
89167409763
89196298552
89991169763
89067220208
89037020208
89036156208
89039064919
89157919763
89108412919
89176021343
89167830208
89056741343
89037193208
89067879763
89168981343
89036913208
89198896452
89179740343
89991182208
89251171208
89011170343
89106091208
89107774808
89038258452
89179897343
89107746452
89059154808
89261199452
89011168452
89108164808
89109949452
89159656452
89198387343
89991166119
89156630343
89057049452
89157578452
89807107552
89109460343
89169232208
89168407552
89011166763
89067572343
89198653452
89251163452
89068963452
89179872119
89198115019
89177606763
89156566763
89168745019
89991176763
89251192343
89806030552
89106020552
89177537552
89991119343
89177942343
89069800552
89199900552
89179032343
89991160552
89291167552
89179122343
89197282119
89177242119
89167402119
89167493452
89808414763
89038839663
89179418663
89158950452
89991195663
89169863919
89168774763
89109006663
89808986663
89157076663
89991192808
89011187763
89106437763
89169356663
89176821452
89168065663
89178830452
89177649663
89011183808
89159011452
89169779663
89176348663
89197353808
89176729552
89167383808
89168185763
89198295763
89108963808
89108871763
89158597808
89098698919
89106354452
89196208919
89991117808
89107320763
89169157019
89157619552
89178437808
89036832452
89176813808
89991111763
89011161808
89108040019
89097640019
89199853763
89991118808
89037161808
89177173763
89168586019
89991161808
89291175119
89168991808
89807658808
89058798808
89177870919
89197210019
89158910019
89106120019
89176831808
89177965119
89108741808
89198311808
89157780019
89157660919
89098141808
89199358119
89167933763
89166519019
89059853552
89058162663
89178419019
89179285808
89251174552
89158805808
89179391663
89291175808
89251191019
89198266919
89166291019
89199844552
89069371019
89196198019
89179798019
89168525808
89696021019
89637800119
89869290119
89669831019
89638448019
89668889019
89647193552
89859660119
89629241663
89626519119
89689317119
89678891552
89659051552
89658814663
89669627119
89859204663
89697089919
89639925919
89677925919
89837407119
89857415919
89626109119
89868009119
89698702552
89637102552
89679811552
89866587119
89857299919
89839402552
89696496563
89698681552
89869260663
89646883152
89361174219
89857804219
89686315473
89687493152
89656946563
89649277673
89677738752
89856206563
89647556563
89867093152
89658703152
89697533152
89839256563
89629743152
89866856563
89666696352
89856888752
89676604352
89856202008
89637894352
89638050819
89686340819
89648390819
89699408352
89868227473
89657477473
89629506352
89699869219
89866393008
89657086352
89857935219
89656921908
89649003008
89868654352
89869577473
89866020819
89361178352
89838153008
89628368352
89621111908
89676196219
89836747473
89668940219
89636774908
89698151352
89666551352
89676675352
89856882908
89867194908
89857614908
89867134908
89859708563
89868435352
89668802908
89859199752
89628230219
89666041352
89646448563
89837830219
89629513219
89629323219
89686916473
89868923219
89866033219
89859072219
89839883352
89837339473
89697056152
89639476473
89656154819
89866503352
89638189473
89867936473
89869976473
89686849473
89679337352
89669600352
89866554819
89688967352
89657801219
89856321219
89628188473
89696462152
89838696752
89866153473
89581173473
89581116752
89868550563
89867472152
89839592152
89867792152
89698369352
89857976752
89679102352
89868720563
89836738219
89858789352
89656542352
89678812152
89667565563
89647723473
89857965008
89837960563
89856732352
89838716673
89581182819
89649366673
89688144752
89581175673
89676125673
89679009673
89647180473
89676637752
89859269673
89868010473
89869210473
89581165673
89686432819
89689281473
89647057752
89836478673
89628900473
89637653819
89686128908
89868639563
89581195752
89688503819
89678667008
89859955752
89868971752
89866955752
89686619563
89676587008
89858745752
89859947008
89639659563
89581119563
89687379563
89856131752
89867359563
89649248908
89658072752
89688318819
89869647819
89637491819
89677005152
89858541752
89636891819
89859816819
89649136819
89659226819
89868616819
89869363752
89679798152
89626356008
89581170908
89659198819
89866116008
89869176819
89669012752
89627186819
89676848152
89836566008
89628800908
89676616908
89866880008
89836848819
89581162673
89867296908
89699014563
89696066908
89669874563
89858004563
89856873563
89867251673
89669881008
89869820152
89856411008
89867152673
89867656908
89866165819
89689849008
89868479008
89867879008
89669339908
89667695908
89636683673
89698850673
89638414673
89688329152
89677803673
89856185908
89687575908
89629303673
89658277908
89638164673
89658257152
89659031563
89856117908
89639643673
89677293673
89669557908
89687767908
89868065908
89629079908
89836879908
89696185404
89646351172
89859184172
89581185404
89581172072
89687315404
89688458740
89868415404
89869897624
89656178740
89866138740
89637144172
89697114172
89858659872
89649916294
89869067624
89836407404
89627663072
89866584294
89646414294
89868896294
89689104072
89867974072
89859851951
89679638294
89696235175
89657899175
89678799175
89636413072
89869809175
89637723072
89677443072
89868577404
89629656294
89868564294
89686241951
89687434072
89649929740
89868644072
89839841951
89628018515
89658171294
89699905294
89656534951
89629885294
89637406175
89866505294
89859494951
89839351294
89866790175
89866690175
89689280175
89679812951
89627446175
89669212951
89649859740
89647888515
89687322951
89659486172
89687840294
89838953294
89856182175
89869486172
89858527294
89866216404
89037054552
89179190119
89166478019
89058181019
89108720119
89168546919
89199131663
89178431019
89177243552
89199723552
89166032663
89158513552
89168143552
89251193552
89197893552
89177901663
89158381663
89169013552
89097961552
89157495919
89199882552
89167461552
89178291552
89107037119
89068503663
89199603663
89158937119
89109645919
89169870663
89991169919
89991164663
89261169119
89159811552
89251181552
89058669119
89058181552
89168747919
89159232552
89067023663
89251184219
89176007673
89038527673
89108594219
89038574152
89167216563
89261164152
89011117673
89809497673
89196374219
89058125473
89199676563
89807613152
89167469819
89178137673
89991165473
89107961152
89038167673
89039384352
89196273008
89156134152
89179196352
89178396352
89991163008
89038264008
89056474352
89261191908
89011117473
89108055219
89771117473
89109808352
89066615219
89039708352
89109854352
89177854352
89176309219
89107486352
89059137473
89196300819
89158441908
89261184908
89068983219
89169262908
89261171352
89157827219
89157340219
89198391352
89099755352
89066436219
89069625352
89168336219
89106217219
89106045352
89167792908
89176092908
89108109752
89106554908
89097020219
89169309752
89991180219
89109356219
89178331352
89199731352
89199037219
89097465352
89157459752
89198565352
89198643219
89198579752
89199832908
89107541352
89169513219
89198257219
89159448563
89109857219
89099383352
89066074819
89166174819
89107836473
89098836473
89156214819
89107270352
89179666473
89291169473
89067946473
89179298473
89196777352
89196486473
89166486473
89099886473
89099319473
89056919473
89199686473
89159821219
89011193352
89197230352
89177747352
89011173473
89807640563
89108533352
89197933352
89159513352
89158241219
89197141219
89106785008
89176485008
89179729352
89808536752
89176773473
89809399352
89066158219
89057008219
89169015563
89168866752
89157766752
89156045563
89156509352
89177846752
89158520563
89156489352
89771160563
89991180563
89178049352
89011183908
89011118673
89771183908
89178322352
89197823473
89168888219
89159823473
89251193473
89261172819
89066323473
89036657563
89176902152
89058762819
89099672819
89109661473
89197382819
89251194752
89067694752
89291175673
89991197752
89108269673
89107189673
89107920473
89179898673
89809711473
89198199673
89166480473
89179910473
89158742819
89037160473
89059400473
89156711473
89069343908
89097432819
89771197008
89097257752
89197568673
89058423908
89109933908
89068484473
89036595752
89771174473
89036963819
89169885752
89991161752
89809058908
89068044473
89166790752
89156927008
89106025752
89069270752
89058435752
89108398908
89158938908
89108337819
89158299563
89196699563
89108119563
89177259563
89106800752
89167360752
89991168908
89096401752
89066585152
89066581752
89096133819
89097618819
89068618819
89251185152
89109196008
89097561819
89991163752
89066976008
89169303752
89169958819
89157045152
89806600008
89069208819
89199846008
89109338819
89806921819
89197338152
89108702752
89107221819
89176666008
89106843752
89196300908
89807440152
89199413752
89167548152
89251183563
89097353563
89099784563
89198640152
89251195819
89179185819
89991119008
89068329008
89771198008
89196229008
89991191673
89177406908
89168944563
89291176908
89807690152
89179498008
89178176908
89156445819
89156254563
89167524563
89179264563
89991181008
89067188008
89096769008
89069969008
89169361008
89179611673
89199843563
89066301673
89109093563
89157022673
89198213563
89991168008
89168513563
89166081673
89177029908
89178907908
89991185908
89178734673
89168994673
89067051563
89156971563
89067575908
89771119908
89099424673
89106769908
89096677908
89106410673
89011160673
89809569152
89098780673
89159437908
89099749908
89169049908
89168759908
89167042563
89098447908
89039389152
89108332563
89179860673
89807004175
89158741563
89806704172
89177651172
89067216515
89098583172
89179728740
89196892072
89059874175
89197928740
89991175404
89157997624
89176435404
89197811172
89167209872
89178446515
89036037624
89159381172
89197087624
89178268740
89251167624
89058212072
89159842072
89168134172
89168034172
89166442072
89199734172
89156529175
89196484072
89098016294
89059814294
89178271951
89809238294
89198917404
89056177404
89058998294
89056024294
89036499175
89809843072
89196020872
89179969175
89069080872
89806157404
89098621951
89991178294
89251160872
89099643072
89771183175
89176887404
89066948294
89169647404
89191111951
89198848294
89068314072
89157557404
89198767404
89158341951
89037953175
89808928515
89059828515
89199114951
89066915294
89168290175
89199666175
89098792951
89198198515
89157624951
89039356175
89107564951
89178631294
89196210175
89168756175
89809679740
89198664951
89066060175
89168111294
89177507294
89159657175
89166841294
89068486172
89291174872
89158461175
89159291175
89687363294
89666634872
89636416172
89679108404
89627766404
89698069404
89857292175
89856803294
89629370294
89689552175
89646280294
89638387294
89869120294
89857724872
89859124872
89581187294
89637668404
89649507515
89667967294
89647362294
89676583404
89678972294
89697239294
89658462172
89837123294
89686075072
89868573404
89626005515
89649208175
89698638175
89698655072
89689399294
89857025072
89678812172
89688567515
89836143404
89678074740
89866329624
89868185624
89679426624
89856250404
89696335624
89867463951
89658324740
89581198624
89657087740
89628964740
89869880404
89866287740
89638281404
89838612872
89656272404
89676427872
89866497072
89859707872
89869997072
89677637072
89637807072
89867604404
89869540740
89868104404
89698709515
89839128951
89839663872
89868592404
89857817872
89636420740
89867170740
89869498951
89698749515
89857189515
89859821740
89668493872
89647267872
89678453740
89686585172
89851111740
89669540072
89656695172
89866108172
89666328872
89857161872
89856886072
89869190951
89638870072
89698038172
89629500072
89678268872
89637330951
89839378172
89868670072
89658168172
89677832740
89838530951
89868688172
89636583515
89688495872
89857940172
89627385872
89656329072
89648291072
89856695872
89866216951
89869755872
89627978072
89677331624
89679742624
89868018072
89867178072
89669348072
89866246951
89696981624
89689311624
89636580172
89857881072
89686901624
89857542624
89868342624
89638450624
89657395951
89636594624
89697074624
89859197172
89697367172
89867995951
89856140624
89859782515
89628829172
89677517951
89626703624
89687469951
89856507172
89869044624
89626177172
89638419951
89689289172
89658632515
89868031515
89859779172
89647439840
89686516475
89679429840
89838143624
89869623624
89659705375
89629674184
89856374184
89837252062
89858914184
89857074184
89687698724
89866575375
89869108724
89361164184
89839638724
89656088724
89867322062
89637857604
89856312062
89581182062
89361163062
89627207375
89667405184
89696840840
89699714275
89869929184
89647990840
89686206275
89669369184
89696946275
89698069184
89637909184
89676398275
89626677375
89361164275
89691111962
89697260840
89869010840
89678981962
89859231962
89627400840
89637234062
89657196184
89699134062
89626634062
89581167375
89859694062
89698474962
89361191275
89667615275
89866616184
89581163184
89629271275
89666945275
89698655275
89361176184
89689825275
89869708475
89666420184
89857176184
89361180184
89658664962
89687265275
89858809724
89638443184
89686560184
89859256184
89857564962
89659232962
89867778475
89838042962
89667284840
89699583275
89656982184
89838633184
89626539375
89687991184
89867818375
89867096375
89688556075
89867714840
89869471184
89698376375
89626846075
89679009375
89687202184
89659021184
89868937275
89867821184
89669448375
89858042184
89869012184
89646239275
89679353375
89668096724
89857281184
89838611184
89679082275
89858257275
89858585062
89647306724
89627628184
89866252075
89859806724
89868336724
89869245062
89869306724
89656619275
89638737475
89839158184
89858008184
89668937475
89868477475
89687378184
89697465475
89686300475
89668865475
89639330475
89676212075
89689988184
89867202275
89859242275
89869765475
89687583962
89856012075
89867742075
89857043375
89628542075
89699261375
89699891375
89687674724
89856196604
89868272840
89867918604
89581182840
89689128604
89629903962
89656369604
89696920375
89868806604
89689431375
89669764724
89648880375
89656452840
89689487724
89857310375
89869756604
89858621375
89868360375
89639984375
89839348604
89639895724
89689540724
89361185724
89648671724
89857883840
89859795724
89698008962
89628590724
89667709475
89636969475
89669849475
89869298962
89688000724
89856564375
89868400724
89867500724
89678230062
89859841724
89676591840
89678186062
89839548962
89869123840
89581118840
89859472724
89868908075
89866330062
89637245075
89647803724
89699106840
89668790962
89867391840
89696146062
89667525075
89837616062
89629076840
89628226062
89858926062
89867770062
89858855075
89867956840
89667113724
89867421840
89629160962
89867678840
89856230962
89867641840
89859713724
89291166404
89197794872
89991191175
89107103294
89058736404
89156803294
89808187294
89198098404
89159720294
89058864872
89156066172
89199888404
89807439294
89011116740
89057341175
89106272294
89158757294
89198807515
89108062172
89771195072
89167339294
89198883404
89991182294
89107640515
89058527515
89157382294
89167475072
89771117515
89176615072
89108036740
89067206740
89057497515
89096008175
89109025515
89291189294
89096069294
89109555072
89099325072
89199089294
89198938175
89099556740
89097449294
89099559294
89107747515
89107979294
89771162872
89159459294
89011118624
89167879294
89169893404
89109396624
89808750404
89196061404
89156950404
89991173951
89808215624
89167040404
89166127740
89178974740
89198951404
89097058624
89068566624
89036775624
89159497740
89991177740
89108554740
89199920404
89169124740
89261186624
89991199624
89107259624
89179821404
89179749624
89159330404
89176378624
89991178624
89059300404
89807483872
89156688624
89196379624
89166322872
89057893951
89038401404
89036997072
89251182404
89057385740
89179462404
89158850740
89037163872
89159940740
89159561740
89069871740
89066051740
89198290740
89991175740
89166190740
89159692404
89059935740
89157545740
89106557072
89157259515
89197978951
89991165740
89166130740
89196013872
89098685172
89157262740
89158162740
89168418872
89157805172
89156635172
89098366872
89096290951
89169545172
89168008872
89179436872
89158176872
89196270951
89806786872
89098110072
89058352740
89067256872
89168025172
89158138872
89809148172
89178166072
89169131872
89177038172
89057078872
89178321872
89197960951
89069911872
89108132740
89196200951
89166232740
89011116951
89771161624
89059408072
89157948872
89158768172
89167296951
89056196951
89107285872
89196640172
89199282624
89197629072
89197751624
89166791624
89159929072
89108092624
89109871072
89178476951
89196276951
89198092624
89197545872
89198378072
89099979072
89176611624
89991169072
89807482515
89108141624
89157423515
89251184624
89991197172
89168973624
89166317172
89197091515
89179763624
89108575951
89039870624
89039777172
89179077951
89011179951
89068577951
89108719951
89037631515
89179849951
89157630624
89109979951
89158279951
89991160624
89106911515
89098943624
89068679951
89166247951
89196349172
89809714184
89037163075
89107093624
89991173075
89099929840
89178516475
89169862062
89808097604
89168834184
89177052062
89807754184
89159891075
89156306475
89011181075
89107208724
89039677604
89066256475
89108186475
89166243075
89166423075
89176288724
89156061075
89011118275
89109661075
89179602062
89169724075
89156414075
89771164062
89806736275
89068673062
89176773062
89167863062
89056805184
89109340840
89037805184
89176014275
89159497375
89261189184
89037924275
89167938275
89808944062
89098049184
89151111962
89198157375
89196148275
89807550184
89096362962
89106004962
89039427184
89107361275
89991185275
89179582962
89771169724
89096228475
89196055275
89069566184
89067492962
89159855275
89177777184
89109030184
89168887184
89178465275
89156830184
89068068475
89107184840
89057233184
89168818375
89156739375
89107516375
89039527275
89809636375
89169082184
89177340275
89197786075
89106227275
89196351184
89199116375
89199450275
89198406075
89069903275
89156056075
89808454840
89157316075
89156258375
89011166075
89038980275
89039454840
89169620275
89159646375
89807879375
89991166075
89176642184
89169649375
89059643275
89107043275
89066832184
89199322184
89158541184
89808752075
89096872275
89156153375
89771190475
89098240475
89166562075
89157382275
89196872075
89058203375
89197808184
89991176724
89096420475
89198798184
89197538184
89166630475
89039279275
89069087475
89158312275
89156559275
89109200475
89178468184
89991182075
89771182840
89159833375
89251184724
89261173962
89158084724
89167618604
89807744724
89158995604
89197027724
89038428604
89169251375
89991163962
89178451375
89168290375
89251192840
89179158604
89196645604
89176825604
89058489604
89098338604
89176369604
89108438604
89098631375
89059799604
89196264724
89107649604
89107000375
89169859604
89197188604
89991179604
89771173840
89037201375
89158343962
89168157724
89178022840
89197497062
89159133962
89176553840
89261161724
89096904375
89197117062
89066874375
89196828962
89158134375
89108837062
89291197840
89058808962
89199545724
89198308962
89107098962
89109547062
89178724375
89197469475
89199180724
89157602375
89167412375
89261111724
89809567840
89166500724
89158511724
89011118840
89098723840
89159957840
89106913840
89106367840
89168833840
89056253724
89109230062
89178982724
89038491840
89057861840
89069171840
89806826062
89069906840
89109926062
89158176840
89169026062
89096620962
89109146840
89197180962
89196156840
89068580962
89067750062
89069878840
89056000962
89158130962
89159788840
89067948840
89036101840
89058258075
89647385840
89659673475
89858833724
89859630075
89581182604
89868883475
89678015840
89659676962
89868966962
89869409062
89678300075
89869571062
89628764475
89667822604
89669311604
89836131604
89858238062
89629731062
89678368062
89639629962
89696184604
89839211604
89869880075
89648350604
89657534604
89866919075
89859184604
89628504604
89868417075
89856683604
89677367075
89687427075
89869027962
89678289962
89688277962
89869214604
89836451475
89628159075
89836724604
89627087075
89646422475
89678160604
89866237962
89668157962
89696301475
89361193604
89866689075
89867567962
89629954084
89686016484
89647583084
89859839775
89837239775
89656406484
89856962051
89669326484
89688693084
89629934251
89868844251
89866464084
89859075384
89837626484
89857004084
89857804084
89857615384
89638899775
89638611084
89581181084
89648965384
89868511084
89866999775
89867281084
89859909775
89859588675
89667339251
89866261084
89859482051
89838757594
89836507384
89859829251
89678755251
89698444372
89696375251
89679575251
89637946372
89867690775
89867645251
89656903051
89699559251
89647144051
89699679251
89676757384
89686816251
89856401972
89659074972
89658534972
89838396251
89639315372
89858561372
89659097251
89867251372
89626475372
89648669675
89659409675
89648424972
89868392972
89667802972
89688587251
89836925372
89868956251
89866664972
89866802972
89838412972
89688784775
89677896384
89689086084
89867953372
89687874775
89658428384
89626882251
89688590372
89686076384
89646846084
89868406384
89857106084
89581176084
89646224775
89836158384
89627446384
89867938384
89866446384
89868421251
89686162372
89869900372
89628143372
89646273384
89678650484
89628262084
89679303384
89666306675
89839450484
89647125484
89867490484
89839955051
89676087484
89668565484
89868446675
89687760484
89696748251
89361162775
89657691384
89676774675
89676014675
89867118594
89696306594
89856882775
89858794675
89581175594
89626155594
89697738594
89686345594
89868934675
89856971384
89867666594
89837244675
89839997675
89856375594
89638864675
89839617675
89837819594
89629564675
89687079594
89648479594
89867978594
89668153775
89869168594
89696840675
89868357675
89869901384
89639991675
89869284384
89859929484
89857304384
89677417775
89666035675
89867051675
89361198972
89696110675
89838525675
89626524384
89696842384
89649943775
89666843775
89869380675
89867910675
89656757775
89639041675
89867859484
89697308084
89657983675
89676718775
89837911675
89859643775
89859613775
89627373675
89697226775
89677370972
89859663675
89656488084
89638120051
89699981775
89629142675
89866578775
89689108051
89857380051
89678916972
89667195775
89667485775
89686605775
89639955775
89869051051
89581191594
89857782594
89867105775
89687218051
89628215775
89676500084
89639431594
89869409051
89676838051
89696531051
89361179051
89697501594
89836864484
89836438051
89637762484
89656562484
89866669051
89867758051
89866041594
89866884594
89658607084
89636415972
89581191484
89637517972
89638477084
89649054594
89866597972
89858909084
89667764594
89668887972
89866054594
89857547084
89639543594
89676949084
89839430594
89859102484
89666893594
89676729784
89677174162
89836301484
89866943594
89636016494
89657044262
89698436494
89688619784
89837058694
89867117584
89679964262
89679987584
89869638694
89626924262
89866099784
89629343162
89658461162
89688661162
89638241975
89676248694
89869544162
89581181975
89629641975
89866547584
89866994162
89677474284
89686463975
89867295262
89647044284
89659415262
89636492975
89629736284
89686720784
89637238284
89866744284
89689219262
89698637394
89859370784
89859970784
89668830784
89866220784
89867346284
89867077394
89869538284
89658130784
89647332975
89866265262
89868812975
89629221875
89859822975
89856932975
89866679262
89869968284
89649282875
89689282875
89669140262
89581118494
89677490262
89837753262
89666915284
89676625284
89637977262
89867205284
89626735284
89868226262
89649864875
89857325284
89867046262
89261196962
89179608062
89109795840
89198940075
89198741062
89251191604
89109844475
89108751604
89168929062
89107236962
89808452604
89069235840
89167345840
89058099062
89106554475
89156321062
89166620075
89178564475
89011193475
89057450075
89109460075
89197421604
89809968062
89807062475
89167961062
89771182475
89057001604
89197568062
89198022604
89771171475
89177807962
89179029962
89158729962
89158607075
89807724604
89106755962
89991170604
89011119962
89096617962
89809880604
89806457075
89109325962
89109820604
89169017962
89159354604
89177889962
89169989962
89199939075
89066521475
89771193604
89167760604
89178123604
89166941475
89991193604
89109739775
89109173084
89196054084
89109784084
89109574084
89039062051
89098083084
89039685384
89169463084
89177641084
89809198675
89109855384
89771164251
89066717594
89056998675
89106269775
89167946484
89038024251
89197499775
89167481084
89809223084
89196364251
89039887594
89098459775
89067261084
89099823084
89158687594
89197531084
89168343084
89808529251
89108501084
89108647594
89198594084
89809161972
89177982051
89178824084
89109396372
89066395251
89991185251
89291164051
89056016372
89108471972
89807477384
89037204051
89109664051
89057544372
89168355251
89168890775
89991166372
89067425251
89168875251
89261189251
89809831972
89177620775
89168676372
89251186372
89808060775
89178209251
89156956372
89198446372
89176199251
89156380775
89097465251
89177649251
89101111972
89198111972
89156623051
89157267384
89158357384
89807540251
89168748372
89168867384
89176681972
89261173251
89097107251
89157207251
89057073251
89038405372
89166227251
89176473251
89109974972
89108334972
89156874972
89156963251
89178975372
89159515372
89067735372
89176015372
89198635372
89991197251
89067576251
89806302972
89169598484
89176519675
89771181372
89168802972
89771118384
89039022972
89196993251
89166733251
89169529384
89096450372
89058582251
89108594775
89157696084
89178828384
89168390372
89158916084
89808810372
89066278384
89108421251
89199680372
89176212251
89771172372
89806223372
89156068384
89166659384
89107679384
89199593372
89169813372
89809527484
89106739372
89806275051
89991172372
89108562372
89158383384
89156295051
89036215051
89179303384
89109336675
89106090484
89159703384
89167915484
89156215484
89108708251
89166245484
89158235484
89198858251
89176869372
89157910484
89806082084
89166278251
89158149372
89808933384
89806839594
89177743384
89196130484
89107022372
89067143384
89806995594
89099513384
89106633384
89176202084
89196396594
89809266594
89107673972
89178940384
89199194675
89057371384
89057975594
89169066594
89178134675
89036775594
89199106594
89198358594
89169015594
89106035594
89098177675
89038054675
89156908594
89199169594
89097020384
89096077675
89808165594
89011160384
89158212775
89109079594
89039222775
89177900384
89291181384
89806295675
89808018972
89106157675
89159167675
89168923972
89991193972
89011194384
89098529484
89098807775
89196272384
89059795675
89158018972
89156861675
89991174384
89991194384
89771117775
89808998972
89068520675
89057320675
89109959484
89166265675
89198937775
89991178972
89251168972
89807141675
89806181675
89098743775
89059160675
89157947775
89058541675
89156033775
89158257775
89809290972
89807036775
89098690972
89159736775
89771190051
89096126775
89066258775
89109898084
89198026775
89808420051
89177280972
89158320972
89261178775
89159556775
89166278775
89167588084
89169822675
89159500972
89066700972
89099132675
89808453484
89099400972
89168281775
89066668084
89037233675
89771173484
89198568084
89179172594
89036561594
89069828051
89036651051
89156928051
89176891594
89166426972
89808386972
89107525775
89159215775
89178926972
89167635775
89109070084
89066899051
89039045775
89177800084
89169852594
89159400084
89178300084
89291160084
89109589051
89159565775
89179660084
89039868051
89166433484
89196484594
89011174594
89067207972
89198907972
89109185972
89056773594
89109627972
89107791484
89196863594
89096307084
89168527084
89169655972
89991190594
89159115972
89098409084
89097389972
89198724594
89199409972
89991169972
89099899972
89178031484
89107947972
89177500594
89168900594
89177679084
89058323594
89098718694
89167081484
89037584162
89199684262
89169418694
89178539784
89066761975
89166474162
89157574162
89166294262
89167974262
89991174262
89806098694
89251171162
89097593162
89109617584
89177593162
89011187584
89107709784
89098077584
89197889784
89199369784
89179498694
89197481162
89036378694
89059723162
89198579784
89261184284
89166467584
89809834284
89157107394
89807192975
89098794284
89197728284
89156475262
89107803975
89177215262
89806986284
89037392975
89196097394
89169825262
89261189262
89096638284
89178077394
89177554284
89057731875
89197964284
89261165262
89058421875
89056378284
89108788284
89067043975
89251181875
89108057394
89109741875
89059173262
89069695284
89771175284
89158829694
89178329694
89179061284
89807717262
89179882875
89096114875
89198234875
89107675284
89167997262
89261169694
89011119694
89096520262
89197624875
89177286262
89179120262
89197046262
89038019694
89198356262
89659830262
89668612875
89696742875
89688467262
89656248494
89581178494
89856487262
89867888494
89699772262
89866393262
89866841284
89639851262
89837529394
89857172262
89867796394
89858618394
89647516162
89836573284
89869061262
89678358394
89657258394
89699526162
89649598394
89658658394
89656376394
89678264784
89686838394
89869236394
89866746162
89866289394
89667130284
89581119394
89668911262
89687313284
89867659394
89869612262
89856488394
89867479394
89361193284
89667096694
89656218262
89866693284
89581118262
89689092162
89647966694
89658444975
89638866694
89858074975
89626275494
89687658262
89637846694
89637346694
89688754975
89648099284
89627254975
89858317494
89866977494
89638778262
89687859284
89856980494
89629760494
89648084694
89679129584
89697739584
89858482162
89636140394
89858193394
89676351394
89666705584
89839329584
89868839584
89581116584
89636706584
89869616584
89866528584
89656292784
89859536584
89669352784
89699819584
89838745584
89687152784
89676849584
89669168584
89628600394
89866642784
89837842784
89627111394
89868943875
89858679584
89697504394
89867953784
89646826975
89676644394
89689470694
89638876975
89696354394
89581170694
89638124394
89677702394
89866246975
89856309494
89679288875
89678778875
89867210694
89641111694
89687567784
89666008162
89679273694
89656873694
89869718784
89866023784
89581118784
89649075162
89676228784
89657306784
89858973694
89687118162
89659525975
89859626784
89837276784
89867718162
89626376784
89636786784
89639852694
89666480875
89627712694
89696868784
89868259975
89656196875
89869760875
89867060875
89628981784
89867701784
89866193694
89581162584
89637806875
89638074494
89868395784
89581174494
89629204494
89658015784
89867291584
89686758975
89688921584
89697178975
89678530975
89638860162
89637880162
89666313494
89837321584
89666941584
89687897162
89688223494
89866722584
89839200975
89648229875
89688672494
89859181584
89696217162
89687114584
89866663584
89866914584
89648469875
89666139162
89856927162
89581169875
89868659162
89858725875
89859377875
89649460584
89867580584
89867380584
89697767875
89687323584
89638739851
89639654094
89678104240
89687104240
89857433584
89856433584
89647728684
89856963094
89581172040
89629292040
89866127615
89867952040
89837552040
89869976504
89656824240
89869593094
89627389851
89867089851
89857554240
89867919851
89636734094
89678142040
89678829240
89678154040
89857888684
89669271884
89361164040
89689275240
89629264040
89856028304
89837590851
89649610851
89669456304
89639060851
89676179240
89857156304
89869521884
89638624040
89648024040
89869565240
89687007240
89866468304
89857967424
89858548304
89626707240
89657094884
89648574884
89677692884
89647308504
89626506240
89659599684
89649220240
89869070240
89856077240
89859338504
89688632884
89666221304
89636549684
89667160240
89838510240
89636348504
89867687240
89629859684
89636023240
89648648504
89687657240
89638313240
89657496094
89858247240
89629996094
89646151240
89838653304
89678644851
89581174851
89859894851
89668638424
89689589424
89689266094
89689487304
89688549424
89866178424
89658083424
89866760304
89869507504
89629239304
89628639304
89856850504
89688466684
89836340504
89858582304
89868145040
89868726684
89638965040
89869025504
89668822094
89676422094
89858377504
89869577504
89581178240
89646122304
89859359304
89628943424
89856793424
89867416615
89697997684
89869126615
89679854684
89868597684
89647019615
89869846615
89679178615
89697359615
89868746615
89657700424
89858837684
89857037684
89667213884
89361160424
89667793884
89836978615
89868468615
89638885684
89667882424
89666737040
89869229504
89869561684
89866163851
89836714424
89668254424
89647917851
89627227040
89866877040
89637149504
89696443851
89689732424
89868210684
89667113851
89636718851
89638883684
89866381684
89857923851
89837473684
89581191851
89837050884
89869266851
89866626851
89859576040
89858098094
89806687262
89068842875
89159402875
89159747262
89037101284
89069693262
89057441284
89068996394
89068961262
89168361262
89251194784
89177206162
89177734784
89167390284
89109846162
89197958394
89197936394
89178776162
89068386394
89178999394
89177652262
89107659394
89178767284
89251184975
89179653394
89806617494
89011198262
89096675494
89096808262
89157358262
89197408262
89098709284
89106870494
89157638262
89166722162
89179337494
89291160494
89159142284
89806662784
89107112162
89166447494
89068867494
89169157494
89166407694
89251196584
89069696584
89806706584
89168573875
89169685584
89106714694
89107134694
89107194694
89198428584
89771117694
89771198584
89809209584
89056244694
89197014694
89179990394
89106270394
89099625584
89108917694
89059425584
89196689584
89291186584
89066038584
89158554694
89177454694
89197130394
89197378584
89197711394
89807482394
89159601394
89159801394
89806473784
89098381394
89058333875
89098362394
89159441394
89991172394
89106716975
89156353784
89167627784
89156882394
89177073784
89159491694
89198363784
89038890694
89058155694
89176755694
89178744394
89167636975
89168617784
89156117784
89108489494
89176338875
89167538875
89809121694
89107956975
89157512394
89991119494
89991187784
89771162694
89101111694
89199378875
89158788875
89199723784
89107696784
89196048875
89099908162
89169039975
89096728162
89098028162
89771198162
89066028784
89168895162
89108315975
89159375975
89808865162
89261169975
89178720875
89169146784
89037686784
89068131784
89177630875
89101111784
89151111784
89261193694
89037468162
89066623694
89157143694
89039483494
89059372584
89198184494
89261195784
89108862584
89098627975
89169704494
89011197975
89099866875
89178206875
89158958975
89168877975
89179698975
89011180162
89037486875
89107512584
89178778975
89156711584
89157922584
89168547975
89108629875
89066797162
89179162494
89809563584
89011177162
89096371494
89176594584
89771177875
89198451494
89198403584
89176975875
89291170584
89108075875
89107170584
89107592494
89158537162
89251187162
89771189162
89066557162
89808123584
89807623584
89169665875
89106547875
89067200584
89069560584
89809195424
89168213584
89198293584
89159423584
89166723584
89771194240
89157596504
89058962040
89069962040
89059985424
89197427615
89107572040
89068255424
89167752040
89169015424
89198497615
89107346504
89179771094
89169709851
89197853094
89177437615
89199613094
89199359851
89199713094
89166478684
89158213094
89167431094
89261167615
89806496304
89107847615
89166501094
89197347615
89036063040
89168794094
89169148684
89176896304
89038395240
89177840851
89991194304
89809177424
89107526304
89108475240
89107206304
89291176304
89067525240
89109758304
89159170851
89991197424
89806821884
89097254304
89106024304
89159938304
89176909240
89156854304
89991199240
89157653040
89178559240
89198223040
89991188304
89109101884
89106534040
89068339684
89176462884
89177782884
89107163240
89196494884
89991171304
89261190240
89056655304
89166228504
89196244884
89991166240
89251170240
89106945304
89809099684
89109745304
89179797240
89991170240
89011119684
89037709684
89156569684
89197698504
89991198504
89058446240
89991165304
89809213240
89166100240
89107723240
89159001304
89066557240
89098284851
89771116424
89108983304
89157648504
89167933240
89109507304
89176684851
89058640304
89098351240
89097151240
89168906094
89178506094
89158244851
89106126094
89158889424
89197631240
89109802240
89196842240
89199812240
89056766094
89809983424
89199479424
89196288424
89197247304
89991168424
89291167304
89038779424
89169222240
89158313304
89176157304
89168685040
89169696684
89808228240
89167385504
89991185040
89291175040
89169882304
89807720504
89166372094
89167115504
89169745040
89167915504
89808556684
89056158240
89261177504
89178789304
89991169304
89291199304
89809288240
89099919304
89167632094
89198722094
89157322094
89806296615
89109532304
89067800504
89178832304
89251193424
89807039615
89106713424
89177082094
89196713424
89109767504
89057707684
89178784684
89069895615
89177918615
89166562851
89261191424
89106905615
89037934684
89166766615
89199936615
89157270424
89166038615
89056456615
89108059615
89809923884
89251168615
89098588615
89197032851
89806340684
89106833884
89199639504
89066473851
89177995684
89056705684
89107440684
89991171684
89068303851
89808959504
89199354424
89771168884
89038999504
89196524424
89251187040
89109510684
89107821684
89166452424
89199949504
89167279504
89177347851
89178511684
89056423851
89199101684
89196441684
89011116851
89107853684
89056605094
89771176040
89178786040
89011198094
89059071851
89159475094
89177363684
89157871851
89066818094
89107626040
89158145094
89167370884
89656690040
89678610884
89639646851
89869470884
89628110040
89581178851
89636422684
89697768851
89667493684
89627101851
89636751040
89636551040
89581184504
89868183504
89688415851
89659025851
89868314504
89667339040
89676070094
89869526884
89658659040
89637786884
89656631615
89856126884
89867898040
89697756884
89687812615
89856376884
89636079040
89638231040
89866431615
89646748040
89867881040
89669668040
89676584615
89657284615
89868050094
89859022615
89859393504
89626113504
89698782504
89361197094
89689940615
89868272504
89649763615
89679709094
89857207094
89628345884
89649080615
89638287094
89638431504
89361199884
89627637884
89667779094
89869631504
89677718715
89646329794
89699741104
89689729794
89839879884
89679427575
89581162024
89839816524
89697458715
89869352024
89839052024
89858905415
89627444224
89649689794
89868891104
89679777575
89657137575
89867246524
89867381104
89866465415
89581179794
89658214104
89869322024
89646454024
89649604315
89628448715
89677405224
89686864024
89867261894
89667990794
89867683024
89867714315
89687238315
89647124315
89648531894
89866045224
89867225224
89686343024
89699019224
89647079224
89649744024
89667479224
89837313024
89837019224
89868865224
89687185315
89659039715
89581183224
89869983224
89639715315
89859772894
89867883224
89627291315
89647945315
89837074894
89867315315
89639464894
89639968524
89867312894
89867742894
89626632894
89656457224
89868823224
89648327315
89669450315
89656973315
89678190315
89659574794
89868340315
89689508415
89646792224
89626806415
89668620315
89837720315
89636488415
89639868415
89696543315
89699422224
89857119415
89868287315
89867756415
89658081224
89869149415
89869630315
89637339315
89857347315
89361183415
89658950524
89676905024
89859033315
89627753415
89868282315
89868627524
89838305524
89669476715
89837305524
89581190524
89361198224
89868766715
89697812315
89869055024
89869455024
89687368224
89868010524
89678807715
89656962794
89866088224
89839732315
89628348224
89687290415
89647666575
89658603894
89689615575
89667258575
89688966575
89858271415
89866694715
89689135575
89677086575
89857444715
89868917715
89857689575
89688342794
89856124715
89697357715
89648011415
89678867715
89699923894
89688697024
89686573794
89839857715
89686105715
89699328894
89676814415
89859285715
89836627794
89627828894
89698670715
89659064415
89867177024
89669237794
89636052415
89859989524
89866154415
89689588894
89867120715
89836924415
89659981715
89659633794
89868037794
89581111715
89659108104
89868222415
89657305104
89856161794
89696403715
89678858794
89657770894
89867490894
89836328794
89659938794
89867876024
89856545104
89839776024
89866126024
89656730894
89649788104
89858756794
89867731794
89856742715
89626201794
89639595794
89859943715
89669605794
89638551024
89699603524
89627885794
89858128024
89867463524
89636418024
89698346894
89658610104
89668938024
89679011024
89696456894
89858810104
89856771024
89867146894
89699843524
89667931024
89867738024
89869152575
89858031575
89639741575
89867102575
89637597104
89679962524
89859261024
89659250575
89857881575
89637627104
89836495894
89859850575
89667467104
89866027894
89866440575
89858327894
89581175894
89688277894
89839371524
89581177104
89626597894
89699089894
89838592524
89667149894
89859479104
89837365894
89687295462
89657884124
89637414272
89867507651
89869773124
89668406540
89676591124
89859174124
89639845462
89636525462
89868151994
89868894272
89668576540
89676558704
89868355462
89867928704
89658909824
89677338704
89697577651
89867635462
89637581124
89658659824
89688943124
89866711124
89859669824
89866569824
89638544124
89839959824
89656448704
89666924124
89866023124
89678140824
89637685272
89858501994
89857441994
89656705272
89699014324
89696955272
89866785272
89581190824
89629066324
89657809272
89857355272
89637264324
89639756324
89627510824
89677542994
89659565272
89696542994
89687888324
89667900824
89669981924
89688893994
89859130824
89636983272
89659161324
89857013994
89639485324
89858648324
89868553272
89866462924
89581161324
89809126040
89106055094
89106798851
89157236040
89199336040
89056820040
89166446851
89011111851
89808932684
89808958094
89197880884
89156856851
89166530884
89809930094
89808540094
89038880040
89179322684
89176248094
89166380040
89167900884
89159723684
89991111851
89808841040
89197658094
89066330094
89107651040
89158351615
89199814504
89168571615
89096815851
89058244504
89158066884
89036115851
89158215851
89291178040
89066018040
89036399040
89167510094
89059686884
89166265851
89179179040
89806862504
89106001615
89166643504
89177789040
89167268040
89197981615
89166868040
89166923504
89167123504
89169653615
89159785884
89196861504
89251194615
89056371504
89991194615
89097903615
89097725884
89169080615
89176787094
89771111504
89168260615
89167960615
89197393615
89199922504
89011116524
89771174224
89096133615
89196718715
89176033615
89806894224
89036007575
89039939794
89199084224
89158995415
89167618715
89066064104
89197827575
89176274224
89107864104
89039406524
89197352024
89809521104
89108676524
89109917575
89177635415
89108081104
89807765415
89157021104
89158281104
89178864224
89066881104
89178813104
89198643104
89166543104
89066801104
89106724104
89159982024
89069696315
89108796315
89096063024
89179354024
89179418315
89291185224
89097563024
89057039224
89067385224
89036154024
89159829224
89179729224
89099304024
89056074315
89168914315
89067106315
89108255224
89159675224
89251169224
89158693024
89167280794
89109099224
89107937415
89178210794
89106978315
89196931894
89199078315
89108244024
89108160794
89109311894
89198111894
89991188315
89251167415
89039595315
89156329715
89068591315
89068851315
89156040224
89038751315
89036905315
89067863224
89158515315
89068555315
89158415315
89991170224
89037370224
89198489715
89196308524
89251198524
89107137224
89168652894
89158356224
89156380224
89196521315
89291178524
89178442894
89039122894
89156822894
89011118415
89196779715
89178901315
89157148524
89167701315
89159581315
89178662224
89179661224
89199851224
89156526415
89166892224
89169376415
89167217315
89177056415
89158124794
89166499415
89806132224
89159531224
89178337315
89036102224
89107268415
89058011224
89177668415
89168233315
89807845024
89808755524
89178316715
89179685524
89109216715
89178795024
89108690524
89106426715
89197863415
89168545024
89156875524
89057825524
89771186715
89198846715
89109238224
89809787524
89156410524
89196769315
89168655024
89156999315
89039052315
89098659315
89107442315
89036222104
89011184715
89108057524
89159560524
89807340415
89807363894
89159716575
89167773894
89196250415
89251171415
89167614715
89107666575
89038455575
89097492794
89197008575
89166070415
89199675575
89167569575
89178609575
89169738575
89109924715
89106519575
89991186575
89179012794
89177456575
89156621415
89058800415
89158800415
89097681415
89196757715
89196048575
89179283794
89109984415
89809715715
89197662415
89991197024
89178963794
89036507024
89771198894
89108192415
89069997794
89197845715
89177297794
89261177794
89177420715
89179424415
89096399524
89176810715
89059712415
89167012415
89176030715
89166230715
89109633794
89068962715
89156385104
89168096794
89168072715
89011191794
89159083715
89178261794
89806706794
89176175104
89157228104
89177851794
89196271794
89166806794
89059966794
89176703715
89106758794
89039376794
89096192715
89097836024
89109746024
89168670894
89806488794
89197578104
89156986794
89166778104
89106078794
89099988104
89197750024
89067043715
89159158104
89991181794
89107896894
89179172575
89991162575
89167995794
89036263524
89198728024
89179561575
89058475794
89199591024
89106915794
89198436894
89179675794
89176739024
89066210104
89011180104
89198238024
89059202575
89097542575
89058531024
89039931024
89039561024
89807434575
89167740575
89178234575
89107667104
89109137104
89177477104
89038989894
89169539104
89097680575
89168664575
89261187894
89771167894
89106379104
89037679894
89169179894
89771118704
89166481524
89199201524
89991193575
89011164124
89198339824
89059474124
89107985462
89196395462
89196773124
89039791124
89169836540
89198766540
89196455462
89106725462
89179489824
89177771124
89107238704
89039064272
89011111994
89056979824
89197513124
89109211994
89059968704
89196844124
89067201994
89036934124
89197981994
89199029272
89251161924
89176316324
89261163994
89261171924
89011176324
89106063994
89058491924
89039714324
89159227462
89179814324
89991191924
89109874324
89037506324
89809820824
89179206324
89169345272
89261177462
89991177462
89199810824
89196719272
89158686324
89107552994
89066712994
89157231924
89291187462
89098212994
89098847462
89167242994
89179542994
89167779272
89991111924
89067023994
89036441924
89069629704
89058953272
89639244924
89361194924
89647197272
89868963272
89868071324
89837866272
89688937272
89648780272
89856235324
89688268540
89647522924
89698578540
89699011324
89689173324
89639382272
89857113272
89858862272
89866129462
89629406462
89647997324
89666236124
89869934824
89859234824
89638469462
89688210324
89837517324
89869276462
89626146462
89361164824
89649742272
89676421272
89647522272
89699330324
89361160324
89639701272
89678881272
89636082324
89866584994
89836683462
89686444994
89581175540
89581197540
89857158272
89836720540
89658787540
89857869324
89858024994
89689522324
89837156704
89858442324
89857959324
89839888272
89869660540
89856767540
89869907704
89581174704
89629327704
89656636651
89658789651
89856592824
89677819651
89838897704
89838846651
89869220462
89677532824
89657160462
89637147704
89869386651
89627859651
89658629540
89628033924
89639705704
89689782462
89857829540
89838495704
89678644462
89867605704
89677409540
89857606994
89867270704
89659742462
89856192462
89859577824
89648900704
89658343824
89857364462
89628830704
89867387824
89867288924
89856342462
89669153704
89838332462
89866243824
89869813824
89686018824
89668395124
89638735124
89686095124
89676515994
89677803704
89581116824
89627095124
89688155124
89676489994
89688758824
89868418124
89868136824
89626269994
89361168824
89837302704
89626921824
89868988124
89857222704
89858883540
89626744540
89868890994
89699000124
89669478994
89838764540
89869722651
89666383651
89666840651
89689395924
89856513540
89836401651
89859241651
89581119124
89679505924
89648990651
89648477124
89666235924
89689227124
89859263651
89659599124
89581117924
89636565924
89856487124
89626437924
89649601540
89646767924
89636233651
89699833651
89689654140
89637283140
89638454140
89628584194
89867796572
89867304194
89646158772
89677625440
89646624194
89667086572
89866569862
89837124194
89868731984
89857019862
89858065440
89361181984
89656627440
89636571940
89836740862
89868261940
89866216362
89658035194
89867266362
89639124362
89687569194
89679009194
89687686362
89698956362
89838992984
89857024362
89697322984
89699230862
89658221940
89857521940
89638081940
89629332984
89656740194
89868996194
89656355362
89867571362
89649664940
89639652940
89658856194
89857277194
89361199772
89686630194
89636465362
89858909772
89668032940
89678079772
89629330194
89668213194
89686718440
89866368572
89859979772
89838281362
89677882194
89699034862
89866604862
89868086140
89866350362
89866528440
89581170362
89676369440
89676089440
89637386440
89698610362
89697731194
89688722194
89859264862
89626552194
89679968440
89666457362
89866960362
89636039362
89868511194
89689185572
89658104984
89698085572
89857233362
89647174984
89656844984
89636115572
89867682362
89657346772
89638409362
89626866772
89581189362
89836225572
89858619362
89637547572
89658122362
89659142140
89867532362
89667485640
89859867572
89867048194
89638891440
89646794772
89858872862
89668666640
89689903940
89581171440
89859314772
89867325640
89686578640
89686659640
89686179640
89869046640
89867869640
89839099640
89627137772
89696281440
89836919640
89859931440
89859210440
89867611440
89679173862
89696753862
89838241440
89637905772
89839618940
89689644440
89869195772
89839973862
89868571772
89628725772
89638864440
89839969572
89646679572
89641111772
89859237862
89857442440
89868293862
89838668940
89196605324
89169963272
89179414924
89107190272
89097955324
89158406272
89167928540
89807877272
89106370272
89179076272
89099576272
89167724924
89107769704
89166399704
89807267272
89771167272
89108159704
89177159704
89261160272
89109088540
89199543272
89169067272
89039341324
89107457272
89199693272
89196483324
89157086124
89176673324
89809217324
89068428462
89109606124
89179974824
89156376124
89108497324
89177997324
89197636124
89038398462
89158489462
89178469462
89157020324
89179731272
89991180324
89058231272
89106812272
89068943324
89037518272
89158096704
89109362124
89991184994
89168616704
89196840540
89166314994
89156790540
89106377540
89176198272
89107399324
89096737540
89067437540
89166364994
89197687540
89158365540
89157865540
89991187540
89067322324
89197100540
89166400540
89261167540
89056993462
89059423462
89176482124
89159629651
89198033462
89057253924
89097704704
89808706651
89039118651
89199039651
89196229651
89168453924
89176029651
89039606651
89168551462
89196828651
89056592824
89056998651
89177770462
89011187704
89109346651
89806265651
89157299651
89097819651
89771193924
89177587704
89771184462
89107288651
89166532824
89011195704
89807495704
89178148651
89106107824
89069418924
89097573824
89011190704
89067973824
89167274462
89158991704
89178761704
89038236994
89179026994
89167258924
89806902462
89066052462
89178186994
89178031704
89159764462
89069387824
89066430704
89109060704
89179642462
89199687824
89198230704
89037222462
89056332462
89197443824
89106848924
89167957824
89157623824
89178685124
89038129994
89991173704
89807898124
89178975124
89178050924
89156526824
89771180924
89168398124
89177269994
89177645994
89196745994
89037780924
89176565124
89166278824
89261168824
89198322704
89178700924
89179048124
89107441824
89199881824
89198333704
89039762651
89097018994
89199672651
89107850994
89158485824
89991116924
89106091651
89106691651
89199127994
89059726924
89107155824
89196826924
89057176924
89199476924
89107410124
89156925824
89167098994
89991177994
89991170124
89199900124
89167100124
89291160994
89809253651
89057147994
89197380124
89066841651
89107201651
89199633540
89176533540
89177833540
89177207924
89196153651
89199404651
89251185924
89198195924
89178627924
89058034651
89056729124
89197971540
89068490651
89039709124
89109035924
89156445924
89159099124
89168889924
89251164651
89098652540
89099537924
89069910651
89197799924
89169631540
89251179124
89159452540
89199052540
89157665924
89158889124
89159232540
89197681540
89169084140
89169618772
89176871984
89169871984
89807446572
89109475440
89038293140
89096945440
89069871140
89199093140
89167608772
89158521140
89156389862
89808049862
89809279862
89109099862
89199886572
89157486572
89196803140
89261179862
89159188772
89808018362
89107641984
89197444140
89098781984
89069307440
89097184362
89168172984
89168567640
89991162984
89107662984
89106918362
89066682984
89107240862
89168174362
89166728362
89198606362
89809220862
89807646362
89069044362
89158103984
89176803984
89039670862
89108417440
89178097440
89196776362
89056589194
89169919194
89178656362
89251187440
89808741940
89067559194
89177212984
89179878362
89059843984
89039568362
89159121940
89176911940
89177288362
89198443984
89177447440
89167523984
89177713984
89166281940
89809682940
89108581940
89179041940
89066118572
89806266194
89178516194
89167553194
89056116194
89109550194
89159071362
89059515362
89109655362
89096608572
89178292940
89179992940
89807965362
89168120194
89196286194
89261187194
89098659772
89166565362
89197987194
89156688572
89107781362
89107829440
89156253362
89158772194
89198516440
89108594862
89157651194
89011169440
89066703362
89809538440
89096026440
89178244862
89251192194
89011119440
89806978440
89108008440
89108046140
89167370362
89261180362
89179386440
89167852194
89261178440
89157919440
89198399440
89291187362
89011181194
89108630362
89106543362
89099748440
89036657362
89157996772
89991184984
89291185572
89108373440
89098185572
89198492140
89178628194
89011117572
89179374984
89169426772
89097136772
89066792362
89196158194
89039870572
89251180572
89199238194
89198299362
89166519362
89198020572
89991164984
89197599362
89179099362
89158580572
89167802362
89106930572
89807682140
89199802140
89036884772
89108772862
89097395640
89199727772
89169814772
89159134772
89196355640
89196674772
89261192862
89168346640
89991189640
89261186640
89196320440
89251178640
89011181440
89197152862
89106942862
89057665640
89197711440
89156142862
89179659640
89169060440
89991168640
89291188640
89037948640
89159613940
89177643940
89251193940
89179857772
89038672440
89159253862
89807003862
89199440772
89771197862
89177528940
89067403862
89038392440
89068358940
89167817862
89156876984
89037298940
89167309572
89176109572
89066199572
89109086984
89157877862
89178410772
89178652440
89059212440
89166331772
89178278940
89199102440
89068822440
89059500772
89158378940
89251181772
89159547862
89198493862
89177533862
89636193862
89678628140
89668428140
89649373772
89869433862
89639075140
89856282772
89649545140
89866095984
89837763772
89866851862
89699398862
89637152772
89838258862
89837108862
89868838862
89866138862
89679368862
89681111862
89638578862
89866949984
89648718984
89687640140
89866213772
89628072640
89687851640
89637390984
89696544572
89687270984
89649690984
89838940984
89656217984
89639370984
89836534572
89836275862
89666238984
89856666940
89581192640
89657080984
89837708984
89866570984
89868445862
89639687984
89858180984
89856310984
89629160140
89658848984
89676913572
89646633572
89648384640
89861111640
89698840640
89678939940
89838723572
89856113572
89646971572
89696914640
89838027940
89868851572
89677947140
89581170640
89626277140
89676569940
89869625940
89648612572
89647349940
89869199140
89699032572
89699332572
89869530640
89697707662
89629467940
89857013640
89866549140
89856541572
89636514204
89858354115
89668904115
89649591115
89866454115
89866262015
89857095451
89627392015
89647493115
89636755451
89688855451
89859092015
89867626551
89868008762
89647556551
89869724204
89361187662
89699761115
89699223115
89667144115
89638688762
89649242015
89649882015
89858778762
89866934115
89581118340
89361185204
89626995204
89649044340
89687245204
89867291915
89658709204
89866908340
89867609204
89869509204
89649887451
89858869204
89869969204
89637294015
89638594015
89869110804
89869949204
89868159204
89361111915
89858947451
89667240204
89676461340
89659982915
89869114015
89859381915
89669071340
89657114915
89629273204
89686128551
89697574915
89869395340
89857190204
89838944915
89869097204
89857824915
89697965340
89638311340
89668518451
89866342915
89857122915
89868848551
89666491204
89657034804
89678616115
89361192204
89686277340
89856216115
89679610340
89697164804
89838926115
89627402204
89869466115
89869612204
89659341204
89648941204
89626133340
89646415551
89669215551
89858562115
89868155551
89868717551
89686880551
89686032115
89686165015
89857308204
89629280551
89678459340
89658459340
89689188204
89697922340
89647396662
89656285662
89866613451
89856968204
89866567551
89868372804
89867085662
89628505662
89687244762
89868994762
89581175662
89647235662
89699498662
89838903915
89857445662
89667243915
89688247762
89867080451
89857980451
89866337762
89687081451
89857542804
89858049662
89646653804
89669397015
89698129551
89858757762
89856948662
89857641451
89859457762
89869962451
89581118915
89649215762
89859461762
89659892451
89866203804
89656989551
89646309551
89856444451
89859827015
89627298915
89688110762
89868120762
89869180762
89669222451
89687847804
89658548915
89648530015
89639496804
89851111762
89866848915
89581185115
89668195115
89857872762
89581118804
89838018804
89866586015
89856140915
89629151804
89658466804
89869475115
89859006015
89581176804
89669352762
89858255115
89867436015
89836710015
89637111804
89676296915
89699783551
89857700915
89649653551
89648085804
89626272662
89678074551
89866908015
89857882662
89858606915
89638486915
89866892662
89646131662
89866235804
89858070115
89626578015
89669880115
89859338015
89677568015
89837011662
89857441662
89869541662
89686674662
89836729915
89646607115
89869461551
89677217915
89859194662
89646017915
89837403662
89667631551
89669547115
89361199915
89857489915
89677549915
89668330662
89837447115
89858537915
89669823662
89637579915
89836919915
89688484151
89869321551
89698749115
89867811551
89647539815
89679185472
89869941551
89867584151
89679991151
89639555472
89858141151
89857662004
89866714215
89647509815
89647521151
89867091151
89859725472
89839746562
89858198751
89839038751
89838225472
89858138751
89689459815
89868487672
89629347672
89669148751
89638473004
89647054004
89688174351
89836657672
89687275215
89696234351
89857504351
89698293004
89668415215
89686555215
89639624351
89678698351
89866526351
89697477472
89667099215
89657899215
89869277472
89808485984
89108967862
89166113862
89158818862
89771195140
89108329984
89059850940
89109940940
89039391862
89167650940
89806958862
89158045140
89197276862
89771165140
89106655140
89067452772
89771196940
89108459984
89196260940
89198822772
89197221862
89291181862
89109301862
89066301862
89057332772
89156968862
89196548140
89156581862
89156568140
89991196940
89807436940
89059216940
89166340984
89169591640
89199327984
89991174572
89106791640
89196074572
89199551640
89991194572
89809990140
89067906940
89109244572
89059526940
89108370984
89157692640
89991197984
89106890140
89157137984
89176452640
89176210984
89807253640
89199311640
89197100984
89991111640
89056639940
89179272572
89166462572
89158127940
89158017140
89199473640
89066859140
89096745940
89159645940
89166745940
89037989940
89097164640
89159024640
89157047140
89108031572
89166931572
89167080640
89056949940
89159630640
89159549940
89159302572
89291111572
89097079940
89106643640
89198741572
89177684204
89251195451
89169929804
89197004204
89176229804
89251172015
89808236551
89176405451
89179605451
89291175451
89168934204
89168114204
89179615451
89107544204
89097621115
89037677662
89176009804
89066278762
89069587662
89261179804
89056565451
89011163015
89011196340
89261184340
89097484015
89159439204
89067271915
89771117451
89036464015
89178175204
89167726340
89806819204
89199176340
89196309204
89178776340
89098377451
89067854340
89109178340
89179731915
89251168340
89809441915
89108388340
89097243015
89197921915
89011162915
89169568340
89179533015
89058067451
89109172915
89036467451
89108834015
89156962915
89039553204
89158050204
89167894915
89158994915
89159614915
89096975340
89169674915
89197766204
89039658551
89169798551
89109320204
89809559762
89098010204
89197024915
89059152915
89199052915
89261160204
89037149762
89066632915
89159611340
89291181340
89291188551
89038357204
89039747204
89039513204
89199601340
89176223204
89197953340
89109253340
89179139451
89158716451
89196286115
89107127340
89058461204
89176491204
89261191204
89039906115
89199163340
89038703340
89038144804
89056156115
89808920340
89166490340
89036408451
89808452204
89261180340
89066510340
89156786451
89991186451
89059187340
89178802204
89059268451
89771196762
89107188451
89166130340
89159111204
89771118204
89096447340
89066201204
89197557340
89198739340
89251182340
89058107551
89178783451
89059862115
89107728204
89056806762
89176792115
89157190551
89107535551
89038558204
89159708204
89176786762
89177299340
89199100551
89991188204
89809161451
89036293451
89036642115
89157593451
89179723451
89166702115
89809050451
89771116662
89108223451
89199962804
89179283915
89096885662
89807114762
89199716662
89199083915
89169762804
89099561451
89159440451
89066934762
89106003915
89168158662
89196599662
89166510451
89109468662
89108668662
89169760451
89158560451
89011195762
89037332804
89808791762
89038333915
89176639551
89771167015
89036727804
89261194451
89109573804
89109994451
89176140762
89991194451
89057871762
89806570762
89158463804
89169863804
89199151762
89198927015
89058980762
89809130762
89179737804
89106552451
89036852451
89106752451
89198437804
89178337804
89251187804
89036049551
89806496804
89101111762
89036532451
89197868915
89198468915
89106181762
89197301762
89109630015
89167083762
89156272762
89198472762
89169472762
89261173762
89057096015
89197150915
89067415115
89108956015
89167816015
89159751804
89168390915
89198103762
89197345115
89179836804
89807470015
89169756015
89991176804
89991192762
89066820915
89198536015
89771180015
89097620015
89771193762
89158221804
89991188115
89178700915
89198484551
89107595804
89039661662
89157482662
89197441015
89991185804
89167434551
89199034551
89166436915
89107159015
89107909015
89066744551
89109918015
89069425804
89158866915
89198298015
89109018015
89198135804
89167510115
89809542662
89199720115
89159811015
89098681015
89107742662
89808793551
89156342662
89066901015
89109813551
89159532662
89107549015
89039962551
89097983662
89156868015
89196407915
89991193551
89199772551
89179939915
89991119115
89036782551
89196640662
89097234662
89159614662
89168255915
89808124662
89771164662
89039127115
89178897915
89771119915
89198531551
89066549915
89056479915
89109811551
89099501551
89106157915
89771118751
89036157915
89097285472
89807374215
89196651151
89178027672
89158105472
89196194215
89156472004
89168534215
89167564151
89991166562
89011177672
89177891151
89251189815
89011187672
89806065472
89109489815
89096286562
89178956562
89291187672
89157078751
89251161151
89108712004
89158701151
89197479815
89159423151
89196167672
89176367672
89109342004
89067273004
89251195215
89056454004
89098516351
89177740815
89159684004
89166573004
89157654004
89159061904
89068140815
89099561904
89157414351
89106766351
89038755215
89066015215
89099808351
89159875215
89198036351
89156826351
89291176351
89198608351
89179135215
89168720815
89179409215
89991169215
89291177472
89039709215
89179254351
89198077472
89167337472
89156153004
89649503004
89698314004
89867643004
89856187472
89629600815
89858121904
89658416215
89687994904
89858048351
89689506215
89697606215
89867040215
89839128562
89676838562
89867044904
89858335351
89679678562
89678765351
89686302904
89836238562
89627110215
89669422904
89649688562
89869552904
89639781351
89689896151
89839932904
89866723215
89867893215
89648574815
89649276151
89867796151
89867096151
89361190351
89647297351
89839526472
89838863351
89859971215
89857066472
89868617351
89856517351
89639821215
89868169472
89666087351
89647249472
89677911215
89361172351
89698873472
89857957351
89677895004
89638892151
89856139351
89856207562
89657128215
89869292151
89869335004
89677198215
89581176751
89678937562
89668019351
89657637562
89857117562
89659749351
89361186751
89678030562
89867546751
89866265004
89649888215
89659962815
89687893472
89667157562
89867060562
89667618672
89698418672
89868088215
89856012151
89858679351
89699461472
89868893472
89657475672
89866640472
89629263904
89636592815
89858634751
89857274751
89867274751
89867903904
89639377751
89676810472
89859470472
89686910472
89837609672
89868558672
89688865672
89867677751
89698981472
89866287751
89859065672
89857237751
89687714472
89857584472
89858827815
89628074472
89867407004
89648924472
89688924472
89859558904
89696457004
89658380751
89858057004
89361179562
89656601751
89686447815
89581160751
89667983751
89838481751
89857667815
89636428815
89856805151
89857583751
89649392751
89859371815
89869156004
89869836815
89698165151
89647602751
89859786815
89361180004
89656548151
89628000904
89628448151
89837548151
89699605815
89687116904
89867048815
89688766904
89866051004
89699739004
89868334562
89868855815
89866676904
89859559004
89866056904
89868312672
89668333562
89629849004
89629001672
89637540672
89361183672
89637783672
89361195904
89688773672
89636761562
89636374672
89656590672
89857527904
89656763672
89858095904
89649127151
89649392562
89687054672
89626315904
89677024672
89698410672
89649899151
89668064672
89678131562
89659764672
89856809904
89629047151
89667642562
89837189904
89868909904
89858377904
89639843672
89866952562
89866931562
89836760672
89869000672
89669004181
89839723672
89361174164
89699405405
89689441164
89678406514
89679636514
89859541164
89646144181
89696071164
89658177626
89838674181
89839404164
89649519864
89679059864
89666632064
89669581164
89856035405
89678465405
89838356514
89869854181
89696779864
89656612064
89666642064
89867222064
89678384064
89857323164
89626254064
89687174295
89636055181
89687758295
89668809181
89869704064
89696199181
89656320864
89656769181
89867315181
89857008295
89866745181
89866853064
89866586295
89581165181
89677088295
89699668295
89697283181
89867500864
89866847405
89869407181
89868124064
89867529734
89648174944
89859950181
89839585295
89679997181
89686292944
89869671295
89839114944
89858134944
89696646181
89667889734
89676280181
89647164944
89866397181
89637987181
89627887181
89666922944
89659832944
89857987181
89836265295
89698213181
89837600181
89859747181
89629623181
89677673295
89839172181
89869996164
89688444864
89857916405
89836191181
89856751181
89867244864
89581197295
89836398405
89867420295
89581164864
89636522181
89361187295
89696047295
89678348405
89698167295
89858278405
89859787295
89836800295
89656773405
89646252164
89656752164
89627382295
89676526734
89866705514
89857475064
89647708181
89629336734
89668637514
89858135514
89361199295
89668987514
89866155064
89857969295
89647743405
89686500514
89638279295
89866486734
89856786734
89626642295
89629988181
89867947514
89869968181
89836067514
89657191405
89699171405
89666066626
89639871405
89677215626
89657703944
89688526626
89676744734
89689744734
89857366626
89627125626
89698337734
89639702864
89697965626
89686330405
89649893944
89679533944
89639201405
89867087734
89839879626
89868288626
89649082405
89866093944
89649150734
89676491734
89868557734
89656903864
89697571734
89676890734
89011167472
89056780815
89156565215
89167213004
89011196215
89291179215
89251179215
89038488351
89178060815
89178578351
89058214004
89168167472
89059234004
89808414904
89159729751
89106229751
89109495351
89199118562
89176704904
89291194904
89069761351
89037963215
89178275351
89196134904
89809724904
89771199751
89106256215
89167419751
89196686215
89067042904
89037300215
89177900215
89251167215
89106513215
89099796472
89771163351
89169796472
89177283351
89991196472
89156296151
89261194815
89097027351
89156528472
89056976151
89991166472
89106826472
89179998472
89176036151
89199776472
89159009472
89011188472
89158010351
89771118215
89806053472
89107611215
89097501215
89106562351
89069572351
89196585004
89159539351
89771190562
89166962151
89176950562
89196385562
89179085562
89991185562
89097795004
89107395004
89291190562
89177466751
89291170562
89157476751
89109209351
89099877562
89109665004
89809643472
89056059351
89011193472
89159960562
89056982151
89168982151
89261172815
89178223472
89098529672
89809551472
89058129672
89177118672
89109827751
89176985672
89159740472
89251171472
89197414751
89197005672
89108636672
89036906672
89197463904
89158845672
89057531472
89056056672
89178377751
89178138672
89168886672
89166010472
89807379672
89096456672
89169087751
89169110472
89157880472
89808993904
89068112815
89157578672
89177842815
89197743904
89099188672
89108523904
89169911472
89011185751
89108933904
89038862472
89771190751
89179995751
89159273815
89178750751
89809045751
89036575751
89177107004
89039077004
89037035751
89066445751
89156297815
89037077815
89011111751
89059137815
89109065751
89196721751
89991178904
89107648904
89177367815
89156541751
89159367815
89157518815
89168173751
89167318815
89991185151
89036150904
89098882751
89156591815
89198106004
89167091815
89196228815
89168235151
89108718151
89291165151
89106156815
89109552751
89251188151
89168521815
89157780904
89159965151
89261160904
89261111815
89199588815
89161111815
89066848815
89196585815
89991161672
89807225815
89056863562
89157718004
89199136904
89158918004
89197624562
89196770151
89156820151
89168479004
89158421672
89197079004
89156160151
89159202672
89108779004
89051111672
89196689004
89251181672
89197901672
89168561004
89157301672
89197468004
89771163672
89168162562
89157282562
89167027904
89011197904
89198737151
89069655904
89178509151
89176519904
89157757151
89168010672
89069942562
89039359904
89809573164
89068611562
89056679904
89771174164
89196301562
89166867904
89771116514
89069684181
89807892064
89178263164
89197023672
89167273164
89176995405
89261174181
89167728734
89069606514
89807109864
89167326514
89771199864
89809556514
89166893164
89991169864
89107421164
89069156514
89179586514
89157686514
89156178734
89991165405
89809214164
89166513164
89169022064
89198788734
89197547626
89198047626
89291194164
89771174064
89107102064
89011116295
89806391944
89177073064
89157363064
89157354064
89108795181
89168229181
89059155181
89167306295
89291176295
89037036295
89107226295
89107177405
89106899181
89166109181
89158754295
89168519181
89057780864
89109743064
89167231944
89291111944
89066094064
89196514064
89168367405
89197441944
89011191295
89176182944
89167450181
89057663181
89099891295
89106763181
89991174944
89991163181
89057008514
89106676181
89068277181
89036324944
89178410181
89096421295
89096465295
89109549734
89167788514
89251167181
89108911295
89177860181
89178560181
89198879734
89198901295
89199972181
89107896164
89251174864
89011197295
89108706164
89058534864
89039890295
89197566405
89168708405
89097024864
89098754864
89159220295
89037764864
89197387295
89168702181
89158179405
89251167295
89058013295
89808383405
89167993295
89251196734
89069407514
89178033295
89156196734
89291173405
89166595514
89057316734
89106916734
89197852164
89067535064
89157105514
89176352164
89809920514
89196136734
89198266734
89176270514
89196835514
89176658181
89099177514
89991198181
89037586734
89159832164
89167480514
89808443405
89058442295
89158549295
89067347514
89011182864
89108202164
89069533405
89156713405
89037884734
89096153944
89107153944
89197129626
89178095626
89251163944
89058873944
89159591405
89156214734
89011198626
89097808626
89108717734
89158126626
89058117734
89107410405
89197920405
89158852864
89261187734
89109965626
89991187734
89771172405
89108200405
89197843944
89156822864
89158543944
89056713944
89038457734
89056381405
89108383864
89036982405
89068850734
89107417064
89167862405
89159585734
89167727864
89179061734
89991118944
89066650734
89809177064
89198573864
89096003864
89176028944
89991175734
89166945734
89169827064
89657892405
89686889514
89688437864
89361189514
89867489514
89656112405
89697330734
89659360734
89647860734
89687911734
89698257864
89648367864
89856565734
89699796864
89669530064
89836768944
89869400734
89856481734
89838008164
89868872734
89866182734
89868005164
89866786064
89859791864
89866135164
89837845164
89866203734
89647265164
89648738164
89856270944
89669960064
89689465164
89636721864
89866056864
89651111864
89836910944
89867752734
89868542734
89866900944
89856232734
89669773514
89869881864
89677273514
89836193734
89838368164
89838568164
89687414514
89647734514
89859772626
89858940164
89857861626
89657610164
89676700164
89668264514
89699000164
89581179064
89689901064
89629523514
89867832626
89856011626
89868158064
89866513514
89581173626
89629539944
89666805944
89856804626
89688137164
89868385944
89838273626
89856085944
89859263626
89639159164
89646424626
89668639164
89627954626
89838017944
89627310626
89678900626
89696149944
89669965944
89657960626
89857039164
89837165944
89839700626
89866500626
89667254081
89627881514
89688705381
89639936481
89639245381
89626366481
89699938726
89646177605
89856536481
89647481081
89656753081
89666299834
89697777605
89658881081
89687987605
89676964193
89867589834
89668143081
89581119834
89839723081
89678334081
89869514081
89666364061
89868739193
89868074061
89658706281
89867540834
89868185193
89856240834
89648458281
89869771961
89856226281
89857936281
89859517381
89678199193
89866109193
89859169193
89859946281
89691111961
89581165193
89869887381
89678396193
89699896193
89857544061
89639972961
89869101961
89656528481
89668405281
89837418481
89626453193
89659328481
89648374961
89698415281
89697090193
89859782961
89839991281
89658192961
89868997193
89648780193
89688680193
89867092961
89627754961
89646830193
89658102961
89868098481
89646447193
89857731281
89837012961
89658691193
89868962193
89688863281
89866294834
89668792193
89867703281
89679180281
89637189381
89678209381
89856489381
89837658381
89857809381
89867977281
89869854834
89868420281
89689011193
89679301193
89868087281
89649953381
89859079381
89836467281
89867141193
89629572281
89639752081
89857653381
89697052081
89689615481
89581195061
89677792281
89856562081
89858205481
89649908193
89687956726
89839192281
89648537481
89668019281
89666859281
89837969281
89869546726
89626259281
89636172834
89836878193
89639129605
89679829605
89837547481
89856622281
89866442081
89837023381
89868218605
89676736605
89858673961
89867391381
89866205605
89656909605
89859066605
89656999605
89856692834
89859675605
89658002834
89867720381
89656330381
89646479605
89856899605
89647660381
89648147726
89856919605
89869102834
89868564726
89648923961
89647118961
89649829481
89669882381
89658140726
89637334381
89668128961
89839061726
89628171726
89649727061
89646758961
89858591726
89667624381
89866415726
89868815726
89646777834
89648712381
89858889481
89669688961
89668068961
89868020726
89649921726
89657167834
89856842381
89868179481
89868713834
89676973726
89686640961
89627586061
89869540061
89638816061
89856928081
89627871834
89676808834
89676570961
89868863726
89361192726
89668155081
89636178081
89839416061
89637100061
89866508834
89869578081
89857665081
89868752726
89858250061
89646558081
89648573481
89626330081
89699191605
89628463481
89697235834
89866444481
89838566961
89869455834
89867976961
89867015834
89868410081
89867270081
89699865834
89869399061
89657611605
89666280081
89866500081
89678393481
89668801605
89689841605
89697897081
89649419081
89836943481
89647844605
89689590605
89858104605
89686644605
89626191481
89648709961
89856475961
89868134605
89858255961
89856967081
89857059081
89646431481
89687119961
89687087081
89869045961
89679079081
89857387081
89869631481
89627730605
89686181481
89839242481
89836949081
89869373093
89836539781
89581118681
89656304093
89858516493
89837004244
89697544244
89697875393
89867194244
89649671093
89856091093
89667924244
89858171093
89867954244
89657531093
89869789781
89857769781
89868264244
89581178681
89868522044
89857132044
89838265393
89581187595
89637857595
89699182044
89637363044
89868682044
89866563044
89838139244
89869161964
89011197864
89176777064
89167770734
89159547064
89197369514
89169180734
89251187064
89069237864
89108831734
89177799514
89166457064
89291168944
89067511734
89036543864
89096568944
89771196864
89166068944
89177943864
89809850944
89039323864
89108496864
89198781734
89991183734
89991196864
89198991864
89169906064
89011170064
89097716064
89038406864
89199028864
89991176064
89291170944
89159866864
89058076864
89809786864
89806078864
89167370064
89157725164
89177646864
89169320944
89159446864
89806448164
89096200064
89058752734
89038220064
89167656864
89991180064
89036211864
89101111864
89199581864
89196781864
89011174514
89167872626
89178683514
89291161626
89808406944
89196428064
89167504514
89199404514
89991195864
89291191626
89808945864
89196515864
89156463514
89991166944
89056215864
89108855864
89039315864
89169835864
89199376944
89197054514
89167956944
89036721626
89068365864
89291189064
89107448064
89068843514
89991111626
89066483626
89108458064
89771161514
89159884626
89177783626
89199329944
89068082514
89168917164
89771197944
89038407164
89107790626
89178475944
89806431514
89177777164
89158970626
89197459164
89198789944
89261187164
89037547164
89059057164
89107257164
89159464626
89069457164
89107721514
89107657164
89176865944
89198930626
89179879944
89771162061
89056833626
89109984081
89169407605
89197163081
89177429834
89251162061
89039714193
89169785381
89261194193
89109166481
89178928726
89991194193
89291175381
89179891081
89169797605
89199417605
89168176481
89169645381
89991177605
89038121081
89068311081
89159199834
89096423081
89166388726
89806074061
89156267605
89056839193
89067161961
89107683061
89196951961
89157715193
89106966281
89038735193
89809220834
89168236281
89011119193
89067535193
89038497381
89098693061
89196870834
89058838281
89177224281
89059856281
89198499193
89169780834
89167587381
89807729726
89291167381
89068214061
89178514061
89169660834
89036048281
89198441961
89251161281
89068253193
89157685281
89107394961
89107974961
89156227193
89156040193
89157104961
89011117193
89771177193
89197334961
89167590193
89156266193
89179158481
89167808481
89106477193
89251164961
89038746193
89011168481
89058952961
89158752961
89291178481
89291165281
89177643193
89771173281
89099267193
89069667193
89169313193
89156757193
89808606081
89177296381
89177918381
89169084834
89807936381
89166140281
89011192193
89069036381
89109176381
89166346081
89108746081
89108576381
89109298381
89176008381
89261186381
89069556381
89107986381
89108778381
89056522193
89199949381
89169949381
89156843281
89166243281
89196260281
89199967281
89251183381
89807805481
89199939281
89096640481
89059985481
89039916726
89199762081
89011192281
89107263381
89059415061
89106572081
89169363381
89107075481
89199803381
89038497481
89196745061
89108852281
89059632081
89199377481
89157710481
89109365061
89807293381
89069432081
89251187481
89108078193
89109778193
89039722281
89169722281
89166659281
89039800481
89771162834
89198943381
89039267481
89167848193
89199367481
89157962834
89197042081
89168729605
89176184726
89198784726
89196983961
89036282834
89036161381
89059473961
89107828605
89196714726
89991171381
89176703961
89198690381
89156903961
89068875605
89771180381
89107417726
89178555605
89177555605
89198809605
89179809605
89991198605
89156198605
89067046605
89037586605
89167286605
89197411381
89251181381
89806862381
89166157726
89199913961
89199148605
89808534381
89291195726
89198727834
89198814381
89199551726
89196574381
89991191726
89039227061
89109245726
89096170726
89109347061
89107247061
89196677061
89099364381
89199454381
89198219481
89291160726
89159130726
89036257834
89011196061
89107081726
89108496061
89096662726
89156108081
89157282726
89166772726
89991182726
89096616834
89157686061
89168916834
89107628834
89991195081
89107936834
89176390961
89991116061
89108918081
89157226061
89291178081
89167690061
89158970061
89106710961
89107238081
89067120061
89198131834
89106221834
89098111834
89251196961
89099468081
89169519061
89158448834
89251174481
89036316961
89057641061
89157805834
89011190081
89068066961
89106826961
89109703481
89108236961
89167344481
89197666961
89808381061
89106825834
89037525834
89156992605
89169771061
89199425834
89011165834
89808250081
89109531605
89096256961
89057064481
89177864481
89198664481
89991164481
89291188061
89068421605
89251180081
89157648061
89197801061
89251168061
89066741605
89176429961
89991183605
89991162481
89157204605
89037882481
89168571481
89197214605
89158934605
89809324605
89991170605
89106970605
89169339081
89807160605
89107664605
89168380605
89991119961
89057512481
89037702481
89108365961
89199242481
89098822481
89199311481
89166147961
89168669081
89106867961
89068441481
89036657961
89169022481
89178157961
89291163093
89806462044
89056284093
89177062044
89011171093
89809875393
89058794244
89199883093
89109055393
89178972044
89177736493
89108826493
89169271093
89179775393
89156158681
89176326493
89109771093
89157217595
89011187595
89069654244
89808588681
89157309781
89178499781
89991164244
89108632044
89806712044
89036219781
89177259781
89809242044
89038203093
89156643093
89177387595
89771118364
89771184364
89261194093
89167534093
89166624093
89167557595
89196648681
89991182044
89678494364
89688004044
89646504044
89686666364
89657297393
89667893044
89869905244
89869528364
89648954364
89639399244
89867517393
89868045244
89639723044
89648113044
89856531964
89856653044
89869456364
89857937393
89659501964
89857865244
89688716244
89581194044
89639514964
89581116244
89679644964
89836573244
89696208493
89361170244
89658399681
89696956244
89677969681
89867397244
89866108493
89867698493
89868198493
89627019681
89698647244
89856042964
89656107364
89856732964
89837032964
89837768493
89658776093
89696646093
89869934781
89648938393
89361180364
89859069393
89867264781
89857577364
89361168393
89869452244
89867087364
89647781244
89649696681
89868242244
89869330364
89637482364
89648083393
89839647364
89869232244
89688316681
89628618244
89581118244
89686045044
89659709364
89858717493
89868608244
89856798244
89857410493
89647957493
89699460493
89867568244
89678085595
89649783964
89698473964
89676127681
89676873964
89667763964
89837153964
89688744681
89698855595
89647755595
89857955595
89869266595
89657346595
89669564681
89857324681
89626756595
89679568595
89657411393
89836556595
89647801393
89689601393
89869778595
89857693964
89867241393
89648951681
89866829493
89866482393
89869129493
89868439493
89647675681
89668075681
89646409493
89697992393
89698610681
89668952393
89637030681
89636130681
89669978964
89856677781
89858324393
89647047781
89869412393
89689633781
89856030681
89869922393
89666371781
89869830044
89688636781
89626216781
89697792681
89837615093
89679226044
89857716044
89688646044
89689120964
89656486781
89679110044
89646138093
89697880964
89866670964
89858876781
89648350044
89636142681
89666112681
89629711781
89657762595
89656084493
89859780044
89858301781
89646295781
89869133681
89646209044
89689959044
89649598044
89647999044
89649145781
89667876964
89688459044
89698776964
89868674493
89667686964
89678139044
89678452595
89858070093
89837610093
89649280093
89658031044
89867164493
89678901044
89858350093
89857712595
89867402595
89668933493
89677558044
89859431044
89679372493
89698340595
89857833493
89856933493
89581119093
89868595964
89658935964
89658987093
89581169964
89668587964
89857599964
89687443595
89676613595
89866347964
89678107593
89637961981
89657573161
89867493595
89867813595
89859032493
89361184261
89688941161
89866093595
89689871981
89627027593
89838204261
89859204261
89656658695
89659617593
89868864161
89837515395
89859044261
89866471161
89867621161
89699433161
89648933161
89868703161
89696496293
89859965395
89868494161
89869579793
89866007395
89666675261
89659906293
89868140793
89696944293
89868491881
89867775261
89678210793
89857525261
89698712981
89649212981
89676630793
89869877395
89869864293
89859252981
89647222981
89666968293
89626260793
89856778293
89867811881
89678462881
89856072881
89867507261
89639305293
89867018495
89858207261
89867816261
89696615293
89636108495
89668164881
89659838495
89636389695
89856544881
89859306261
89859608495
89657831293
89869858495
89859825293
89839754881
89859869695
89856219695
89856730261
89697239395
89699516395
89867401293
89657582261
89636734793
89697866395
89836471261
89639238395
89666780293
89866509395
89688902261
89858669395
89687300293
89838330293
89866966161
89669553395
89866768395
89869623293
89867413293
89361185495
89867133293
89668114981
89658863395
89858940495
89666392293
89646620495
89636017495
89839936695
89666578261
89667622293
89637432293
89858052293
89638682161
89649918593
89676850395
89678373881
89869693395
89857562793
89858650395
89629934695
89869834695
89658338593
89657889593
89857366593
89857655593
89677067695
89867865593
89771116364
89177594364
89251175244
89251190781
89109664044
89159804044
89038997393
89097315244
89168375244
89037624364
89168776364
89158870781
89199738364
89166346364
89177758364
89066246364
89158877393
89176631964
89058219244
89176359244
89991165244
89036711964
89038659244
89169987393
89991187393
89291111964
89039247393
89059001964
89069301964
89178544044
89156281964
89156501964
89991111964
89771174964
89057473244
89251174964
89099263244
89808838493
89178406244
89991175364
89808654964
89098292964
89251198493
89158045364
89167169681
89177509681
89197999681
89037849681
89167831364
89991178493
89011183364
89771193244
89108749681
89261167244
89056911364
89178581364
89177033244
89056586093
89991161244
89069234781
89178491244
89106266393
89097566393
89069792244
89166736093
89109509393
89108398393
89806649393
89807119393
89166854781
89109642244
89166478393
89178937364
89179112244
89057411244
89057242244
89771172364
89158960364
89177388393
89167930364
89198747364
89159433364
89199735044
89166415044
89058915493
89251176681
89097176681
89109355044
89039420493
89157689364
89291199364
89807212093
89069956681
89108712364
89197132093
89178430493
89011196595
89066588244
89176312093
89011182781
89808472781
89156222364
89039162781
89158984681
89166884681
89057929595
89106218595
89066972781
89036672781
89099095595
89106795595
89771170393
89991116595
89159551393
89157944681
89179515595
89037336595
89108790393
89169597681
89771180393
89109797681
89097825595
89806564681
89199397681
89159108595
89198245595
89038546595
89178909595
89066531393
89168652781
89771167681
89251160393
89771172393
89169181393
89056695681
89057834393
89198650681
89098205681
89159214393
89178234393
89199463781
89108608964
89011119493
89198458964
89991197781
89068924393
89108964393
89106780681
89096787044
89107821681
89198412393
89099722393
89178930681
89068900681
89178847781
89771196044
89106393781
89056941681
89156023781
89991185093
89806771781
89156516781
89196305093
89178173681
89011176781
89771180964
89058708781
89198626044
89991116044
89291170044
89251180964
89168352681
89167850044
89197186781
89169010964
89158602681
89198278781
89108130964
89069280044
89991188093
89991168781
89101111781
89097868781
89107968093
89991181781
89991193681
89058583493
89179584493
89057204493
89178141044
89158395781
89098963493
89108671595
89168228044
89068955781
89198915781
89169315781
89167998044
89166435781
89168499044
89196790093
89069110093
89166654493
89109938044
89177211044
89178711595
89157660093
89167523493
89771163595
89108397093
89106817093
89168904595
89169171493
89157891493
89036344595
89199335964
89807331493
89178809964
89037837964
89158554595
89157139093
89167637964
89057849964
89109489093
89066442493
89176230595
89067481493
89169732493
89808395395
89177449093
89167607593
89158384261
89991173161
89806994261
89198554161
89168483161
89199916495
89108764161
89169934261
89066897593
89198517593
89157408695
89197435395
89291169793
89059154261
89176846495
89179489793
89168546495
89261164261
89808168695
89057564261
89039224261
89106831981
89158877593
89196719793
89197237593
89157199793
89168919793
89168487593
89056601161
89176859793
89157961161
89069679793
89177894161
89038934161
89169796293
89156596293
89179996293
89261161881
89067083981
89169361881
89066263981
89106973981
89158963981
89991116293
89251166293
89039034293
89108671881
89199715261
89057270793
89159966293
89199136293
89039708293
89176825261
89037338293
89011188293
89808732981
89107356293
89059443981
89058481881
89158222981
89179232981
89158332981
89178267395
89059916261
89036514881
89157227261
89011198495
89199575293
89059589695
89069469695
89176669695
89177909695
89109786261
89106119695
89056321293
89068811293
89106379695
89056723261
89807016161
89069991261
89109191261
89107151261
89159206161
89156716161
89167890293
89198326395
89068580293
89178380293
89107442261
89806201261
89167678395
89109888395
89106447293
89066860293
89251193293
89178267293
89198893293
89991193293
89197983395
89196233293
89199194981
89198834981
89157334981
89106515495
89157755495
89057558261
89991198261
89107819293
89177224981
89096278261
89771167495
89056932161
89109787495
89177879293
89167660495
89037982161
89108402161
89809627695
89098913395
89199929593
89178207695
89261185593
89096195593
89251163881
89107614695
89197551395
89196594695
89011117695
89059463881
89168774695
89107258593
89036297695
89291198593
89198925593
89197598593
89991117695
89156599593
89197499593
89261178593
89107319593
89177856593
89178452793
89166219593
89039947695
89291188593
89677184395
89647073793
89857141395
89868485695
89687503793
89857073793
89838674395
89626525695
89659810695
89866624395
89669432395
89696460695
89678681695
89627357793
89639816793
89856057793
89687275161
89869508161
89867282695
89699936793
89637476793
89667825161
89361198161
89659278161
89657209981
89869866793
89839108793
89667202695
89668048161
89639679981
89858131793
89858412695
89857778793
89636471593
89676971593
89647346881
89696746881
89869726881
89637910981
89648664495
89646352593
89838524495
89869770161
89858638981
89867264495
89857786881
89866480981
89866342593
89658262495
89667184593
89838732593
89866057981
89867593495
89867601593
89626207881
89627329881
89837061495
89859383593
89628614593
89626351495
89669227161
89699615881
89868951495
89669999161
89647935881
89859074593
89866507161
89696747161
89836227161
89668831495
89857692495
89667787161
89859299161
89647587881
89659965881
89868669881
89868324593
89629965881
89626147881
89856269161
89669174095
89858523593
89869854095
89689934234
89677697614
89656244234
89637026505
89868451095
89648635426
89696825426
89639658693
89856652034
89839234234
89859975426
89868415426
89646911095
89688219844
89869154234
89866471095
89868645426
89687013095
89666865426
89699022034
89866677614
89666879844
89868813095
89626961095
89678324095
89679914095
89867361095
89626894095
89867642034
89688774034
89637127426
89866307426
89858363034
89361194305
89858540844
89659225234
89678069234
89627226305
89667377426
89857297426
89868436305
89839056305
89836831893
89649367426
89647172893
89639272893
89646272893
89629324034
89626307234
89689905305
89869196234
89856729693
89636244893
89669803234
89859636234
89657337234
89679680234
89868098505
89858620234
89857056234
89867810234
89836931305
89857149693
89678762234
89658229426
89699996095
89866533234
89866407305
89666271234
89669966426
89639306426
89659789426
89869603305
89656721234
89696580305
89689102234
89629299426
89858531234
89666379426
89838487305
89839580305
89688013305
89646781234
89837432234
89858768426
89837001234
89837253426
89697026693
89866085505
89649345505
89658025505
89688858234
89866128234
89646389305
89676738234
89859566693
89857517505
89626776693
89867335505
89647865505
89638849305
89696059305
89649478234
89668700505
89869565034
89629202305
89697142095
89839260505
89646173893
89688327693
89858807693
89856667505
89856296614
89856239614
89837285614
89696536614
89679775614
89668415614
89686244693
89647855614
89868550426
89859844693
89639069614
89677989614
89647546614
89686149614
89648059614
89686611426
89581187693
89656313893
89858749614
89689529505
89676818893
89687685693
89686261693
89669139505
89858181426
89647650693
89677040693
89866123893
89856972426
89688609505
89646092426
89638209505
89687238893
89657338893
89581177844
89677157034
89857008893
89629587034
89658942426
89669865693
89639600693
89658088893
89666822426
89858552426
89857812426
89627865693
89667057844
89678001693
89867112426
89657483693
89856788893
89839657844
89626596844
89658606844
89667426844
89638098844
89867375095
89628258844
89867158844
89648100034
89869970034
89677893693
89869088095
89666719034
89689884505
89859400893
89689161614
89636351034
89698861614
89626373505
89581173505
89361163505
89648098034
89677159034
89666471034
89696010095
89647421034
89678439034
89866959034
89697246893
89867215844
89869554505
89839356893
89679748034
89836302614
89856950095
89858965844
89867001034
89836131034
89361172505
89697197095
89697839893
89668997095
89838332614
89837513505
89868941614
89869062505
89836253614
89581117095
89867227893
89679617893
89679370614
89838734614
89868971505
89858729095
89858055893
89866203614
89856603614
89856259095
89839992505
89657052505
89658312505
89649447893
89667723614
89839079095
89859247893
89688027581
89629318714
89628629795
89646328714
89836754105
89856307581
89696404105
89858674105
89836274226
89629834226
89686358714
89856134226
89648338714
89649738714
89688646526
89698524226
89667186526
89839058714
89869558714
89581198714
89771182395
89106467695
89099657695
89178633881
89156241395
89037307793
89198618881
89179562395
89096371695
89057705695
89106274395
89156814395
89177694395
89167905695
89176034395
89068515695
89036103793
89177044395
89157744395
89109092395
89156558881
89168397793
89069769495
89036637793
89251187793
89197219495
89177612395
89809213793
89068243793
89809583695
89178257793
89261172695
89068733793
89291182695
89068295981
89178661793
89196515981
89106836793
89179790881
89251170881
89109935981
89168918161
89037802695
89167030881
89191111793
89196501793
89011174495
89251185793
89039127981
89806717981
89107082593
89069140981
89157204495
89058534495
89771177981
89178036881
89251170161
89809300161
89066145793
89057225793
89156035793
89196677981
89991180981
89291187981
89807667981
89068260161
89099112593
89011197161
89199411593
89991180161
89771173593
89199047981
89771174593
89108853593
89807514593
89169353593
89178784593
89106085881
89057805881
89039463593
89107344593
89057571495
89176891495
89176203593
89157297881
89169517881
89098509161
89167169881
89179777161
89991192495
89179509881
89197010593
89808679881
89058802495
89199821495
89809754095
89097743593
89158379881
89166411495
89197360593
89808185426
89098113593
89807172034
89036029844
89069896505
89178507614
89176007614
89251162034
89179704234
89991162034
89069241095
89106127614
89107891095
89178328693
89199914234
89809369844
89807921095
89168497614
89991197614
89159908693
89156509844
89806259844
89199877614
89109722034
89106364234
89067932034
89109003095
89156959844
89167137614
89991186505
89068759844
89067031095
89808563034
89066268693
89198779844
89011161893
89107057614
89159150844
89991185234
89176861893
89066115234
89106625234
89066093034
89038375234
89178126305
89156393034
89166115234
89177735234
89261198305
89011178305
89038920844
89159320844
89771111893
89261168305
89808457426
89159659234
89771184893
89166188305
89179181893
89176824034
89806161305
89109248305
89166914034
89177514034
89179248305
89067396234
89096262893
89166129693
89261161305
89108982893
89167304893
89178704893
89168534893
89179114893
89158014893
89096697234
89178570234
89196008505
89179645305
89098838505
89806212893
89036510234
89156938505
89108652893
89157887234
89169012893
89991119693
89251187234
89199722893
89106943234
89097067234
89159222893
89198867234
89196581305
89199039426
89179239426
89179918426
89097950305
89037096095
89176827305
89106266426
89177890305
89199026426
89109370305
89057646095
89168208426
89158626095
89198497305
89806478426
89157838426
89196620305
89159724844
89176509426
89167754844
89771160305
89159186426
89036259426
89098000305
89039411234
89109501234
89169211234
89157043305
89156768426
89291172305
89809275034
89056233305
89156041234
89251185034
89178085034
89991118234
89107492095
89057605505
89176327505
89251166693
89011117505
89158795034
89176490505
89176635034
89991163426
89039790505
89156215505
89261176693
89991176693
89291189305
89159338234
89166389305
89261165034
89058065034
89159399305
89159580505
89108647505
89198742095
89177248234
89991184693
89056804693
89098929614
89178539614
89176218614
89156740426
89059374693
89167091426
89159214693
89108915614
89098890426
89056397693
89106435614
89169025614
89198792844
89109689614
89098252844
89806033893
89036812844
89098149614
89067878614
89806460426
89198287693
89177902844
89039479614
89159600426
89011182426
89771173844
89176201426
89179579614
89158122844
89159923893
89196241426
89168372426
89109617034
89038595693
89156991693
89196440693
89168294426
89166934426
89096945693
89197277034
89168444426
89179235693
89069538893
89066487034
89109377844
89037331693
89156019505
89197564426
89036200693
89178647844
89056323844
89156693844
89011116844
89106430034
89109795095
89179673693
89178515095
89179140893
89108056034
89197763693
89011165095
89157058844
89176358844
89168708844
89059070034
89177318095
89097156844
89166825095
89197020893
89771111844
89167786844
89169821844
89067743693
89809983505
89807904505
89261162614
89991184505
89098804505
89056641034
89058994505
89067005844
89199805844
89198605844
89251191034
89096006893
89157815844
89156929034
89169006893
89066176893
89158392614
89176999034
89177925844
89991178034
89199924505
89198956893
89158156893
89108538034
89158713505
89058072505
89108184614
89179207893
89156972505
89251195893
89039340614
89176527893
89196673614
89176363614
89197351505
89251175893
89198375893
89159555893
89196959095
89157845893
89176935893
89011169095
89167487893
89039489095
89261189095
89991111505
89011116526
89261173105
89097433614
89167396526
89056395414
89066014226
89096205414
89169605414
89251171105
89198508714
89156476526
89178097581
89099519795
89067086526
89167753105
89638848714
89639494105
89868803105
89627368714
89686248714
89868049795
89866612026
89649007414
89656716314
89648939226
89686951895
89689616314
89646391895
89626729226
89866884026
89656755226
89696076314
89867864026
89866244314
89647431895
89858045226
89868835226
89678549226
89648378314
89868309226
89581186314
89697859226
89636194026
89857703026
89868487414
89649284895
89866449226
89859700795
89867847414
89629660795
89869201895
89867634026
89581196226
89667163226
89698327226
89869284895
89627916226
89676708526
89857094895
89629703226
89687097226
89857971314
89869251314
89639638526
89857636226
89647764895
89581198526
89866789714
89689588526
89627487226
89858812895
89839621314
89857312895
89636253314
89676784795
89838543226
89698704795
89687091226
89669750314
89689063314
89856196414
89628683314
89678856105
89859514795
89656446414
89858697314
89836476414
89699099414
89679352226
89646537314
89837036105
89629224795
89649366105
89687202226
89679288414
89638081226
89639941226
89647701226
89697362314
89869267314
89857267314
89699582314
89646415526
89859082314
89627050526
89647308226
89866450526
89858275526
89857715526
89859603414
89646377526
89857326714
89657152314
89627710526
89677012314
89866746714
89858138226
89627937526
89697413414
89868522314
89629668226
89686363895
89859784714
89868204714
89869595581
89581194714
89636058581
89678936581
89867094714
89838551414
89686189581
89867755581
89859803895
89868228581
89629176581
89657677714
89839608581
89857776581
89869545581
89869876581
89686659581
89668181414
89856364714
89866231414
89866652795
89867360414
89868578581
89699473795
89858901414
89856562414
89678244414
89866950714
89696292414
89698509526
89638398895
89696577026
89858315714
89667952414
89858935714
89649730714
89867024414
89858380714
89628511714
89677467795
89859181714
89837443795
89858513795
89667696026
89688391795
89858640026
89857562714
89627640895
89628951795
89666992714
89636870895
89687820895
89647638795
89697670026
89688378105
89656598795
89866126795
89658530895
89699821795
89867565105
89858165105
89857578105
89857910895
89839410895
89867731795
89868138105
89669541795
89666948795
89697232714
89856331795
89851111795
89698385795
89856172581
89696406895
89697175795
89867540105
89581163526
89696336895
89689566895
89649492581
89866794526
89867766895
89581176895
89866198026
89629190105
89581199026
89676450105
89868021026
89867711026
89648681581
89859961026
89649239895
89868013526
89697471526
89679437105
89859150581
89688277895
89858627105
89669824581
89636889895
89658057105
89859827105
89667037895
89687980581
89646265895
89687542526
89836747105
89838947105
89647660581
89649660581
89857799895
89867919895
89866687105
89629649895
89657713581
89648216534
89868818705
89658664126
89648415461
89678275461
89667391126
89669476534
89868683126
89859474264
89361193126
89638724264
89639689826
89857389826
89858771126
89678465461
89656779826
89858081126
89627903126
89657914126
89581111995
89858547644
89869314126
89679114326
89647928326
89689976326
89638976326
89689908326
89646976326
89857794326
89866571926
89581166326
89628328326
89676098326
89667035264
89626544326
89638286326
89836866326
89361164326
89678442995
89639430826
89867110826
89837364326
89869165264
89628060826
89838965264
89628768326
89648096264
89679029705
89628284926
89581118534
89678428534
89856372926
89867040264
89581171326
89699792926
89867074926
89628290264
89669609705
89699899705
89836855326
89866270264
89858908534
89698052926
89659780264
89667237264
89868858534
89856689705
89867364926
89868320264
89629787264
89857121326
89361172264
89646783326
89676472264
89867757264
89676528461
89869629461
89677656126
89867963326
89868186126
89627063326
89637526126
89646836126
89868274826
89648869461
89656169461
89857190326
89858636461
89688410326
89868592264
89869170326
89856709461
89697822264
89858731264
89857454826
89628137326
89626931264
89659393326
89678533326
89859937326
89637241264
89657195534
89666173461
89696572326
89866533326
89626193326
89836853461
89581162126
89361195534
89648163461
89687414995
89869762326
89628450534
89856685534
89688436705
89868405534
89648425534
89857472126
89688154995
89687919326
89637937534
89678532126
89859976705
89867258264
89686393461
89699082126
89869802326
89868449326
89866188264
89868802126
89856579326
89667063926
89649514705
89858648264
89638775644
89658906644
89809724105
89261178714
89096203105
89096365414
89107631105
89178565414
89157137581
89808307414
89168578714
89168031105
89167896314
89261183026
89107754026
89039183026
89158029226
89179339226
89261174314
89806766314
89106304314
89199616314
89291194314
89806054314
89198664026
89198194314
89108555226
89058436314
89058766314
89169597414
89261197414
89099945226
89058017414
89806486314
89156217414
89991169226
89771188314
89058099226
89808114026
89069213026
89066730795
89039523026
89067368314
89158100795
89176468314
89179100795
89991111895
89261181895
89011118526
89159948314
89108962895
89156418526
89176334026
89158196226
89808344895
89178453226
89197740226
89176504895
89056114895
89058706226
89158005314
89177815314
89806052895
89167525314
89159625314
89169935314
89107446226
89109224895
89199138526
89199389714
89178431314
89068349714
89108221314
89771193226
89178079714
89039013226
89159948526
89068896414
89167429414
89991172226
89806251226
89109086105
89166496105
89167596105
89096514795
89167928414
89159946105
89157336105
89251198414
89251180314
89058554795
89066089414
89099854795
89178189414
89177752226
89771185026
89156247314
89107567314
89156423314
89156557314
89167533314
89179548414
89771116714
89099183414
89096872314
89156596714
89166918226
89068062105
89157282314
89991190526
89807446714
89156466714
89179392314
89196097526
89098825526
89159335526
89198325526
89199077526
89176310526
89158732105
89809357526
89176932314
89156932314
89991182105
89011191414
89159984714
89178996581
89108373895
89108873895
89056251414
89067476581
89158392795
89179309581
89199369581
89806459581
89168280414
89177999581
89068564714
89109219581
89197856581
89291168581
89098449581
89156221414
89167759581
89261188581
89039741414
89179057714
89807004414
89039567714
89057784414
89179639526
89106017026
89177982414
89197263795
89196771714
89157737026
89167990714
89261170714
89251177026
89807737795
89156392414
89771165714
89107198895
89991198895
89991189526
89771181714
89291111714
89196468895
89251162714
89808028105
89069808105
89158341714
89176967795
89068153714
89158286026
89991116795
89291176795
89068426026
89198498105
89158236026
89179070026
89261166026
89251111795
89108288795
89097766026
89176722714
89056043714
89176493714
89039968105
89067196895
89168283526
89097862581
89108741026
89168019026
89097473526
89179491581
89179174526
89168606895
89197136895
89098645795
89096771026
89177135795
89167692581
89177954526
89156099026
89011111581
89056820105
89196156895
89291160105
89108843526
89109848026
89176965795
89169368026
89251172526
89178529895
89158695895
89991119105
89251171526
89291171526
89167150581
89197104581
89056515895
89197203581
89098292526
89109809105
89106959105
89069455895
89809952526
89809721526
89059077895
89108710581
89168264581
89176019895
89101111526
89178311526
89168289105
89157089105
89169001526
89177141526
89166893581
89159022526
89098023581
89056163126
89167254126
89198654126
89157061995
89166841126
89179527644
89198164126
89177383126
89159883126
89291166534
89109228705
89156608705
89166193126
89179825461
89176389826
89156246534
89108521995
89039978705
89771188705
89176256534
89177521995
89167564264
89156521995
89058588705
89068331126
89176713126
89178231126
89157878705
89178268705
89167068705
89057048705
89179557644
89156957644
89107940826
89099963995
89058614326
89107403995
89109214326
89158275264
89156606326
89771180826
89991192995
89176876326
89178599264
89169569264
89158264326
89057964326
89108612995
89806543995
89196602995
89806457461
89176960826
89179288326
89991160826
89198057461
89291162926
89167153264
89198783264
89107550264
89166295326
89179574926
89169214926
89167328534
89011199705
89806056264
89096189705
89169738534
89261180264
89806121326
89157220264
89806257264
89158752926
89109765326
89156912926
89168559705
89197378534
89057132926
89068401326
89036093264
89059284826
89109707326
89167557264
89199648534
89197484826
89197353326
89808276126
89991116461
89096471264
89179274826
89011177326
89038490326
89991117326
89199724826
89158289461
89109899461
89177056461
89169324826
89059842264
89108478461
89808257326
89166119461
89179959461
89159142264
89991179461
89177181264
89178001264
89156848461
89199567326
89098939326
89178418264
89168862326
89177962126
89068350534
89109027534
89177216705
89806858264
89199374995
89168475534
89197270534
89251177534
89806349326
89291199326
89106037534
89099480534
89159110534
89039459326
89771172826
89199732326
89261167534
89109860534
89038023461
89099261461
89166253926
89069327705
89178973926
89991185644
89178534705
89178736644
89991166644
89068203926
89867135644
89859076644
89868277705
89668565644
89647065644
89866038644
89837124705
89361187705
89869752826
89676879644
89581160461
89688107826
89867247705
89856443926
89636239534
89646850705
89698851705
89857796995
89868748644
89867672461
89866604461
89581166995
89867226995
89856609534
89657321705
89678159534
89839556995
89859252461
89866349534
89627011705
89688729995
89687008126
89649333826
89859443826
89677540926
89858713826
89857393826
89699495126
89697391826
89649351826
89866039995
89629482705
89696006826
89699775126
89638698826
89649745995
89668870926
89866828826
89649399995
89638931826
89868908826
89627999995
89656342705
89867356826
89629686826
89626886826
89867849995
89697881826
89657013705
89667001826
89857878826
89868988826
89647940995
89666763534
89648291644
89858684534
89866196926
89869407995
89856140126
89869040126
89648014534
89837185826
89647308995
89686115826
89866751644
89648510126
89869128995
89856835826
89867308995
89858692644
89638602644
89648000995
89678000995
89857224534
89698222644
89649111644
89581168995
89627743534
89361167995
89648557995
89867500995
89868332644
89697091534
89657305926
89866107926
89859262534
89868784644
89628327926
89869104644
89581171534
89867405926
89868829126
89669589926
89687010644
89867115926
89638532534
89659049926
89859547126
89651111534
89648047926
89676607634
89361193644
89637239861
89699884195
89839132534
89866801534
89699185434
89678914195
89868463134
89857663134
89649875434
89648155434
89857271993
89866064134
89628951993
89659897634
89637993134
89637917634
89858205434
89361197634
89581117634
89647831993
89838754195
89836469861
89689501134
89678633134
89628949861
89679434134
89648396361
89869678764
89688850861
89859968764
89628148764
89647673993
89699095195
89868807434
89867941993
89857618361
89686251934
89686806361
89581116361
89677906361
89636726361
89867814361
89626290861
89867471934
89868071934
89866434361
89686020861
89638198361
89678356361
89646342993
89648430861
89868477434
89867198361
89858846361
89696279195
89686859195
89699788361
89859712993
89867412993
89697072934
89869578361
89868947434
89627823993
89869267434
89866113993
89649263195
89656540195
89686916195
89866739764
89676534934
89658003195
89657503195
89867073195
89836340195
89868066195
89657677195
89581117195
89639431361
89659252934
89868445361
89866658564
89868638564
89647532934
89649432934
89697213195
89639829434
89361196434
89678772195
89836293195
89858132934
89689951195
89688628434
89838967195
89866339434
89639651195
89698128434
89869318434
89666206134
89689426134
89839014861
89647438434
89859536434
89658337361
89859092195
89668178434
89686687361
89689243361
89696988434
89659588434
89698268434
89856864861
89676667361
89838621195
89659457361
89697682361
89866884993
89361192134
89837795564
89868795564
89657755564
89839205564
89857715564
89859006764
89869726764
89688164993
89836417564
89638186764
89867180564
89857699361
89868252361
89689133434
89637284764
89666082134
89857442361
89858943434
89837847564
89678395634
89868782134
89696251434
89637290434
89868273934
89867404764
89657010434
89867870434
89656165634
89867020434
89837786634
89868120434
89867899634
89689011434
89857764764
89698781434
89856600434
89686929564
89689804434
89677383861
89867832861
89866657764
89696828934
89868507861
89581185764
89627427861
89627834434
89678226993
89868105764
89639209564
89649699564
89866817861
89856797861
89689449564
89836210764
89697523861
89667301764
89361111764
89866300764
89866268934
89649385993
89688361861
89837647861
89857368934
89639795993
89657291861
89629896861
89636563764
89666771861
89638003764
89869116861
89866316861
89866095134
89858695134
89696689993
89866455993
89837415993
89668886861
89868135993
89688231861
89689978861
89679921861
89856369993
89629842764
89859219993
89581179993
89636818993
89659161634
89696182634
89839481861
89857043764
89867148134
89838368134
89699461634
89647016934
89646016934
89866796934
89361195861
89361174564
89658528993
89839540993
89677370993
89687635861
89858451634
89839003564
89696698993
89859466934
89581117993
89677631634
89688937993
89866870993
89627837993
89657347993
89867820134
89659423564
89669793564
89647433564
89649897134
89856260993
89859443564
89669982564
89637161564
89361173634
89639675934
89638915934
89839640634
89866167134
89858475934
89699009934
89627870634
89667702564
89698965934
89867189934
89839020634
89648021564
89687260634
89858657134
89688841564
89669693634
89859079134
89688763114
89857400634
89857669134
89649641114
89858033634
89839684205
89867095444
89169325644
89098877705
89036469644
89056969644
89176389644
89809943926
89097510461
89036799644
89057856644
89159610461
89198752826
89066612826
89057978644
89169412826
89291179644
89099300461
89167843926
89068093926
89168013926
89199768644
89197923926
89036667705
89068681461
89178241461
89167472461
89156139534
89176662461
89251163826
89106394461
89038461705
89167963826
89058603826
89109355705
89159634461
89057075705
89011186995
89099658926
89107738926
89157435705
89096909534
89199286995
89991189534
89771111705
89158337826
89167037826
89197752461
89011193826
89177230705
89199442461
89158221705
89991187826
89107079534
89198443826
89167468926
89166560705
89771185995
89179201705
89197923826
89168967826
89991183705
89096285995
89166705126
89166635126
89179851826
89806225995
89056651826
89056106826
89167176826
89156070926
89251169995
89157198826
89177320926
89166619995
89169488126
89156731826
89806741826
89099259995
89167349995
89107733705
89166401826
89109218995
89809105826
89168283534
89178530126
89107195826
89198627995
89176104534
89991185826
89069526926
89169115826
89196297995
89167737995
89291186926
89108812644
89107712644
89179931644
89169380995
89157942644
89168760126
89198078995
89158142644
89261181644
89039200995
89169760995
89069962534
89178581644
89197433534
89039353644
89058727926
89167073644
89196650644
89168785926
89158905926
89108937126
89179427126
89179909126
89197745926
89106477926
89291199926
89166939126
89107880644
89107787926
89158219926
89991179126
89109789126
89168321534
89167649926
89068901534
89157281534
89178843644
89251163134
89291163134
89168213644
89809094195
89098584134
89106118764
89057096564
89098184195
89037274134
89179084195
89011166564
89167274195
89098994195
89168614195
89199491134
89158936564
89179308764
89991117634
89809581134
89036921134
89039338764
89177024195
89057279861
89156931134
89099867634
89197818361
89771194361
89199129195
89199562993
89109685195
89096973993
89156405195
89176966361
89197408361
89199036361
89109392993
89157409195
89067009195
89068777434
89169538361
89169410861
89169280861
89166899195
89159252993
89197931934
89066843993
89156100861
89039181934
89097867434
89166907195
89177673195
89167951361
89808035361
89176434934
89038366195
89176344934
89197976195
89059535361
89178417195
89261164934
89106956195
89176424934
89168577195
89199454934
89177086195
89179437195
89176119764
89109802934
89179387195
89176965361
89168365361
89097200195
89771184861
89168547195
89198588564
89168511361
89157601361
89169981361
89198232934
89038384861
89771116434
89159339434
89156629434
89166839434
89098416434
89097727361
89167486134
89251176134
89166706434
89157790361
89261190361
89068906434
89037026434
89156744861
89099369434
89109824861
89157524861
89108899434
89066899434
89806341195
89038666134
89179012195
89177000361
89159643361
89067723361
89067372361
89109939361
89808314993
89197085564
89156716764
89156950564
89806192361
89198263434
89097515564
89106972134
89176075564
89196170564
89199555564
89157092361
89107098195
89198709361
89159109361
89157432134
89178052361
89991186764
89771118634
89771172861
89108932361
89037512134
89809372861
89106543434
89156102134
89291183934
89097584764
89106840434
89106985634
89067073934
89099261434
89106382861
89179516634
89159850434
89991161434
89178005634
89058075634
89167736634
89069509634
89159745634
89158125634
89108199634
89067264764
89158324764
89056987764
89198787764
89156933934
89108539564
89056839564
89056485764
89011190764
89107982434
89109573861
89158304434
89196540764
89809208934
89261192434
89011180764
89168335764
89168189564
89991169564
89806388934
89057721764
89057102434
89196864434
89178602434
89167588934
89806039993
89158868934
89169281764
89991111764
89038353764
89809851861
89106405134
89058273764
89156383764
89157153764
89168139993
89179872764
89107105134
89109950934
89109661861
89107351861
89806898861
89098466861
89037466861
89806731861
89156470934
89261169993
89158178134
89158069993
89808242764
89109021861
89066242764
89091111861
89179878861
89808230134
89108679993
89169379993
89196313764
89991193764
89069441861
89198350993
89176514564
89011117993
89011197993
89178663564
89157055861
89176476934
89177598993
89991117993
89039524564
89108610134
89069620134
89198500134
89196978993
89176730993
89157432634
89167868993
89179643564
89251167993
89107157993
89068733564
89157213564
89196968993
89037619134
89067239934
89038982564
89806875934
89197563634
89059644634
89197075934
89169690634
89107877134
89167969934
89159499934
89036742564
89109649934
89176112564
89991187934
89161111564
89151111564
89098281564
89156579934
89168923634
89106629805
89168284114
89251174114
89291185444
89097754114
89067685444
89637392014
89658572014
89639455444
89699335444
89626998761
89649053114
89669413114
89668279805
89667279805
89859956544
89856321114
89867769805
89836178761
89659484334
89858844114
89667150805
89581161914
89697971914
89656004014
89699506334
89656008334
89839151914
89686289205
89678898334
89637317444
89648798334
89858451914
89689979205
89361186334
89657459205
89867010805
89689018544
89866560805
89867294014
89649761334
89629539761
89647028544
89869862914
89629427205
89867994914
89676598544
89868866205
89856203205
89627358544
89647952914
89669338544
89866497205
89581189761
89361186205
89647821334
89869325334
89629877205
89686300205
89659021334
89859246205
89869854914
89838952914
89838131334
89869179761
89697707334
89869047205
89869157205
89677182205
89687096114
89838484805
89837662205
89626106114
89646508444
89836663334
89679438444
89648146444
89859306444
89868490334
89581197334
89647020334
89646252205
89867669444
89638300334
89637168444
89629000334
89581179444
89867930334
89869632205
89637539334
89856701205
89666985544
89859407544
89659415014
89646652114
89839007544
89858872334
89869929334
89858850544
89637408205
89867040544
89696192334
89667645544
89869028205
89859403444
89867626761
89838417544
89676542334
89658822114
89869520544
89628265014
89636559334
89657347544
89867537544
89581119334
89629622334
89637196661
89679261444
89867202114
89858367544
89868542114
89696928661
89839372805
89657926661
89638270444
89868461444
89627205661
89698825661
89867303914
89836517761
89867090444
89858997761
89868435661
89869289661
89856446661
89866802805
89689197014
89869160444
89648485761
89678462444
89638307014
89868085761
89678427014
89868691761
89669835761
89869344444
89866477014
89626454444
89626638914
89678549544
89699159544
89627319544
89679322444
89669311761
89656711761
89856631761
89626942444
89698833805
89868242444
89867530761
89689208114
89676140014
89666553761
89869500761
89857022444
89868541761
89836281761
89856386014
89856086014
89581195114
89646408805
89857751805
89361178114
89698852761
89668838805
89869198114
89839698114
89858608805
89647452761
89856970914
89627370014
89688466014
89689250014
89866438805
89649413761
89858960014
89361111805
89639281805
89687658114
89646623761
89858811805
89689772661
89838968805
89861111805
89867813761
89688551014
89649273544
89858281805
89858501805
89867748805
89868708014
89867330114
89869585805
89867691661
89868706914
89648060114
89868090114
89836545805
89868318014
89637642661
89869654544
89869064544
89867038014
89581180114
89648184661
89666462544
89866141661
89639094661
89869837114
89857637114
89628435914
89867792544
89361180661
89858659114
89627554661
89629879114
89629800661
89687013661
89647363144
89837100661
89667639814
89866032544
89868043661
89856460661
89666292005
89857507664
89858729814
89868383144
89668236561
89666721144
89648809814
89677464214
89856997664
89669964214
89867125464
89867569814
89637424144
89686724144
89677073005
89687196344
89637334144
89869988744
89666663005
89859724144
89857742005
89638104344
89698450814
89668650814
89699627464
89868334144
89666114344
89698771905
89837485214
89869740814
89629616344
89676804005
89837561905
89581164005
89627614344
89636258344
89687370814
89678289214
89867904005
89627735214
89646719214
89646753005
89856297464
89859197464
89838245214
89646065214
89868889214
89666778344
89839056344
89867956344
89836464344
89676444005
89866143005
89669853214
89866079214
89658250214
89859839744
89867816214
89697403214
89637115344
89678325344
89658676214
89869128561
89868566214
89869926214
89648237214
89668937214
89649299744
89697880214
89856797214
89858576214
89626552905
89856556214
89646413214
89581160214
89837688561
89649727344
89868148561
89677491214
89581118464
89659871214
89869304814
89858227344
89867814814
89627014814
89666558464
89687926144
89627666464
89866890344
89858397344
89678960344
89867854814
89869056464
89628602214
89668060344
89867964814
89859166144
89688381214
89838087344
89698239344
89678896744
89666096744
89858160344
89859332214
89866057344
89868201214
89629883464
89647450561
89637016744
89668495005
89859939344
89581182344
89836162144
89696692344
89697998214
89869863464
89649610561
89866455561
89859192344
89361189344
89628932144
89679579344
89868799344
89858187561
89838342344
89866293464
89251194205
89261194205
89099634205
89038505444
89291166544
89107491114
89159028761
89069117661
89107154205
89037738761
89197008761
89159169805
89167121114
89169264205
89199737661
89156224205
89991198761
89107464205
89106732014
89771167661
89058049805
89157322014
89177222014
89096823114
89107044114
89167101114
89158761114
89261182014
89098557661
89178982014
89096934114
89176863014
89198018334
89169140805
89179405205
89991171914
89037504014
89169804014
89178890805
89039098334
89166658334
89157738334
89808530805
89176109205
89196024334
89169410805
89106431914
89196864334
89198186334
89098121914
89098360805
89771184914
89808685334
89036024014
89199248334
89179457444
89991181914
89178029761
89198918544
89157595334
89056982914
89038594914
89059651334
89156682914
89158751334
89771117205
89011186205
89058345334
89156054914
89807400205
89108677205
89199020205
89068312914
89197811334
89197500205
89097922914
89177157205
89291183334
89176857205
89158323205
89176718444
89159583334
89159516444
89038304805
89037304805
89098086114
89197896114
89197727334
89156696114
89251174805
89058991205
89176814805
89157436444
89177566444
89057097334
89168097334
89107619444
89157419444
89038849444
89096302205
89069087334
89107542205
89109559444
89108979444
89199121205
89159566114
89167160334
89106911205
89109423334
89039801205
89109533334
89176211205
89158523334
89109629334
89158441205
89197441205
89057162114
89991185014
89106695544
89808190544
89176395544
89179773444
89109515544
89808246761
89159808205
89157045014
89991176761
89066209334
89066846761
89178909334
89179046761
89159356761
89167802334
89198430544
89991160544
89036860544
89991193444
89067242114
89169284761
89991172805
89097061444
89109372805
89109229661
89167139661
89198616661
89197253914
89011176661
89069673914
89039882805
89096815661
89179490444
89097890444
89107270444
89097855661
89198008661
89179809661
89179858661
89106220444
89069298661
89168854761
89176498661
89808547761
89059337761
89991199661
89011193914
89809983805
89067711444
89179568661
89251167761
89108723914
89196779661
89038483805
89058297014
89107485761
89096350761
89807407014
89168095761
89176895761
89109773805
89157805761
89158682444
89166071761
89056771761
89808124444
89199992444
89156192444
89199409544
89059747014
89158238914
89196152444
89198837805
89107559544
89196342444
89156888914
89806583761
89107557805
89108848914
89197057805
89771116805
89806395114
89056857805
89166818805
89991183761
89261196014
89291161805
89159218805
89156972761
89251191805
89291163761
89037406014
89167095114
89099051805
89106290914
89991190914
89067856014
89169436805
89177418114
89177676805
89037238805
89067156805
89809422761
89109331805
89176186805
89167380914
89159888114
89167621805
89176678805
89177711805
89167900914
89179080014
89011161661
89107323761
89198301805
89197048805
89108583544
89107019014
89199851014
89179695805
89067151661
89291175805
89771170114
89058526914
89158466914
89291176914
89097292661
89058799014
89037054544
89106799014
89808961014
89179400114
89197488014
89169581014
89158160114
89169821661
89096231014
89157269014
89159621661
89168331014
89099648014
89109393544
89106401661
89106868014
89056172544
89196482544
89197604661
89168704661
89107034661
89168891544
89159105914
89069744661
89107492544
89108959114
89058909114
89011179114
89169935914
89806200661
89058487114
89066510661
89199710661
89158552544
89158302544
89038379114
89178069114
89251167914
89808829814
89158669114
89991111544
89067085464
89251164144
89157572005
89036391144
89056475464
89167391144
89159744214
89991191144
89177115464
89067015464
89058025464
89166808744
89036024214
89058086561
89198353144
89806067664
89158203144
89169787664
89179579814
89157634144
89199024144
89109218344
89157439214
89177395214
89156483005
89991183005
89107727464
89177374005
89179916344
89169294344
89011117464
89159634344
89198471905
89159490814
89167790814
89011186344
89197425214
89157093005
89196409214
89011178344
89036909214
89169898344
89166564344
89806314005
89169830814
89771162905
89171111905
89157533005
89291167464
89039981905
89068348344
89807827214
89109967464
89179767464
89291195344
89109083214
89039662905
89166583214
89197961344
89198762905
89176485344
89197382905
89168074905
89056408561
89807109744
89197236214
89159926214
89096477214
89199545344
89158489744
89109498561
89167098561
89106802905
89167787214
89261188561
89991179744
89107113214
89096839464
89158781344
89108096144
89039050344
89178626464
89179690344
89011164814
89059726464
89166556144
89156258464
89107870344
89107610344
89178189464
89108231214
89168086464
89166337344
89098366144
89056522214
89107121214
89179078464
89179330344
89159942214
89809318214
89038611214
89199968464
89199847344
89109496744
89808815005
89159333344
89167896744
89011175561
89037473464
89179950561
89107372144
89159528214
89157905561
89808025561
89099270561
89059192344
89058609344
89261180561
89169510561
89056465005
89167380561
89159865005
89166849344
89109688214
89991160561
89859582144
89581162814
89668914744
89859553905
89629673905
89626191464
89636597744
89677592814
89696970464
89869335664
89699377744
89628458664
89666231464
89676059664
89686179664
89361178664
89856377744
89868310464
89856886664
89696432814
89678700464
89686581464
89646183814
89581188664
89698107814
89659562464
89656997005
89639197005
89696184464
89697771744
89869918905
89859783814
89698807005
89698858905
89627775744
89361189561
89839058905
89866469561
89838769561
89869002464
89869902464
89657541744
89868221744
89859221744
89667083744
89646583744
89647096814
89637253744
89628596814
89647328144
89858113814
89626316814
89868750905
89581195144
89581192744
89868792744
89649630905
89869446814
89859338144
89869412744
89626288814
89868493744
89698673561
89678406905
89867516905
89689855814
89689226905
89698255814
89867773561
89869229005
89869091664
89668178005
89697524561
89867391005
89869598005
89836575814
89839236905
89581118005
89646838005
89868845814
89581199005
89638202664
89858499005
89676089005
89867111005
89647932664
89689729905
89851111664
89581193561
89676039905
89361173664
89866581664
89856353664
89857773664
89859827905
89636759144
89867090664
89867859144
89676487905
89658643664
89656411561
89667360664
89856919905
89859864664
89361160664
89637460664
89659767905
89861111561
89629283165
89679844180
89669904165
89689626517
89639166517
89857929865
89866716517
89857262065
89686126517
89868916517
89839651165
89857072065
89866205406
89859844180
89838904165
89668138735
89581169865
89866876517
89667948735
89659684296
89867623165
89361163065
89658174065
89857834165
89688216296
89686164065
89839134165
89869763065
89857895180
89867885180
89649293065
89857734296
89858461945
89868528296
89626697406
89666321945
89678659180
89858480865
89858499180
89688044065
89687194065
89866787406
89836160865
89861111945
89676461296
89677482945
89697828517
89678491296
89839862945
89361191296
89699366180
89688203180
89868885296
89636517180
89699335296
89361177180
89657938517
89629498517
89636012945
89667964945
89866109735
89836054945
89361178517
89697411296
89858680180
89679013180
89679881296
89868087180
89839341296
89858923180
89856053296
89629040296
89866273296
89859973296
89686917296
89688076406
89867163296
89857263296
89868571180
89686089406
89639352180
89668352180
89679264865
89639637296
89648886406
89638502180
89839669406
89838812180
89867987296
89688996735
89867549406
89626668406
89657883406
89836407517
89581118180
89857462296
89868295517
89867883406
89866973406
89638989296
89638398180
89696177517
89629108180
89668280517
89686020517
89857109296
89868719296
89859610517
89858565065
89677493406
89866665517
89679462865
89581162865
89689685625
89858767517
89581161406
89676234735
89867282865
89667506625
89676915625
89679855625
89866240406
89688858625
89688935625
89639417735
89866374735
89647870406
89836975625
89639998625
89658698625
89856255625
89628608625
89667056625
89688037735
89667480406
89628154735
89656612865
89868854735
89581119625
89667488625
89361188625
89697084406
89629413945
89856893945
89639715735
89646234406
89678055735
89656307065
89361197865
89649638945
89676838945
89836437065
89866044406
89867735735
89869797865
89629298945
89686642406
89636647865
89667768945
89838357065
89837080735
89839780735
89647348945
89696860735
89629162735
89629572735
89669095165
89656440945
89698735165
89858785165
89666526065
89668476865
89856076065
89581116065
89867656065
89867445165
89858856065
89629970065
89689280065
89857990065
89676441865
89867802735
89867722735
89628723735
89637253517
89686308065
89668462625
89859448865
89838448865
89647963517
89866572625
89856172625
89688103517
89638374517
89859082625
89676226945
89677936945
89869205865
89649459065
89836606945
89859874517
89839826945
89868898065
89687864517
89639838065
89838445865
89868971065
89868339065
89361180165
89679211625
89858589065
89627689065
89679019165
89697783625
89869832625
89856501625
89656171517
89686174625
89688494625
89857484625
89689503625
89658644625
89636609945
89678839165
89639324625
89698547165
89867045945
89836510625
89809790464
89177304744
89106705664
89261175664
89771177744
89099055664
89158214744
89177315664
89156106664
89991166664
89196455664
89809656664
89106169664
89197946664
89291199664
89039486664
89107038664
89178742814
89056279664
89066113905
89991193905
89261185744
89291185744
89156095744
89176540744
89176314464
89098515744
89106137005
89196955744
89197827005
89157427005
89106392464
89806952464
89196935744
89157308905
89158270744
89168147005
89109537814
89156447005
89157038905
89179099561
89159120744
89167337814
89038521744
89107378905
89991179561
89066668905
89191111744
89771196005
89159013814
89107282744
89069130005
89199640005
89991185144
89038796005
89178873744
89198250905
89167086005
89068536814
89037056005
89808555144
89199790905
89809220905
89106592744
89059155144
89177018144
89196990005
89098620005
89057180905
89179925144
89156325144
89178010905
89261166005
89107150005
89166580905
89056378814
89156268814
89167860005
89809730144
89156380005
89169380005
89106384561
89096668144
89056508005
89197768144
89198333744
89097730144
89176295814
89197919005
89108082664
89066051005
89806355814
89156016905
89198171664
89991174561
89106774561
89109275814
89169934561
89058945814
89771160144
89179621005
89157910144
89106320144
89179011005
89107102664
89177250144
89039248005
89036741664
89807683664
89168262561
89251195905
89038373664
89099185905
89807167144
89159562561
89108027905
89056150664
89107440664
89058514664
89199194664
89198951561
89991171561
89261175905
89037003664
89159914664
89199005905
89166290664
89177615905
89177215905
89261169905
89097892561
89037852561
89108037905
89771189144
89198399905
89169387144
89098130664
89177030664
89011184180
89037101561
89107281561
89059141561
89039423664
89166013664
89098967905
89038554165
89107973165
89158773165
89057116517
89199794180
89158692065
89197572065
89198464165
89177934180
89179544180
89097935406
89057398735
89058971165
89066576517
89011187625
89166677625
89991198735
89036303165
89069656517
89167399865
89169022065
89108644165
89159923165
89099057625
89059402065
89291184296
89177996296
89197107406
89167185180
89057594296
89808398296
89178204065
89159104065
89771180865
89038236296
89159235180
89109677406
89198654296
89196180865
89177869180
89098186296
89801111945
89168837406
89198343065
89011162945
89198711945
89151111945
89196123065
89261172945
89198994065
89177757406
89069253180
89096129735
89196462945
89156572945
89107550180
89168573180
89157527180
89106315296
89169506180
89156026180
89179266180
89107292945
89107745296
89807642945
89039699735
89107510180
89106546180
89097856180
89198302945
89291160180
89108279735
89098549735
89809761180
89808440296
89096407296
89196941296
89156672180
89058861180
89158182180
89158382180
89198571180
89168034865
89179063296
89166871180
89096216165
89809169406
89199409406
89167352180
89196431180
89106331180
89037721180
89059052180
89156202180
89807441180
89099948406
89197357296
89197043296
89157760296
89068457296
89291196735
89038253406
89158418180
89059682296
89066915065
89097692165
89098992165
89056326735
89168090517
89069245517
89169270517
89036177517
89771178180
89056420517
89107646735
89056910517
89056537517
89991180517
89058612296
89099165517
89066422165
89176019296
89108532296
89178559296
89159559296
89261182165
89771118625
89098348180
89109693406
89039162865
89991195625
89107040406
89169185625
89168391406
89156071406
89039905625
89097603945
89056055625
89157534735
89179314735
89109626625
89176615625
89167808625
89056977735
89068198625
89108209625
89176609625
89106919625
89196486625
89771193945
89106149625
89156142865
89196787735
89196000406
89099113945
89107833945
89058713945
89178093945
89158433945
89291172406
89039084406
89198333945
89068383865
89167061735
89179304406
89157814406
89166175735
89156270735
89066217865
89098365735
89168921735
89198249517
89158587865
89159459517
89038588945
89198732406
89109748945
89159093865
89177633865
89157157865
89291185165
89058681735
89056472735
89106208165
89199967865
89159085165
89291186065
89107386065
89167628165
89057603735
89261170945
89198136865
89991176865
89067336065
89059436065
89176126065
89179876865
89157025165
89057031865
89158131865
89108730945
89178078865
89199650065
89166088165
89176033735
89156323735
89106053517
89176551625
89197836945
89991176945
89066776945
89168324517
89167781065
89176112625
89179269065
89168401065
89196723517
89011117165
89107041625
89106501625
89198623517
89807205945
89109684625
89157119165
89059627945
89159182517
89156950625
89197734625
89197344625
89808910625
89058077165
89066775945
89167470625
89108489945
89991199165
89039257165
89106999945
89157537945
89667079165
89697230625
89678669165
89669281517
89839479165
89361181517
89658984080
89856069165
89869830625
89698862054
89581184185
89869816480
89867873080
89658136480
89867292054
89629014185
89858774185
89859406480
89857736480
89866536480
89629958725
89638637606
89686413080
89868998725
89679733080
89629503080
89668942054
89868868725
89636185185
89626550835
89856095185
89647225185
89659035185
89869205185
89858374280
89646146280
89636189185
89639689185
89669298280
89639837380
89689980835
89867393054
89649299185
89859108280
89869708280
89686931954
89656659185
89868056280
89361179185
89679814054
89361167380
89869121954
89858859185
89636053185
89866534054
89626184954
89669591280
89668115280
89839714954
89646345280
89668199725
89866625280
89866409725
89657712954
89657059725
89657959725
89868777185
89636859725
89698701280
89657893185
89868042954
89581168480
89639639380
89869022954
89856318380
89868883280
89581116380
89637492185
89869071185
89867671185
89859471185
89838303280
89626808380
89696398380
89581192185
89696864835
89678478380
89647086380
89626454835
89658566080
89678802185
89859838380
89667832185
89666579380
89688247280
89868152185
89868010280
89647739280
89699440480
89656229280
89869523280
89676395480
89837267280
89629857280
89839681185
89867396725
89858372280
89866073380
89838583380
89857016725
89866792080
89686745480
89676670480
89867792280
89868926725
89667413380
89627549280
89839187480
89639353954
89669284725
89868568185
89836222280
89866468185
89866057480
89639755606
89669103954
89836685606
89677015606
89679108606
89668425606
89858351380
89869251380
89866536606
89857663954
89869244725
89647599606
89639787725
89858956606
89627821380
89581186606
89659997054
89869022835
89867511380
89867483835
89361161725
89696694380
89859153835
89856173835
89666244380
89646727054
89648235725
89649198954
89638920725
89859375725
89689777835
89857908954
89687787835
89699259480
89669742380
89687821725
89869558954
89867647054
89627138954
89657965725
89869199480
89867199480
89637222380
89687760725
89839487835
89867842380
89628068954
89866149480
89856088954
89629468954
89647453725
89836257835
89868741725
89581173725
89656636835
89837673725
89659876835
89697446835
89657642725
89866978835
89867760054
89658584480
89658819054
89836732725
89636672606
89856668835
89666128054
89866248835
89638674480
89699471606
89866453480
89857872606
89677755835
89648655835
89659426954
89858616954
89867963480
89649398054
89866003480
89858171054
89838698054
89869310080
89857899054
89626552606
89361179054
89686069054
89677501054
89868956954
89361111606
89668093480
89687932606
89621111606
89361193480
89667062480
89866443480
89639672480
89638795954
89869413480
89867801606
89667845954
89688015954
89839082480
89869140606
89867461480
89869351480
89869163606
89836967080
89677752480
89581189954
89698759954
89857247080
89836654606
89837224606
89838699954
89858879080
89857049954
89866169080
89637874085
89648344245
89866162045
89858605385
89858141085
89659999780
89858444245
89679856485
89868277596
89838298680
89867135385
89859709780
89646803085
89686265385
89867398680
89867956485
89678612045
89687479780
89627513085
89639294085
89669614085
89677573045
89669096365
89649363045
89668673045
89866548680
89697683045
89836684045
89868750780
89667234365
89627471965
89669158365
89698544365
89658778365
89857856365
89679714045
89869543045
89656096245
89866747385
89869057385
89869962965
89857629680
89868873245
89699897245
89678625365
89857963245
89868471365
89666689680
89637854965
89868719680
89869952965
89666322965
89637481365
89688468485
89868278485
89867743245
89856030245
89859179680
89676482245
89659084780
89638961245
89857079680
89626584780
89656594780
89868433245
89669056085
89868127365
89639597365
89638646085
89646838385
89867366385
89639124780
89856346385
89628220365
89581180365
89648679385
89868402245
89581168385
89668433365
89868343365
89857813365
89629467365
89859457365
89856433365
89629418245
89689845045
89837762085
89867085485
89867995045
89581192085
89869536680
89098880625
89166887945
89158919945
89156037945
89179179945
89166000625
89196332517
89991111517
89177693625
89166384185
89196496480
89197651080
89037834185
89159434185
89169774185
89176928725
89011169835
89808858725
89059991080
89991175380
89057135380
89199945380
89156771080
89107889835
89169776480
89197521080
89178576480
89039554185
89157153080
89039887606
89068978725
89198856480
89197949835
89166465380
89109201080
89066588725
89806218280
89066714080
89099984054
89106124080
89197224080
89177442054
89157096280
89099839185
89168084280
89156804280
89106540835
89011193054
89098874280
89099094280
89067406280
89169134280
89771189185
89197006280
89197126280
89179470835
89167208280
89991169185
89291199185
89197137380
89251165185
89057830835
89106587380
89178533054
89157923054
89199167380
89157729725
89807915280
89038263185
89176340185
89168263185
89771169725
89107290185
89159955280
89108075280
89198990185
89108217185
89771164954
89096246185
89097677185
89177346185
89156724954
89059787185
89197311280
89157043185
89056813185
89159047185
89169232954
89011194835
89099639380
89197141280
89196029380
89066886080
89167053280
89167318380
89066150280
89037176080
89771197280
89108906380
89107297280
89169866380
89159544835
89098646080
89057026080
89096236080
89177917280
89011178380
89157077280
89106680280
89179556380
89011167280
89058830280
89198712185
89156502185
89159542185
89106447280
89099647280
89179968380
89108693280
89059701185
89037141185
89179141185
89157372280
89108595480
89196505054
89179505054
89771176725
89176635054
89177295054
89059526725
89177066725
89291192280
89039608185
89058817480
89156297480
89158408185
89198092280
89099389280
89057470480
89108177480
89167970480
89167017480
89166598185
89108369280
89056952280
89098178185
89199080480
89159452280
89169460480
89107193380
89056367480
89176157480
89198633380
89157433380
89261172835
89198153954
89991162835
89011190380
89809674725
89069434725
89158127725
89158171380
89068563954
89106306606
89168526606
89166971380
89771199606
89199215606
89177198606
89261199606
89169238606
89199256606
89176869606
89807481380
89196237725
89197359606
89069365606
89808093954
89197530380
89176279606
89808384380
89156322835
89059597054
89197284380
89251185725
89107827835
89166350725
89199604380
89196882380
89179261725
89011192380
89039405725
89771192380
89157734380
89177534380
89196994380
89011117835
89109037054
89096107054
89179955725
89197237054
89097977054
89771164380
89178258954
89291164380
89068631725
89177669480
89037219480
89199887835
89261160725
89098465725
89059921725
89157800725
89166042380
89157711725
89198167835
89066733835
89176018835
89166618835
89167096835
89156662725
89038761835
89178628080
89167440954
89178150954
89158116835
89166440954
89179295080
89199605080
89991116835
89057335080
89198451835
89196951835
89196498080
89166426054
89106546835
89807312725
89096938835
89168676835
89157018080
89168838835
89156420954
89038256835
89039002725
89168178835
89197466054
89038911835
89176800954
89011184480
89157780054
89771174480
89157241835
89809351606
89106672606
89098684480
89066084480
89991119054
89178195835
89096563480
89108834480
89107329054
89166955835
89099926954
89107966954
89068126954
89098703480
89168036954
89177744480
89198735835
89169559054
89158646954
89167054480
89771169054
89109200080
89177586954
89168211054
89807181606
89099565835
89179131606
89168642606
89806133480
89198961054
89156289054
89097433480
89156481606
89156332606
89157081606
89106419080
89107497080
89771117080
89807973606
89197141606
89176072480
89807771480
89771191480
89991119080
89108034606
89176429080
89037575954
89196127080
89166235954
89066957080
89109610606
89159137954
89158557080
89991180606
89109002480
89168421480
89097089080
89177479954
89196369080
89251181480
89771162045
89156813606
89197601480
89069418680
89177284085
89069992045
89058834245
89069791085
89261176485
89036524245
89808812045
89011188680
89808368680
89771179780
89169653085
89109447596
89168647596
89156361085
89156244085
89066342045
89109684365
89156107385
89157839245
89011175245
89038304365
89168595245
89291174365
89158661965
89197016365
89158883045
89991164045
89991174365
89069674365
89107815245
89159771965
89176290780
89106655245
89106845245
89251169245
89159324365
89069756365
89156331965
89099559245
89808441965
89807539680
89061111965
89096311965
89097423045
89166611965
89179257385
89036361365
89069285365
89157695365
89169240245
89156094965
89166691365
89099444965
89179425365
89166092965
89261169680
89809065365
89106519680
89036669680
89167364965
89068880245
89056565365
89067842965
89199930245
89159660245
89039018385
89197783365
89809166385
89167486085
89098591245
89168391245
89178651245
89198634780
89179771245
89166571245
89808609385
89166466385
89037898385
89156598385
89157289385
89168538385
89097554780
89068699385
89806979385
89108542245
89159019385
89067778385
89099068385
89178942245
89991168385
89991160365
89809096680
89197267365
89097093365
89098557365
89196748385
89159557365
89991172365
89107972365
89199196680
89109095485
89107728245
89067545045
89107755485
89638125485
89858370485
89627646680
89361180485
89647149365
89858977485
89869889365
89628352365
89581186680
89361165485
89698459365
89858937485
89639143385
89646647485
89698084680
89858800485
89868432365
89866965485
89689161385
89666318596
89869957485
89696291385
89836362780
89868048245
89686275596
89687374680
89856150385
89866561385
89361177680
89867676596
89869335596
89869024680
89869920385
89856109596
89687368596
89679979596
89678221385
89868464680
89866531385
89629478596
89858402780
89839365596
89668272385
89838822780
89699883780
89639139485
89838701385
89627497045
89676627045
89689374385
89659390680
89859653780
89869840680
89857371680
89866407045
89646610680
89636980680
89868577045
89657612385
89637130680
89659047780
89868431680
89869721680
89836059485
89628249485
89361188965
89857487780
89867788965
89858660680
89836800680
89649118780
89689583680
89869601680
89838541680
89361173680
89869296780
89868996780
89668166780
89869705085
89697298085
89669955085
89648836045
89657936045
89667598780
89836771780
89856756045
89869676045
89629046045
89838870965
89581190045
89858720045
89628142680
89858712680
89869121780
89836322680
89629748780
89838668085
89628819045
89581183485
89688514485
89867562596
89656463485
89679791045
89666792596
89637392596
89667510085
89867874485
89839298045
89626590085
89689911045
89639556965
89688864485
89689361045
89857056965
89628161045
89696019085
89666853596
89667497085
89869111596
89868823485
89859523485
89659340596
89658561485
89667061485
89636085965
89859649045
89866668045
89627229965
89649291485
89649751485
89678214596
89689359085
89639555965
89686217965
89689935965
89626525965
89697787085
89868092485
89868125965
89648187965
89866521485
89666273154
89867542485
89868230596
89626860596
89629101485
89666583154
89866201485
89837596496
89696071980
89676291154
89361176496
89639138696
89859715396
89837436496
89869126496
89869625396
89867371154
89867817585
89679159785
89698903154
89686049785
89636378696
89866299785
89859719785
89638223154
89679579785
89858531154
89581161154
89649584285
89869424154
89361161880
89656027396
89648761880
89859657585
89638715254
89859485254
89658517396
89668976285
89858151880
89868991880
89361170785
89581117396
89669637396
89659742980
89838038285
89698048285
89639384880
89637796254
89658341880
89869900785
89666453254
89836533980
89687391285
89857881880
89637305285
89868927254
89859573254
89838340254
89868094880
89839903254
89699764880
89627677254
89637019696
89677711285
89867186254
89627978496
89581168496
89629367254
89637904785
89856893254
89648750285
89838241285
89857294785
89687592254
89858894785
89868051254
89858803285
89647164785
89856497285
89629577285
89859180285
89638043285
89679488396
89666633285
89687223285
89866288396
89667283396
89636482285
89678104980
89867693285
89866393285
89869833285
89857967285
89688014980
89688544980
89677225496
89648770496
89627835496
89628954980
89657742285
89669942285
89866538254
89858754980
89699782154
89646702154
89868365496
89581188254
89857712154
89868382154
89866072785
89858539585
89628840396
89839350396
89626905585
89686197696
89637725585
89689176585
89859105585
89858828585
89869471396
89866974696
89689770396
89838566585
89656980396
89837370396
89666119585
89866846585
89689393880
89666943880
89868821396
89869931396
89866512785
89688081396
89626511396
89627022785
89839911396
89858143880
89866601396
89361196980
89649640696
89677495696
89866682396
89868974396
89869671696
89659445696
89837990696
89647699496
89858417785
89859224396
89869352396
89627487785
89646957785
89697343785
89837865696
89686072696
89859060696
89679291785
89687028154
89699691785
89636471785
89668471785
89678528785
89686991785
89866029980
89857740880
89689926785
89868475154
89628375154
89836851785
89627675980
89687998785
89627392696
89676120880
89868435980
89869335980
89866055154
89581119980
89688093696
89866238154
89628249980
89867722696
89636053496
89649391585
89627783496
89667034496
89649628980
89361166880
89676236880
89628797980
89657260154
89628510980
89637811585
89626730980
89668850585
89838193496
89628039880
89859273585
89168008245
89058520485
89056398245
89011179365
89176237485
89036065485
89108759365
89057387485
89106802365
89177649365
89097432365
89169743385
89109022365
89059467485
89809905596
89068227680
89167673965
89108374680
89036074680
89167434680
89251170385
89057990385
89159915596
89166106596
89097809596
89261177680
89808521385
89059746596
89771178596
89169254680
89771188596
89809400385
89106919596
89157080385
89168964680
89011193965
89056349596
89109565596
89038187680
89156059596
89167059596
89169700385
89167443965
89011118965
89771173780
89057879596
89197679596
89156023965
89156562385
89169604385
89106714385
89166317045
89157291680
89198175680
89166051680
89108744385
89166767045
89167115680
89156967045
89011119485
89099092385
89038435680
89176117780
89199745680
89771187780
89179020680
89106852385
89991187045
89291187780
89157349485
89167900680
89807528085
89807428085
89058367780
89057981680
89176641680
89107250965
89197805085
89011176780
89107495085
89096891780
89106371780
89156628780
89057976045
89197456045
89106170045
89198946780
89168018085
89039020965
89156970045
89196980965
89168352680
89157865085
89038750045
89198560045
89097400965
89177348085
89771173485
89179613680
89159013680
89251172596
89066272596
89178940085
89199762596
89261161596
89806626965
89097751045
89179683485
89011192596
89158106965
89196991045
89199166965
89068821045
89168878045
89199964485
89068012596
89066465780
89771193485
89251181596
89177268045
89166723485
89036641596
89109933485
89168201596
89176033485
89011191485
89097395965
89261190596
89011117965
89251170596
89037327085
89108535965
89096270596
89106159085
89179589965
89771160596
89167559965
89068732485
89059379965
89068157965
89176593596
89179181485
89806664154
89198639785
89991163154
89037504254
89197351154
89198771980
89167126496
89196597585
89179435396
89158721154
89159469785
89806161154
89107037585
89056137585
89107931980
89157187585
89166821980
89156279785
89166701154
89991161154
89808453980
89059848696
89169647585
89036448696
89056584285
89036596285
89108834154
89197972980
89169161880
89156340785
89159814285
89098828285
89157991880
89156914285
89198170785
89198458285
89169058285
89809249254
89199724285
89097599254
89166099254
89197880785
89096202980
89108942980
89197149254
89098865254
89106868285
89167641880
89066807254
89291161285
89159394880
89291166254
89197834880
89177855285
89197575285
89176545285
89108189696
89807602880
89106846254
89197777254
89038364880
89107719696
89107499696
89106621285
89067242880
89199621285
89157030254
89096230254
89056822880
89166347254
89808061254
89038433254
89067993254
89058341285
89176148496
89199548496
89808750285
89197048496
89199084785
89176286154
89198753285
89159972254
89159590285
89178390285
89807724785
89158936396
89068908396
89198670285
89106164785
89198521254
89199649396
89157130285
89291188396
89106443285
89106657285
89036307496
89198223285
89991196696
89166082285
89176585496
89806326696
89058172154
89159562154
89169963396
89197155496
89039036696
89037215496
89197375496
89156597496
89291198254
89196376696
89157770496
89291164980
89057669285
89156610496
89176024980
89177324980
89057937496
89197837496
89159099285
89039422154
89109922154
89067212285
89168849285
89098532285
89096023396
89069218585
89178604696
89991194696
89039944696
89108603880
89157155585
89097797696
89771199585
89157308585
89106869585
89037810396
89178456585
89291187696
89097200396
89156957696
89199911396
89156823880
89159393880
89057962396
89036029496
89109984396
89166262396
89058304396
89038773785
89179440696
89107791696
89066114396
89037055696
89039936980
89991190696
89196370696
89168776980
89177125696
89168620696
89107419496
89056349496
89096937785
89179421696
89166664396
89179347785
89177600696
89198532396
89159400696
89096043785
89991167785
89059423785
89159483696
89179767785
89808828785
89167153696
89058205154
89069995154
89771192696
89197251785
89039906785
89197845154
89771180880
89156518154
89167818154
89098146785
89771111785
89106238154
89176388154
89107488785
89198858154
89169484496
89199196880
89291184496
89809163496
89196872585
89261174496
89108382585
89099082585
89166616880
89807520980
89808138980
89809938980
89069755785
89056936880
89198936880
89167455785
89199545785
89178776880
89011165785
89059977980
89156010154
89156480980
89178542585
89167112585
89169978980
89158042585
89107643496
89091111585
89199560154
89251167980
89109629880
89156007880
89038453585
89066572496
89106850585
89197195880
89197695880
89361191496
89868082496
89649309154
89679397880
89677092496
89859314585
89857390585
89361192496
89686369880
89868527154
89638431496
89666587154
89648987154
89868535880
89626719880
89676802496
89649479880
89679679880
89867159880
89669983096
89656395425
89837363096
89838049154
89858654096
89581183096
89676355425
89698506506
89866454096
89626016506
89627783096
89627694235
89858172035
89859894235
89629215425
89646454235
89686021096
89836825425
89866498685
89859458685
89867709845
89858621096
89856453096
89858949845
89648196306
89678204306
89858424096
89868294096
89867854035
89869484035
89666014306
89677374306
89866229235
89668597425
89867351885
89628204035
89629664035
89697746306
89639889235
89649719235
89697077425
89856215235
89858575235
89697553035
89646565235
89581168306
89637224035
89698862885
89636962885
89689150235
89648805306
89687234885
89697528506
89857839685
89581116235
89639855306
89859566235
89857844885
89869566235
89856315306
89656146235
89838058506
89867989685
89858077235
89867089685
89857064885
89868619685
89698860235
89689493235
89649047235
89637911306
89837721306
89859779685
89628857235
89636916425
89689694845
89637751235
89857450306
89868591235
89839766425
89581170306
89639786425
89856958425
89866197306
89648300306
89857454845
89656101235
89639111235
89857159425
89867178425
89637657306
89657572306
89666096685
89866143306
89836833306
89649928235
89636606685
89668915506
89857373425
89839135035
89626517506
89676846685
89858075506
89868003425
89858175506
89869635506
89668912306
89687856685
89866858235
89868555035
89839177506
89648843425
89866020506
89856810506
89866952306
89688013425
89699993425
89868949306
89869959306
89869687506
89866787506
89688667506
89868878235
89666672845
89856593425
89679794685
89639263885
89646582845
89647751425
89867683885
89698415617
89688926617
89868251425
89858051425
89866675617
89858946617
89866798617
89677532845
89867080425
89361168617
89866565617
89867665617
89657718885
89868400425
89867032845
89658318885
89867823885
89361173845
89666871685
89866572425
89629640685
89639708885
89866471685
89866815685
89697342425
89679142425
89856920685
89629119506
89696060685
89686100685
89667993845
89666272685
89698048885
89868111685
89686373685
89677205096
89869813845
89698006035
89866740035
89859872685
89689256035
89859895096
89639246035
89837406845
89636180885
89688110035
89659430885
89868125096
89868738096
89636260885
89696560885
89646568096
89839102685
89859212685
89869943685
89677641035
89678491617
89637636885
89867104506
89837091617
89866294506
89658999035
89839303506
89837463506
89669400096
89859555845
89647031617
89869445845
89648342617
89677368035
89867643506
89656982506
89646114617
89686894617
89869529885
89629529096
89656617885
89679115885
89581175885
89637325885
89867455885
89858192506
89696102506
89629264617
89361179096
89678060617
89639921506
89677257885
89649193617
89837459885
89867047885
89697674106
89857993617
89677192025
89361174225
89676476525
89869814225
89648054225
89637086525
89688756525
89857897580
89858876525
89838911106
89678982025
89838522025
89688818317
89669163025
89667082025
89866765417
89868201106
89628102025
89686285225
89666939225
89857047580
89866861106
89857384317
89581174025
89688136317
89866164025
89866234317
89628375225
89858793025
89866420796
89869898317
89868080796
89867213025
89668618525
89866388317
89698553225
89639963225
89657773225
89679727225
89836124025
89666503225
89646990225
89581170225
89856026225
89866044896
89628097225
89667499717
89698910225
89659478525
89856346225
89836310225
89856764896
89656793225
89687962225
89688391225
89667166417
89869261225
89868394796
89867306106
89857774796
89581176417
89677924796
89627836106
89627309417
89856724796
89836124796
89839999417
89837210317
89837887317
89771117154
89036973585
89158382496
89069434585
89168151496
89179415880
89058870585
89167870585
89156859154
89036099154
89166699154
89261180585
89806043585
89059857154
89167680585
89109821496
89056402496
89097659880
89156112496
89059847880
89166947880
89176281496
89177841496
89199941496
89199401496
89168423585
89011174235
89066385425
89196283096
89261192035
89037316506
89198714235
89809197617
89068406506
89196672035
89178155425
89991166506
89157366506
89156271096
89066709845
89056193096
89166325425
89179793096
89068377617
89177789845
89167189845
89066232035
89178432035
89991186506
89067087617
89038678685
89199949845
89167849845
89066012035
89108244096
89106901096
89197312035
89196761096
89011183035
89807161885
89108834096
89106942035
89176848685
89108354035
89196873035
89168084035
89178996306
89011190845
89991185235
89096774035
89068104035
89178475235
89159228306
89179836306
89106215235
89199993035
89199566306
89156408306
89057738306
89159970845
89158935235
89177035235
89196180845
89771111885
89167153035
89251187425
89261168306
89251179235
89037423035
89806196235
89109341885
89167381885
89167562885
89197540235
89169840235
89179216235
89067491306
89108551306
89176794885
89197074885
89771117235
89156874885
89169315306
89108966235
89109354885
89198676235
89198538506
89291165306
89808222885
89198431306
89198880235
89251160235
89056965306
89167060235
89166979685
89109001306
89198341306
89158407306
89199839425
89179029425
89109304845
89167196096
89178216425
89167582235
89177471235
89169628425
89169434845
89808338425
89169303306
89166390306
89097826096
89037092235
89109697306
89039517306
89199792235
89156836096
89991170306
89106720306
89038770306
89069398425
89169077306
89809549425
89058699425
89168352235
89169310306
89037752235
89099830306
89156600306
89067579425
89109322235
89169101235
89069385035
89056881235
89771163425
89178205035
89168475035
89098472096
89158195035
89251175506
89107036685
89179403425
89291176685
89198117506
89168145506
89196935506
89169377506
89177569306
89198280506
89166199306
89158265035
89157586685
89809493425
89058012306
89159959306
89771183885
89068230506
89106822306
89197832306
89158047506
89176807685
89807414685
89166550425
89158814685
89059255617
89068809617
89178354685
89107302845
89159421425
89159559617
89808983845
89069511425
89168468617
89199760425
89177700425
89038193885
89067841425
89107201425
89197213885
89106262425
89169062425
89178504425
89809292425
89197873845
89771169506
89069255685
89991191685
89179177035
89808799506
89059809506
89066417845
89066192425
89808259506
89108947035
89157587035
89098637845
89179087035
89991187035
89291165685
89067449506
89109378885
89198830685
89059822425
89037411685
89067500685
89107811685
89066343845
89156479506
89991179506
89199508096
89291173685
89057383685
89771166845
89057190885
89806670885
89807326035
89167571845
89196003685
89179816035
89991190885
89261170885
89098510035
89156092685
89168155096
89196270035
89107180885
89097302685
89177488096
89291188096
89108221845
89096148096
89109611845
89166068845
89179013685
89199081845
89038072617
89167884506
89058605845
89058105845
89168274506
89056134506
89069836885
89807054506
89197934506
89158214506
89107345845
89069798035
89156792617
89251170096
89066576885
89168710096
89806842617
89056024506
89066352617
89057678035
89176078035
89108186885
89158502617
89158542617
89178921617
89261181617
89061111617
89096958035
89068648035
89109643506
89167661035
89108641617
89036383617
89036539885
89809592506
89197291506
89178014617
89106535885
89291199096
89036017885
89057559096
89991169885
89169139096
89198180617
89037965885
89096759885
89156247885
89991111506
89107101506
89038518717
89169733617
89177718717
89991118717
89166383106
89178504225
89166027580
89771176525
89158872025
89069466525
89198806525
89178726525
89156136525
89251193106
89036635417
89037535417
89158293106
89199145417
89261169796
89771119796
89036676525
89197709796
89169538717
89291186525
89108619796
89176264225
89108703106
89156803106
89198003106
89176478717
89179513106
89108122025
89178401106
89179088717
89178718317
89067595225
89168218317
89168884025
89178983025
89991174025
89177283025
89108627417
89038083025
89198974025
89179840796
89107214317
89991164025
89098190796
89067755225
89178506317
89156766317
89197093025
89176376317
89196198317
89771179225
89106664317
89069556317
89067430796
89066159225
89167078317
89991165225
89178744025
89107323025
89068047417
89809604896
89167281896
89809951317
89179629717
89196007225
89251195317
89156218525
89199795317
89261171317
89196951317
89179827225
89039991317
89039634896
89167934896
89059226225
89108817225
89198636225
89176036225
89177908525
89109446225
89157599717
89178080225
89106365317
89179511317
89169532896
89166632896
89991168525
89197484796
89159984796
89157996106
89991186106
89196096106
89037294796
89169773317
89199327317
89037328417
89159534796
89107736106
89107492225
89037556106
89157358417
89011199417
89056546106
89057238417
89099220317
89167120317
89096556417
89806568417
89168886417
89169831225
89159287317
89109878417
89177902225
89058947317
89038979417
89179211225
89639429317
89696885525
89867762317
89858853417
89627950525
89679845525
89696315525
89628015025
89678986717
89657152317
89656937525
89626420525
89856377525
89629532106
89628652317
89667443417
89866002317
89868402317
89867365525
89858559317
89839360525
89868233417
89867107717
89689955580
89856727717
89581163896
89626371417
89638335580
89648945580
89648666580
89646258580
89867271417
89648054717
89856290417
89866026580
89838755580
89688754717
89837735580
89656949580
89678321417
89866109580
89627002796
89646188580
89868821417
89858302796
89678781417
89581172417
89686695717
89867641417
89647951717
89868983796
89859107796
89859439525
89869662417
89869595717
89646489525
89638980717
89361169525
89649447025
89637664417
89859938896
89859510717
89868512417
89858359525
89866937796
89867349525
89867301717
89688686025
89869081717
89636835106
89699236796
89647703717
89868715106
89858163717
89869095106
89858535106
89866616025
89657620896
89628055106
89361165106
89361180896
89648702717
89869776796
89866825106
89686111796
89867086796
89838886796
89858620025
89689032717
89639943717
89867102717
89837821796
89857412717
89679572580
89687395796
89638619025
89837132717
89668028025
89866508025
89639471580
89859383525
89676845796
89687545796
89699109025
89857505796
89838475796
89869736896
89867006896
89836155796
89658386896
89656000106
89629299025
89626278025
89647702580
89669811580
89867620106
89857700106
89856202580
89649762525
89699404580
89867932580
89666163580
89637204580
89868807896
89581174580
89697244580
89667297896
89697270580
89858929106
89837105896
89658689896
89837307106
89857817896
89657819896
89869820580
89626320580
89656959896
89867099106
89867754580
89857569896
89837989896
89361189106
89858087896
89649657896
89676495454
89646171996
89668364125
89868339825
89657706535
89626751125
89859591996
89629275454
89697281125
89649869825
89686353125
89679913125
89869909825
89696933125
89866937645
89696794125
89837759825
89868643125
89669396325
89668457645
89659573996
89659462996
89859214125
89866141996
89866407454
89638366325
89676836325
89857562996
89837691925
89626771925
89857934325
89868715265
89859206325
89581176325
89838497454
89657265265
89838324325
89581186325
89628412996
89697560825
89868110825
89838110825
89667967454
89689657454
89657533996
89857730825
89858430825
89627447454
89687907265
89646772925
89659672925
89659818535
89868723996
89629139706
89361173265
89869853265
89696608535
89696270265
89858127265
89868951325
89657920265
89696512925
89867520265
89647160265
89869124925
89866186265
89869099706
89626652925
89658911325
89628465325
89646329454
89869047265
89678661265
89859372265
89697734825
89659163325
89638476125
89856586125
89629428454
89658136125
89839991265
89666236125
89638669454
89868276454
89856097325
89838092265
89836424825
89866364825
89629347325
89676193325
89869678454
89867559454
89676918265
89657372325
89686396706
89659907535
89647682325
89868213325
89581182325
89648463454
89649234996
89686792125
89867639325
89839553454
89837084996
89361166706
89657008265
89869874996
89839917535
89868617535
89678019325
89867524996
89638960535
89669312125
89656868265
89658902125
89668818645
89857488265
89666573925
89866496645
89698394706
89658014706
89667151454
89657528645
89839594706
89637903925
89867150454
89866851454
89868785645
89686925645
89858671454
89667509645
89627670454
89686610454
89696986645
89867625645
89859892825
89659947706
89658622825
89867812825
89856130454
89866130454
89667295706
89678273825
89647039535
89867148645
89639003825
89676626996
89581174454
89837174454
89658425706
89866934454
89866008925
89361186996
89658712454
89646921706
89361178925
89646988925
89649488925
89838610706
89859556996
89689013825
89857978925
89867668925
89627533825
89649150925
89869262706
89638326825
89668036825
89667635996
89649118125
89627976825
89837536825
89666856825
89856570925
89856858825
89868156825
89627219996
89698079996
89859086825
89627321825
89647568125
89867560925
89626041825
89659904535
89837968125
89689018996
89628253535
89697426925
89657703535
89666444535
89658555825
89867571645
89647277996
89626497996
89639138996
89837725825
89858808996
89839935825
89868790125
89158657317
89066585025
89109729317
89168039317
89036295525
89038850525
89167285525
89178950525
89036895025
89159505525
89159635025
89011117525
89107472106
89057426717
89109408225
89106358225
89167766717
89197855525
89106709317
89066335525
89991169317
89011187525
89068209317
89196165025
89178146717
89199669317
89108302317
89109165525
89199656717
89166632106
89168965525
89158922106
89011172796
89198543417
89159293417
89291193417
89037407717
89808674717
89178474717
89178505580
89771117717
89199790417
89178506580
89011164717
89099126580
89198897717
89156897717
89167635580
89808910417
89771119580
89199135580
89178238580
89109437717
89167837717
89177856580
89157880417
89036532796
89196868580
89178322796
89176681417
89178633896
89991162417
89066761717
89157985717
89251171717
89067651717
89097663796
89159563796
89109590717
89106674417
89106417796
89059008896
89251189525
89039458896
89098589525
89168747025
89159257025
89037802417
89107265717
89098612417
89109449525
89197778896
89198842417
89159260717
89059513796
89166468896
89261193796
89771171796
89199081717
89169993796
89157585106
89011166796
89068575106
89177015106
89197491796
89037566796
89036756025
89157876796
89168408796
89176910025
89179290025
89106486796
89109752717
89179886796
89037360025
89058221796
89109288796
89056100896
89809584525
89156600896
89167281796
89178122717
89196723717
89178733717
89167353525
89058330106
89991161580
89057241025
89059041025
89806403525
89176785796
89198914525
89166429025
89106326896
89168644525
89011164525
89107898025
89109339025
89991190106
89251186896
89011111580
89176064525
89156656896
89291160106
89069702580
89291111580
89177001025
89109483580
89038581580
89169668025
89178933525
89199897106
89156007896
89197039896
89057271525
89809915896
89178063580
89158427896
89166894580
89056529106
89261177106
89157392525
89157517896
89807887106
89166169896
89808287896
89179719896
89169724580
89176224580
89067310580
89109252525
89098937896
89198252525
89199049896
89166587896
89159859896
89806196535
89037569106
89199922525
89991111525
89108349106
89159607645
89178263125
89808255454
89058704265
89199641125
89991174125
89198964125
89106644265
89177675454
89991171125
89166499825
89058786535
89059237645
89069637645
89991199825
89108913125
89166821996
89291111996
89808062996
89167847645
89261167645
89807085265
89098524125
89108362996
89106407454
89159304325
89991161925
89158191925
89251166325
89157955265
89177390825
89198166325
89036144325
89096666325
89807120825
89169244325
89069470825
89109098325
89011187454
89067124325
89261199265
89771111925
89176602996
89067811925
89197979265
89156930825
89199321925
89291111925
89771196265
89108460825
89158733996
89106183265
89157183265
89199496265
89177762925
89176229706
89196627265
89157185325
89109861325
89176491325
89178861325
89098863265
89808538535
89106809706
89099589706
89159720265
89169498535
89158654925
89159938535
89166037265
89991119706
89809101325
89069730265
89106813265
89156732925
89179393265
89169467265
89178033265
89158381325
89056118454
89176262265
89096073325
89166161265
89177150325
89167814825
89038103325
89158206454
89991116125
89198538454
89068260325
89036479454
89037942265
89107688454
89109160325
89011196706
89066432265
89098593325
89156779454
89196122265
89011116706
89107362325
89199923325
89291184996
89806374996
89167404996
89157527535
89176474996
89156363454
89176314996
89176928265
89176775535
89106570535
89106445535
89159697535
89168670535
89177346706
89157746706
89179438265
89169530535
89806084706
89099060535
89196549325
89168122125
89156260535
89158130535
89176100535
89106679325
89156102125
89251162825
89059784706
89058857535
89991172825
89168816645
89251185645
89157071454
89069528645
89066106645
89196344706
89039977706
89176824706
89809279645
89196199645
89056365645
89056442825
89106268645
89098147706
89176288645
89178832825
89107481454
89167293925
89067818925
89168196996
89199739535
89066918925
89159485706
89991185706
89291163825
89159561706
89068303825
89098563825
89196074454
89098608925
89179790706
89251189535
89058889535
89197064454
89166386996
89167387825
89178578925
89197149535
89108568925
89156111706
89159200706
89771185996
89067257825
89156257825
89808895125
89169333825
89167133825
89168608125
89099182706
89991195996
89178071825
89036335125
89169235125
89068958825
89177598125
89011165996
89011119996
89066178125
89807965996
89809260925
89169552706
89196438125
89156252706
89158388125
89156665996
89107111825
89108332706
89151111825
89169468125
89179713706
89199696925
89011166925
89108985825
89159704535
89196885825
89176040996
89157027996
89291191645
89037127996
89108263535
89066105825
89808058996
89167228996
89179755825
89057315825
89106655825
89058946925
89177970996
89251190125
89198570125
89166746925
89991190125
89667821645
89648041645
89859630996
89581111645
89666097125
89856032645
89867597125
89866223535
89656934645
89866339925
89868007925
89361191535
89649490645
89676309125
89677209125
89657645925
89679724645
89698164645
89867917925
89637587925
89636212535
89838264645
89687447925
89867552535
89869780645
89856559925
89669529854
89667551135
89657195435
89856323645
89856384196
89677108765
89659317635
89868614196
89581166565
89839815435
89669643135
89857069854
89857024196
89678261135
89659749854
89627013135
89668614135
89641111985
89866511985
89648218354
89687474354
89866767635
89858496354
89676494354
89698625196
89857928354
89857546354
89648465196
89688000854
89858280854
89868864354
89638957435
89869430854
89581168354
89868900854
89867101935
89869693985
89666063196
89648491354
89668104935
89869923985
89866518565
89689503196
89866716196
89857404935
89868385354
89866274935
89689125354
89697008565
89666746196
89668998565
89669477196
89866426196
89686699765
89838335354
89687942935
89868489765
89626464935
89628137196
89689111354
89837999765
89648813196
89859102935
89867279765
89866268565
89628933196
89657873354
89658973354
89581173354
89667034854
89857053354
89678744854
89679206435
89678376135
89866550354
89696226135
89637092196
89699286435
89868044854
89667920354
89646752196
89698152196
89869908435
89689087354
89629412196
89678879435
89626859435
89638157354
89836542196
89838978435
89857988435
89869723354
89686272135
89638752135
89866185565
89866095565
89857473435
89867734985
89867414985
89657537565
89869225565
89856809354
89669102354
89638427765
89646904765
89697018635
89869393435
89636905635
89677528635
89696790435
89639415635
89837250435
89678397765
89647170435
89869834765
89626397765
89676264765
89697220435
89857666635
89659337765
89676319635
89837025635
89628199635
89686330435
89668522854
89857299635
89669543935
89868630435
89867456635
89361188635
89689457765
89867100435
89867301435
89696804435
89839113935
89686471765
89676628935
89836253854
89628327854
89859416985
89628091765
89667392435
89867751765
89867551765
89699609565
89868692435
89858617854
89656380765
89867498935
89636488935
89868024435
89836046985
89867364435
89866360765
89639396854
89858888935
89686328135
89838993854
89649316854
89581185135
89629485985
89698128854
89667935135
89688545985
89637670935
89867975135
89866466854
89626976854
89868918135
89627846854
89669888135
89677321854
89689979985
89696865985
89687242765
89687488854
89866199985
89837699985
89581188135
89666268135
89856842765
89869856854
89868502765
89867212765
89636507985
89677961635
89678340135
89868172635
89647736935
89666891635
89659691635
89867495854
89859540985
89647225854
89676008985
89857905854
89859651635
89859234565
89657710135
89646390135
89858436935
89869775854
89867097985
89638931635
89858054565
89867320985
89628852635
89869980985
89669348985
89857250135
89837711635
89867268985
89361197135
89678740635
89867167985
89858197135
89361163635
89666763635
89856153635
89857685935
89867827935
89657135935
89686870635
89858371565
89867371565
89866651565
89688719935
89676799935
89839009135
89869577135
89669079135
89866199135
89858989935
89647632565
89636093635
89859759935
89648781565
89636407654
89668695445
89648495445
89856101565
89677172017
89859207654
89838084117
89867363117
89361169806
89856326545
89678287654
89696732017
89838893117
89856045445
89859737654
89646879806
89669047654
89859487654
89859778754
89679682017
89686661917
89659891917
89697091917
89649594335
89628685206
89696574335
89686928335
89696397445
89636476335
89838736335
89628476335
89639999206
89866993017
89626670806
89581117445
89666310806
89867117445
89649865206
89869356335
89859799206
89658634017
89667748335
89697296206
89679796206
89581194017
89699282917
89859048335
89667834917
89581182917
89648103206
89867804917
89856890206
89647877206
89667731335
89648556206
89866177206
89581164917
89696030206
89669760206
89636993206
89699172206
89687729445
89687239445
89659539445
89866347206
89697683335
89867922917
89866048545
89868841335
89856767206
89868739445
89628083335
89646991206
89679516117
89868391206
89856034806
89839034806
89866490335
89857006445
89807860996
89068180125
89291188996
89196433535
89106353645
89168197125
89196483645
89167429925
89808503645
89096027925
89169385925
89106514645
89011189925
89176067125
89176797925
89069035925
89176699125
89097510645
89166669925
89099237925
89198487925
89159637925
89169279125
89056142535
89011118765
89011196565
89166447925
89039933645
89096941535
89771116565
89251183135
89058916565
89167674135
89068664135
89167991985
89159471985
89991191985
89109026565
89096436565
89179315435
89107471135
89177935435
89176571135
89011178765
89196477635
89156069854
89198221135
89107937635
89991119854
89059143135
89068121985
89157268765
89198347635
89196714135
89197734135
89991183985
89168007435
89809066354
89177714354
89068036354
89108345196
89158625196
89068089196
89066869196
89159824354
89167877435
89109037435
89809532985
89158437435
89261178354
89039302985
89036456354
89166202985
89196742985
89199060854
89198800854
89157042985
89167468354
89251193985
89011118565
89097193985
89179943985
89011171354
89037033985
89068927196
89107051354
89291176196
89066366196
89196855354
89066158565
89038335354
89806931354
89167746196
89037837196
89991199765
89159137196
89106079765
89066947196
89166700196
89156311354
89178647196
89156962196
89199491196
89199134854
89291176435
89068306435
89159036135
89011187354
89011178435
89109410354
89198920354
89176677354
89036531196
89057531196
89176352196
89198356435
89198337354
89991180354
89036387354
89106988435
89178979435
89178732196
89807150565
89039281196
89109429354
89106233354
89069372354
89068784985
89067918196
89011166765
89157229354
89991195565
89991162135
89251174985
89096303435
89109303435
89991175565
89196103435
89107236765
89037644985
89197792354
89159408196
89198566765
89011165565
89068178196
89056786765
89011182135
89806993435
89098687565
89098800565
89069132354
89099222354
89159523435
89157002135
89156153935
89809636635
89807906635
89991182854
89261194765
89109234765
89168403935
89178306635
89177444765
89158292854
89251169635
89108577765
89011188635
89167864765
89097160435
89197042854
89199230435
89069911435
89251196985
89059572435
89037761765
89771190765
89169495765
89037271765
89109028935
89158714435
89198634435
89197671765
89166836985
89198397854
89179470765
89158170765
89069017854
89106098935
89067480765
89106180765
89109554435
89036012435
89067402435
89036937854
89108380765
89158687854
89056822435
89198249565
89809096854
89167823854
89171111765
89108781765
89168313854
89197718854
89106108135
89108139985
89199196854
89176028135
89109591854
89806418135
89169605985
89159263765
89166035135
89038390935
89039158854
89179745985
89057265135
89036419985
89197110935
89159999985
89169080935
89831111854
89069743765
89199865985
89178200935
89097813765
89178713765
89291172635
89058048854
89156233765
89196196935
89096040135
89106485854
89169395854
89198684565
89159130135
89158840135
89991118985
89066085854
89059940985
89166540985
89261191635
89809792635
89168191635
89991194565
89056015854
89067690985
89097215854
89178866935
89809410985
89108497985
89109658985
89106210135
89197270135
89177410135
89159654565
89109910985
89198180985
89169800135
89197300135
89168731635
89039680985
89096350135
89158530985
89038660135
89037660135
89109311635
89176000985
89176960985
89107232635
89057193565
89166580135
89196081635
89107667985
89198497135
89196482565
89178250635
89176214635
89107609135
89771177935
89199659135
89178117935
89251199135
89169764635
89991187135
89191111565
89176200635
89106779935
89108501565
89066133635
89069581565
89159196545
89197507654
89159485445
89176741117
89196541117
89158851117
89056927654
89069294206
89011198754
89179766545
89198244206
89178721117
89196846545
89106824206
89196519806
89096611117
89096487654
89197319806
89107431117
89058103117
89199431117
89771163017
89069968754
89109968754
89156642017
89036363017
89057539206
89168183017
89107790806
89168890806
89169958335
89168976335
89159745206
89177558335
89107586335
89177838335
89168737445
89809623017
89056965206
89167378335
89251111917
89068211917
89167167445
89199560806
89159460806
89177581917
89159667445
89199614017
89198641917
89039839754
89198383206
89039750206
89199685335
89991161335
89168116206
89291174917
89991116206
89991194917
89066990206
89098255335
89291170206
89068954917
89038624917
89168876206
89156989754
89166109754
89991189754
89106642917
89067268545
89178942917
89178347206
89158960206
89809118445
89067188545
89066632917
89196732917
89178584806
89058318445
89159804806
89991196445
89199053335
89097082206
89109361206
89058086117
89168796117
89037074806
89167494806
89067036445
89109426445
89581116117
89857926445
89837016117
89581117335
89638119445
89658687335
89858620335
89868480335
89581187335
89669701206
89697357335
89646043335
89839387335
89626422206
89866088445
89858788445
89636439335
89659095545
89839485017
89628353445
89679455545
89636045017
89676997545
89867192117
89868492335
89867217545
89628689335
89687282117
89867187545
89647442117
89656984754
89838388206
89868468206
89858923445
89837023445
89647871445
89869829654
89868734754
89869014754
89869275654
89656677754
89699386654
89868370445
89856198654
89628686654
89859737754
89637267754
89676397017
89869100445
89629433917
89688772445
89581197017
89638491754
89667405754
89679705754
89867539545
89628329545
89647344445
89696558917
89636824445
89839675754
89627108917
89648631754
89676631754
89649749545
89678959545
89679047806
89867312445
89869342445
89637718806
89638048917
89851111754
89857811754
89676740917
89867093806
89867701754
89649440917
89858986017
89858218806
89697445117
89659976806
89839428806
89657478117
89649636017
89856926806
89856798117
89859346017
89628270017
89678978806
89657302754
89869618117
89857520917
89866126017
89581198806
89628920917
89666702754
89648778806
89667021806
89628021806
89699458117
89667481806
89837502754
89649501806
89856921806
89639284545
89657133754
89869280017
89696963545
89676105806
89858995806
89668298017
89696618017
89869763545
89581166917
89636925806
89858906917
89361164545
89667402654
89638050117
89698269017
89637848017
89648088017
89869160117
89698785917
89866781654
89676891545
89638974654
89858829917
89638329117
89667797917
89676825917
89627990654
89649489917
89658377917
89839992545
89866197917
89686831545
89869409917
89837620654
89679730654
89868120654
89866010654
89648443654
89681111545
89868559917
89629281545
89581111545
89657462006
89839857917
89869841545
89857213654
89581116554
89668706554
89656906554
89361166554
89698017665
89659338745
89667424217
89857144217
89581171145
89869835465
89866569817
89867146554
89656344145
89679902006
89679163006
89869222006
89649595217
89666896345
89678207465
89696861906
89868534145
89858463006
89869384006
89628540817
89646704006
89696836345
89869474345
89689208345
89857134345
89868314345
89649269217
89639125217
89856904006
89659653006
89361189217
89679224345
89629864345
89688111906
89659401906
89858580817
89859821906
89867130817
89581181906
89869560817
89867923006
89629748345
89649561345
89857748345
89867196217
89677266217
89648015345
89697735345
89858494906
89629715345
89656435345
89639797217
89837534906
89839715345
89866990217
89838044906
89868026217
89628409745
89698152906
89698437217
89856858554
89868624906
89667102906
89838577217
89688343217
89639130217
89669443217
89688022906
89696441345
89866247217
89837801345
89656306145
89868739465
89866929465
89637190345
89638316145
89859340345
89839451217
89361169465
89636398465
89856326465
89638652217
89858720345
89629331217
89857456465
89667996745
89696507554
89626057345
89581181217
89869679465
89836460345
89856948465
89667290554
89859640554
89699745006
89697970554
89858972145
89858508217
89867297554
89628892345
89688380554
89636922145
89858099345
89856059345
89581160554
89679883906
89698261465
89868633465
89646092817
89838363906
89688998665
89836955665
89636499665
89657299665
89679209665
89696109665
89868070465
89677130465
89857446665
89656443906
89668067745
89867000465
89648272465
89857081465
89677605745
89867329554
89629204465
89668490745
89686945745
89649909554
89696038906
89696610745
89868517817
89868635745
89669387817
89676130745
89699021745
89867577817
89866480745
89646122465
89667860745
89859557006
89867137817
89839937817
89869059554
89678641745
89859078906
89867749554
89621111745
89868393817
89649916817
89649905145
89688103745
89856263745
89859663745
89868763745
89679625145
89688990006
89649210906
89868426006
89581180906
89666866006
89659422745
89626812745
89656022745
89668560906
89681111817
89868502745
89837712745
89627088817
89697148817
89647196906
89838250006
89867351006
89868319006
89809256445
89096336117
89156546117
89198626117
89199170335
89097970335
89157509445
89991198445
89809021206
89066324806
89169899445
89057202206
89806323335
89771162335
89179402206
89106678445
89157660335
89771172117
89169407545
89771163445
89068753445
89108173445
89169118206
89178285545
89068185545
89166605017
89066992117
89178563445
89771177545
89179790545
89991166754
89177910545
89176037545
89169312335
89168059335
89199342335
89107600545
89168049335
89157588206
89167060545
89157623445
89057657545
89167867545
89169096654
89261182806
89197239654
89167714754
89178527754
89096144754
89158026654
89176306654
89167838654
89011119654
89057346654
89107909654
89179320445
89109324754
89036431445
89068802806
89199337754
89199780445
89198847754
89166957754
89097284445
89037961754
89059594445
89107417017
89197094445
89036934445
89097227017
89177844445
89199775754
89156817806
89099977806
89771178917
89178309545
89157220754
89807921754
89176819545
89156464445
89159057017
89158057017
89039260754
89771196806
89167130754
89011173754
89109523806
89178860754
89991183754
89251162754
89056657806
89106296806
89106630017
89166640017
89156908117
89107005117
89261195117
89166095117
89098956017
89108706806
89199928806
89159563754
89106598806
89197746017
89059700017
89176288117
89991186806
89806860917
89809001806
89066480017
89991188806
89178380017
89291111806
89059668117
89199080017
89011163545
89108762654
89167953545
89099361654
89057916917
89157895806
89159041017
89108882654
89056461654
89771198017
89067805806
89771118017
89991116917
89158682654
89036499017
89039600117
89198578017
89291160117
89038931654
89037881017
89156231654
89011181654
89057289017
89106750117
89169879017
89159031017
89291161017
89097258017
89167533545
89197249017
89177639917
89199739917
89057241654
89058429917
89158749017
89166233545
89178362545
89167323545
89771175917
89196663654
89167305917
89059603654
89197903654
89807409917
89808264654
89771180654
89167109117
89108917917
89059920654
89179369917
89059577917
89068654654
89058377917
89169252545
89011173145
89808696554
89159959917
89198449917
89196149917
89108422545
89069547917
89057493654
89806329817
89069749117
89158863145
89097154145
89107428745
89176441145
89199973145
89771176554
89107634217
89176352006
89156515465
89199614217
89169826554
89166408745
89196597665
89991176554
89039977665
89157858745
89156077665
89179199817
89179732006
89809357665
89198053145
89169581145
89771194145
89037565465
89068559817
89066901145
89157331145
89177901145
89168261145
89198459817
89036379817
89261173006
89806395217
89177484006
89167707465
89059884345
89106529217
89806651906
89169984345
89169204345
89196150817
89197674006
89166374345
89198106345
89808978345
89059724345
89158309217
89036910817
89039356345
89108230817
89199549217
89168488345
89251167465
89991111906
89109981906
89159444006
89251162906
89011185345
89039796217
89177041906
89157362906
89179072906
89066372906
89177318554
89179683217
89178185345
89178271345
89099191345
89037526217
89011187217
89107010217
89109337217
89157969745
89159937217
89058349745
89167168554
89177432906
89068948554
89809082217
89108953345
89169418465
89167729465
89261182217
89771176145
89037386145
89066496145
89098961217
89167218465
89197018465
89197304817
89157982217
89098761217
89109963345
89176594817
89196506145
89178651217
89037658465
89108108465
89057589465
89059620345
89058777345
89177120345
89166099465
89058249465
89157021217
89808333345
89771183465
89107122217
89159388465
89807416745
89098093345
89038823345
89199413345
89196932217
89261183465
89808873465
89107795554
89109385554
89197727554
89107763465
89199006745
89099966745
89167417554
89098045554
89196269345
89099677554
89097956745
89106719345
89771179345
89176919345
89168137554
89169759345
89198022145
89806884745
89058900554
89107200554
89808384745
89291182145
89109502145
89157882145
89108627745
89157916665
89157016665
89991174745
89057128665
89098128665
89107266665
89806198665
89156014745
89168075665
89106436665
89059226665
89176397745
89168445665
89039020465
89168454745
89177869665
89159812817
89158065665
89158930465
89291167745
89036922817
89166943906
89011185745
89806740745
89037629554
89771171745
89166497006
89069150745
89166827817
89179434465
89197475745
89037437006
89169127006
89991197817
89291198906
89808152465
89106277817
89067309554
89251199554
89167920745
89036757006
89106587817
89107319554
89037259554
89097102465
89056457006
89057900745
89068522465
89107988906
89991168906
89197043817
89011116817
89096230006
89038573745
89178228145
89197661817
89106195145
89261176817
89109798145
89199426006
89159992745
89039770006
89166678145
89156678145
89166265145
89291188145
89109388817
89199888817
89106823745
89177793745
89179201817
89991182665
89198073554
89177485817
89657429006
89697163554
89697305817
89648006906
89858634554
89646156906
89668924554
89858418006
89856359006
89666550145
89669542665
89668388006
89361160145
89667801006
89651111665
89646450145
89869800145
89858486906
89858556906
89866781006
89626242665
89666953665
89637507906
89648607906
89636584665
89869648006
89627713554
89657285906
89638439906
89866523554
89669104665
89867241665
89868495906
89648827145
89669145906
89677145906
89659720665
89629977145
89857875906
89699419906
89836139145
89671111554
89668347906
89361111554
89857849906
89858949906
89678396516
89639529866
89869213665
89698827629
89679174182
89839557906
89649105407
89667955407
89656997629
89657276516
89638935407
89696125407
89639221166
89856371166
89868871166
89668601166
89687633166
89581187629
89697802066
89856112066
89361183066
89656371953
89678428299
89659583066
89581161953
89869727407
89866094299
89858605182
89868671953
89857564066
89859590866
89869306299
89637180866
89866945182
89679278299
89659265182
89697699182
89856477407
89869269182
89676213066
89638778299
89658243066
89869724299
89666847407
89676081953
89866903066
89669772953
89839468299
89868948299
89689966182
89656298516
89869563182
89859426182
89649124953
89626776182
89649052953
89667764953
89648788516
89668660182
89858656182
89869112953
89669940299
89669261182
89657082182
89869182182
89581190299
89647809407
89668024866
89867744866
89668156407
89629754866
89859846407
89627252182
89689678407
89629522182
89626979407
89699367299
89679248407
89686113299
89856321182
89859900299
89687139299
89869981182
89866067299
89581172299
89836183407
89677505516
89361163407
89649298182
89697237516
89869346741
89866125516
89581180516
89687584741
89361167516
89856549299
89856778182
89688729629
89868296629
89637828629
89647794741
89687394741
89639866629
89859140407
89626755629
89626844741
89666646629
89857803953
89856276629
89698099629
89869976629
89866108629
89859877741
89866998629
89687511407
89859924741
89856119629
89867659629
89867481407
89858467741
89361161741
89866781407
89581173866
89626683866
89637251741
89361191741
89867340741
89859805741
89676520741
89656208953
89669109516
89869307066
89869492407
89639619516
89838658953
89668949516
89667059516
89678987866
89676443866
89668859516
89867687066
89866231741
89838831741
89626142407
89676667866
89699901741
89686201741
89636201741
89688285166
89869588953
89666705166
89859493866
89859993866
89686991866
89679306066
89859030066
89867108166
89627782741
89581116866
89679036866
89659236866
89839691866
89857882741
89689770953
89868956066
89857490953
89856228866
89581170953
89859292741
89581190066
89678566066
89649566066
89656542741
89859243741
89666328066
89858272629
89868383516
89666776953
89866906953
89669156953
89838215866
89857818066
89628671066
89868935866
89638681066
89686001066
89867339066
89657022629
89361188066
89857881066
89866850166
89836712629
89857142629
89859301066
89657953629
89668584629
89677729953
89858243516
89677505953
89637063629
89856929953
89657707166
89656315953
89696574629
89688303629
89626471516
89866394629
89858255953
89858737166
89679631516
89868967166
89856425953
89677002516
89838125953
89647830629
89856099953
89869357166
89647393629
89659911516
89679911516
89859612516
89839402516
89361111516
89856021516
89857121516
89866347953
89627679953
89689839841
89858432516
89581196482
89868884082
89859174082
89857304187
89666093082
89636358729
89859194187
89867572055
89697169841
89678689841
89677186482
89659364187
89858317607
89869108729
89866469841
89857624187
89678123082
89837078729
89866168729
89626157607
89667829187
89677928282
89836796282
89648938282
89668720841
89667069187
89668053055
89687149187
89678019187
89699260841
89676411955
89839431955
89869210841
89868231955
89639184955
89656140187
89678916187
89869853187
89629404955
89659434955
89659654955
89646546187
89869297187
89699819729
89656137187
89646764955
89866535282
89657987187
89869589729
89838137187
89099561665
89291166906
89098351665
89109151665
89168663554
89178429006
89158703554
89177844554
89056645817
89097992665
89169935817
89176692665
89068499006
89178824554
89059511006
89169600145
89176781006
89176288006
89039401006
89107931006
89261168006
89251181665
89057869006
89106741665
89059901665
89069153665
89098604665
89166361554
89109973665
89057477145
89106177145
89168903665
89196890665
89107192554
89169892554
89159625906
89177789906
89801111554
89179864665
89177010665
89037800665
89157632554
89057441554
89291184166
89261184182
89037696516
89096363166
89057023665
89059607629
89169484166
89176507629
89098139866
89199516516
89157641166
89156204182
89198451166
89167264166
89157293166
89038117629
89771119866
89806649866
89261199866
89059603166
89106937629
89159511166
89198059866
89198303166
89106578741
89197578741
89158878741
89059861166
89168088741
89157647629
89809095182
89166957629
89107318299
89157196299
89059740866
89037061953
89176304299
89177027407
89807354299
89197290866
89056817407
89099417407
89197817407
89169136299
89991176299
89107745182
89096720866
89166738299
89167277407
89058478299
89037549182
89158349182
89166547407
89177701953
89166134066
89177618516
89168739741
89177484953
89198296182
89039561299
89176550182
89109306182
89066115299
89158070182
89107989741
89156789741
89168109741
89156386182
89177986182
89167519741
89809281299
89178152953
89178210182
89056578516
89806093182
89056365299
89106749741
89057342953
89069711299
89771173299
89039301299
89157447182
89196688516
89991188516
89067623182
89106541299
89156701299
89166133182
89199623182
89809214866
89178639407
89806736407
89166582182
89066491182
89056934866
89179828407
89196071182
89159863299
89166506166
89197406407
89199546166
89809664866
89177136166
89199776407
89198077299
89807181182
89058931182
89107712182
89809085066
89037868407
89011172166
89107757299
89057583407
89156796741
89058416741
89198673407
89199895516
89291192166
89099826741
89106892299
89168397516
89058846741
89178686741
89771182166
89108822166
89067687516
89157580516
89166012299
89169780516
89156912299
89197465516
89991160516
89067922299
89179322299
89251183953
89108283953
89068333407
89067042166
89198539629
89157383953
89178772866
89991173953
89168461407
89157461407
89199582866
89771192866
89109790407
89069544741
89038106629
89056236629
89771189629
89251197741
89108325629
89098289629
89169317741
89156308629
89157389629
89069056629
89167319629
89176786629
89178380407
89099759629
89177988629
89166032866
89107860407
89067481407
89107604407
89168683866
89159153866
89167053866
89291174407
89196840741
89011169516
89178075741
89039225741
89036354407
89038410741
89096637866
89158487066
89166510741
89167852407
89106149516
89807141741
89197912407
89198522407
89991111741
89197841741
89197733866
89157968953
89011116866
89807975166
89106767866
89157133866
89096805166
89108940066
89166173741
89251175166
89771116066
89057095166
89109063741
89991116866
89011118166
89039935166
89168276066
89036136866
89198656066
89011186866
89038146066
89167436066
89109898866
89157165166
89159746866
89038522741
89157250066
89176648166
89107248866
89099181866
89107101866
89068813741
89156058166
89108284516
89771116953
89196419066
89109685866
89197516953
89198351066
89991185866
89011176953
89108191629
89806092629
89166474516
89991174516
89057515866
89178526953
89011190166
89069915866
89198476953
89178071066
89991171066
89011160166
89169254516
89169918066
89177235866
89198921066
89166539066
89096531629
89808723516
89991186953
89158131066
89178842629
89196231066
89151111629
89991111629
89107049066
89099658066
89771195953
89167401629
89157658066
89198353629
89991162516
89059391516
89038692516
89991197953
89261189953
89809902516
89156135953
89167089953
89107899953
89069139166
89159710629
89806481516
89107437953
89196910629
89106542516
89197160629
89178089166
89067993629
89109996482
89291163082
89057439841
89038218729
89178029841
89198396482
89991118729
89197104187
89068952055
89097934187
89038505382
89069534187
89108314187
89167072055
89809738729
89068315382
89179615382
89806986482
89108435382
89099435382
89196575382
89991197607
89771178729
89166569841
89991117607
89106364187
89057586482
89159938729
89261165382
89177065382
89808984055
89096957607
89176879841
89156144082
89169707382
89807864055
89159507382
89166196282
89057940841
89057474282
89157571955
89178128282
89196290841
89196904055
89808486282
89199376282
89177269187
89169254282
89291186282
89179777382
89169853055
89096359187
89991178282
89066459187
89108633055
89156678282
89099323055
89168014055
89991181955
89177114055
89011194955
89199604955
89261163187
89808444955
89109805282
89807076187
89807845282
89169463187
89178551282
89067703187
89066276187
89196315282
89057117187
89107917187
89107569729
89196898482
89099719729
89196902955
89198787187
89058100187
89177360187
89699601282
89636396382
89696781282
89628672187
89649356082
89629882187
89647216082
89857140282
89869091187
89627456082
89698509382
89646109382
89658777282
89867116082
89679602187
89869246082
89679078382
89679088382
89646368382
89687960282
89867259382
89869149382
89659485055
89856743282
89361195482
89867962282
89866881187
89679903382
89688652082
89659315055
89698675482
89867806729
89866328187
89858315055
89837426729
89678780482
89856386729
89646023382
89647613382
89869159282
89656253955
89838512082
89626548187
89628942082
89677104729
89868042082
89869823382
89859923382
89869429607
89688971382
89869005607
89581175607
89837490382
89869134729
89869863955
89866497729
89638630382
89659478607
89668786607
89869235607
89697942841
89856810382
89858137729
89869612841
89699367729
89656729482
89838248607
89649071729
89867618955
89637707055
89699674382
89669290729
89666058955
89867434382
89626167055
89689877055
89656999482
89859227055
89867875729
89866877055
89687442382
89681111729
89679093841
89669582729
89678540955
89657573729
89636340955
89866541729
89839348955
89637371841
89669106055
89868482729
89668376055
89868616841
89659292729
89639946055
89686698841
89869366841
89867026841
89686086841
89868708841
89867536055
89696960055
89639842729
89689060055
89647721841
89867490055
89859538841
89869270055
89858025082
89637100955
89697560055
89676523729
89679780055
89627888841
89838132729
89867158082
89581162607
89639661607
89867808055
89581119055
89659194482
89836516955
89698144482
89648991055
89869563482
89867844482
89636424482
89866503482
89857245841
89856376955
89686162482
89689468055
89668449055
89668839955
89649363607
89856007955
89866740607
89688477082
89866863607
89658847082
89676039082
89666052482
89698352482
89696952482
89647902482
89868999082
89859220607
89859499082
89838157082
89636301482
89837565955
89668581482
89689933607
89656795387
89646262053
89679016487
89859396487
89687391087
89688934253
89867351087
89866705387
89858692053
89646277599
89649238682
89869536487
89869525387
89867008682
89628324253
89687403087
89866819782
89696847599
89581178682
89629087599
89656667599
89666524087
89699023087
89866965387
89667339253
89656983053
89867842053
89838342053
89866624087
89361195253
89697016366
89866807387
89868339253
89626374053
89679028366
89869340782
89679575253
89627604053
89697558366
89689498366
89697645253
89857404053
89637620782
89637654366
89686724366
89866793053
89858797387
89649187387
89868410782
89866920782
89869037387
89686034053
89867403053
89868523053
89836141966
89669927253
89858796253
89668463253
89869714966
89838314966
89628275366
89688025366
89858451366
89627875366
89639224966
89699259682
89646259682
89859470253
89639187253
89869369682
89637079682
89868031366
89648284782
89867087253
89859678487
89689439387
89629548487
89677661253
89649282253
89856733253
89869833253
89857433253
89639314782
89859829387
89581116387
89668703366
89648156087
89858616387
89857391253
89868571253
89868144782
89696577366
89679938387
89699299387
89867426087
89867776087
89628989387
89697487366
89857036087
89666666087
89698988387
89581187366
89649232253
89857337366
89679193366
89868400366
89868622253
89649196682
89638639366
89666782366
89868953387
89667563387
89649792087
89867307487
89866185053
89869182366
89656475487
89696466682
89869058253
89859825487
89837955053
89657168253
89867565053
89867300487
89659918599
89838447487
89638750387
89636085599
89866984682
89676806599
89836561387
89869734682
89838882782
89857975599
89648689599
89678469599
89667609599
89857045599
89581198599
89649059599
89361165599
89648822782
89869530387
89679248599
89697497053
89649381387
89869157682
89638171682
89698227053
89581167053
89656025682
89869175682
89837914387
89638410682
89868075682
89669080682
89667864387
89699259487
89637365682
89866264387
89647741682
89688148966
89647472682
89637881682
89697962682
89869011682
89857179487
89861111682
89867043782
89647005087
89868283682
89667575087
89658751782
89869482682
89637226782
89637545087
89856706053
89361170966
89867436782
89626055087
89859278087
89869992682
89866918087
89771161187
89771118382
89059541282
89177923187
89168467187
89158933187
89158739382
89807571187
89107816382
89166961187
89156886082
89809736082
89067963282
89197661187
89196503282
89098416082
89037326382
89177938382
89169098382
89176924841
89771160282
89106259382
89167302187
89991166082
89179281187
89157913282
89109696729
89036872282
89178695482
89058682282
89107916729
89037635055
89168550482
89166005482
89159375055
89156175482
89809546729
89096575482
89199145055
89157508187
89097509282
89177017482
89168017482
89771168187
89058480482
89806912082
89166319282
89166232082
89169478187
89261168187
89109322082
89198112282
89097160482
89198029607
89176529607
89991196607
89067683955
89058940382
89196395607
89159727729
89178540382
89106391382
89197994729
89057190382
89167806607
89991166607
89261197729
89771164729
89067792841
89098455607
89097476607
89806486607
89808619607
89097389607
89166820382
89011168607
89179842841
89197960382
89808184382
89168001382
89251172382
89069567729
89176357729
89167141382
89157141382
89107739482
89179307841
89169291729
89177605729
89157614382
89808720729
89057544382
89177137055
89197790729
89261177055
89808099482
89037235729
89177945729
89169492382
89158508955
89109257055
89809749482
89166654382
89807732382
89098331729
89197521729
89066887841
89196078955
89106432382
89177032382
89157057841
89991111729
89169740055
89159496841
89156272729
89108716841
89291161841
89059595082
89167986055
89178963729
89196275082
89168835082
89168995082
89107526055
89167608841
89179408841
89011178841
89158398841
89176170055
89179210055
89156746841
89991170055
89059202729
89176400955
89198981841
89038133729
89057183482
89108595841
89199208055
89991196955
89166273482
89808891055
89067491607
89196795841
89168673482
89176963482
89179834482
89176129055
89157434482
89107391055
89109998055
89808911055
89166671055
89159254482
89059686955
89058760082
89037452607
89177621607
89199642607
89037913482
89057713482
89156022607
89808851482
89059484607
89169323482
89158658055
89058653607
89059695955
89069929955
89176039955
89807810607
89177467082
89178575955
89059289955
89059225955
89157070607
89168745955
89067909955
89179709955
89196210607
89198480607
89169164607
89066565955
89157630607
89291169082
89108649082
89011116487
89059907599
89156907599
89199707599
89178351087
89037927599
89067792053
89036352053
89168127599
89197894253
89096252053
89198374253
89158626487
89771164253
89179926487
89037576487
89166499782
89198013087
89196143087
89198944087
89037367599
89158233087
89176114087
89168173053
89097095253
89156240782
89166016366
89991171966
89036051966
89196515253
89109126366
89107397387
89159766366
89011119253
89108376366
89108908366
89057289253
89176954366
89806000782
89196099253
89108730782
89176559253
89066200782
89177233053
89261181966
89198448366
89261196253
89066939682
89177696253
89806144966
89196450253
89178782966
89158434966
89098506253
89169044966
89169277253
89158198487
89169154966
89197498487
89991198487
89068819682
89261186253
89158580253
89291179682
89809567253
89106249682
89106859682
89156043253
89176460253
89177793253
89177313253
89157757253
89198923253
89068253366
89178829387
89178383366
89991162253
89261161253
89178673366
89011176387
89158828387
89098128387
89098256087
89069417366
89107726087
89167226387
89196856087
89199277366
89991177366
89199038387
89157164782
89107512253
89176822253
89066579387
89169243366
89159641253
89991172366
89197529366
89157173387
89067595053
89178940487
89251192087
89039752087
89196290487
89198092087
89157315053
89291192366
89107645487
89198226682
89169708253
89807037487
89157925487
89167238253
89157238253
89199725053
89037586682
89039165053
89178156682
89291178253
89991165487
89199730487
89099330487
89156222087
89176843387
89157200487
89166532366
89251167487
89039023387
89178396599
89109239599
89177839599
89158683966
89157073966
89036994682
89197204682
89159994682
89196055599
89198490387
89069075599
89198855599
89156236599
89059617682
89069598599
89158624682
89991169599
89109324682
89167552782
89011167682
89107502782
89167321387
89037449599
89157407782
89158384387
89157439487
89807237053
89036963782
89156373782
89157503782
89261190682
89199744387
89176244387
89011180682
89011187053
89108070682
89807952387
89159945682
89156335682
89166208966
89057147053
89179920682
89251199487
89057278966
89069619487
89106437782
89167299487
89096012387
89096049487
89011185087
89808108087
89011196053
89197541682
89771163682
89808166782
89807606782
89808356053
89039253682
89107230053
89108728087
89176286053
89991186053
89178728087
89059861782
89157291782
89108136782
89098026782
89037376782
89057325087
89039546782
89106486782
89659865087
89699131782
89656660053
89699868782
89688580053
89658911782
89678948087
89868060053
89696801782
89639468087
89666419053
89868400966
89657462599
89648783487
89361173487
89677051053
89679605782
89656018053
89867434487
89639356966
89657552599
89656464487
89857376966
89868299053
89687811599
89669031053
89859839053
89677643487
89629643487
89647784599
89686507966
89686772487
89647729966
89666704599
89646161487
89697263599
89866029966
89856661487
89361192487
89656509966
89659589966
89868144599
89627470599
89856025966
89656537966
89698387966
89668787966
89637257966
89868219966
89668901487
89869589087
89677439787
89696529787
89856667966
89668814255
89696371982
89867454155
89867695399
89626591982
89649758699
89857915399
89677831982
89698611155
89866298699
89869887587
89868623155
89699872982
89698684287
89647716287
89869394155
89646682982
89679504287
89867607399
89678871882
89836884287
89626851882
89628651882
89668197399
89697792982
89699876287
89859191882
89859674287
89637952982
89858997399
89859397399
89637019255
89868776287
89648365255
89688111882
89679600787
89639068287
89699932982
89689032982
89678932982
89639443982
89631111882
89866060787
89856247399
89859613982
89676851287
89867183255
89629804882
89628240255
89581171287
89627216255
89657006255
89867527255
89838136255
89361177255
89686664882
89699356255
89867497255
89688087255
89866969699
89647960255
89659060255
89656643255
89698678499
89677822882
89839278499
89868232882
89857539399
89687506399
89859339399
89627316399
89658217287
89636536155
89687726155
89687936155
89869806399
89688110287
89697899399
89696780287
89837008399
89581164787
89698912255
89836310287
89677148399
89668962287
89669584982
89626081255
89859093287
89866239287
89866662155
89657709287
89856934982
89658554982
89668980499
89658309287
89869225499
89626969287
89667530499
89639543399
89678379287
89839037499
89867578255
89866987499
89867430499
89859787499
89361167499
89676184699
89867622287
89868079287
89581182155
89361162787
89697995587
89689161399
89857739587
89868472787
89647551399
89857982787
89856604699
89669276587
89679026587
89856561399
89626671399
89677869587
89637837699
89868719587
89668160399
89628859587
89869678587
89869411399
89659985699
89859648587
89868933882
89361185699
89649405699
89657434399
89657194399
89867472399
89869262399
89857271699
89669838882
89697269499
89858090699
89869815699
89867726982
89629192399
89628145699
89698631699
89639554399
89868817787
89836535699
89627489499
89696812399
89859898882
89638632399
89698759499
89678523787
89657057787
89857556982
89869131699
89646348882
89866100699
89867979499
89626843787
89837088882
89869232399
89667985982
89636850882
89581173699
89686245155
89837185982
89666145982
89869205982
89868190882
89669165155
89361165155
89868356787
89658501787
89858319982
89361111787
89658141787
89677740982
89646930155
89649995787
89838993699
89868222699
89866633699
89628441787
89636373499
89581196882
89866672587
89581116882
89686466882
89581163499
89639508982
89627145787
89666124499
89659837982
89867135787
89858638982
89698950155
89839470155
89857824499
89697581587
89869378982
89866041587
89627662499
89868472499
89638535882
89859717882
89626097882
89658479155
89866899882
89866087155
89637859882
89866331499
89361189155
89867242499
89679496507
89856147882
89866501499
89867157882
89627557882
89696462041
89629441099
89639171099
89866041099
89839534241
89676754241
89638899853
89696199853
89869377616
89656161099
89869603099
89668348687
89636648687
89626079853
89836061099
89361184307
89637804307
89647974041
89699534307
89649364041
89859439241
89868173041
89868084041
89361194307
89868361887
89646044307
89677438307
89649565241
89869569241
89866438307
89626353041
89658533041
89657157429
89859788307
89868779241
89838234041
89868239687
89627185307
89669463241
89676590241
89696190241
89656790241
89858704887
89839344887
89857166241
89066412682
89179460053
89808940087
89058888782
89197232682
89167611782
89011163487
89057240087
89198133682
89158096966
89159519053
89108261599
89197485782
89166161599
89291191599
89807809053
89108474487
89196805782
89158334487
89059491053
89179671599
89251171053
89169244487
89169755782
89196244487
89011179053
89011111599
89107900087
89166450087
89037343487
89199680087
89106193487
89166407966
89169581599
89158893487
89168119087
89169839966
89991162487
89291161487
89039261487
89037827966
89177527966
89176263599
89179194599
89198034599
89011199087
89809770599
89159863599
89159155966
89157192487
89179645966
89176035966
89177620599
89991189966
89197221487
89056713599
89771163155
89809754155
89199911487
89809441155
89106901487
89158701487
89156884155
89176283155
89991118699
89096627587
89159004255
89159661982
89108474255
89069551982
89157951982
89771117587
89108115399
89176115399
89056993155
89067308699
89157997587
89057624255
89197721155
89157724255
89177946499
89107811155
89108264255
89106299787
89196699787
89199911155
89056659787
89056523155
89109659787
89771184287
89197379787
89179214155
89168739255
89056129255
89056139255
89097939255
89177972982
89157084287
89809626287
89067885255
89158427399
89179104287
89196294287
89106228287
89159234287
89056706287
89157555255
89097897399
89179445255
89261199255
89106037399
89097752982
89011193982
89097019255
89198302982
89156821882
89177265255
89179187399
89179987399
89038142982
89106857399
89168584882
89197607255
89196172882
89179418499
89107929699
89807015287
89066916255
89038263255
89158114882
89159791287
89158275287
89097666255
89067690255
89108103255
89167615287
89099576255
89176470255
89199635287
89106898499
89177624882
89097110255
89198752882
89168030255
89158912882
89808353287
89109011287
89177111287
89807472255
89177022882
89099196399
89039596399
89059096155
89038804787
89037696155
89291176155
89057503287
89198371255
89159191255
89109297287
89991176399
89107697287
89809256399
89106558399
89177746155
89176458399
89177309399
89177938399
89991189399
89106186399
89169580287
89176886399
89179252255
89159666155
89066000287
89108243287
89291184982
89809005499
89107684982
89197063399
89158414982
89251190499
89067674982
89158255499
89261169287
89291192287
89177417499
89261164982
89807430499
89169246699
89261165499
89057564982
89159219287
89196322287
89177122287
89991188255
89036033399
89157723399
89291196587
89097162787
89156639587
89196962787
89179695587
89806544699
89109682787
89059351399
89159914699
89991116587
89809069587
89096397699
89058608587
89177092787
89991170399
89037624699
89097745587
89108309587
89158098587
89167738587
89199709587
89096369587
89807965587
89107287699
89807511399
89809013882
89771181399
89038787699
89036121399
89196202787
89168687699
89167722787
89167087699
89011183787
89011118882
89198823882
89197323882
89036072399
89808903787
89199573787
89157734399
89771117787
89158844399
89177145699
89157258882
89068898882
89106109499
89156724399
89039102399
89159564399
89199856982
89159921699
89159142399
89168588882
89157800699
89291181699
89806262699
89106043787
89199643787
89196322399
89991181699
89109893787
89059201699
89109801699
89157833787
89991193787
89251162699
89107672699
89199629982
89809375982
89808155982
89057971787
89168905982
89177915155
89096726787
89179590882
89178475982
89196806787
89179966787
89807365155
89108335982
89058135982
89156708787
89169108787
89261198787
89807012699
89096978155
89038189982
89197309982
89991118155
89991178155
89099138787
89808249982
89158288155
89096449982
89809140982
89771195787
89069858155
89198193699
89158607982
89166233699
89167350982
89169528982
89197374499
89991163499
89166890982
89167106882
89199744499
89196855787
89068176882
89096125787
89109497982
89036725787
89099676882
89158035787
89037590155
89059270155
89179290155
89069124499
89057980982
89807513499
89106665787
89108100982
89036800982
89198822587
89159847982
89108880155
89057493499
89108739882
89179553587
89176672499
89196161499
89251185882
89099004587
89109174587
89166640587
89177104587
89199594587
89198334587
89167534587
89261192499
89261169882
89807410587
89058145882
89198245882
89011187882
89011179155
89196177882
89159189882
89166519882
89109380587
89059531499
89166610587
89169857155
89166787882
89099211499
89179779155
89771185429
89098393587
89156307616
89056054099
89198684099
89991195429
89039874099
89107594241
89097728687
89156355429
89109436507
89177046507
89097364241
89058619853
89056899853
89096022041
89809882041
89107749853
89039561099
89806934099
89167968687
89807454041
89108242041
89097557616
89097184307
89166807429
89199618307
89069118307
89178061887
89158784041
89991185241
89168805241
89169561887
89036955241
89199266307
89011198307
89156906307
89158508307
89159197429
89177676307
89197017429
89057209241
89806030853
89176446307
89261165241
89039453041
89109713041
89179364307
89177165241
89011194041
89066421887
89059823041
89107130853
89771167429
89156713041
89011162887
89108133041
89109911887
89107294041
89157779241
89991111887
89107514041
89196667429
89169614041
89807491307
89058396241
89157183241
89198039687
89166739687
89156629687
89198829687
89098204887
89098627241
89038150241
89198385307
89178150241
89198773241
89067290241
89178355307
89179990241
89657869687
89687352887
89839876241
89866489687
89637465307
89628543241
89866860241
89361161241
89678491241
89836672241
89868986099
89859786099
89628756099
89866803307
89836036429
89868158429
89627638429
89647464853
89836980307
89866731241
89866387307
89626000307
89638023307
89649193307
89679223307
89658405507
89678406687
89688695041
89869229307
89856985507
89858195041
89658625041
89856826687
89667010507
89667987507
89657722099
89361165507
89649900507
89699242307
89859465041
89639502099
89856102307
89687942099
89686782099
89867449307
89839793429
89627457507
89669391429
89668473887
89669727687
89868507687
89866407687
89581173887
89686775616
89839750429
89676670429
89837303887
89856014687
89839066616
89627792853
89687756616
89678652853
89858135616
89638159616
89628910429
89869599616
89869419616
89581119616
89361179616
89856978616
89697123887
89868930429
89638672429
89866968616
89649104429
89637027853
89649028887
89629940687
89581163853
89666137041
89867250687
89858071687
89836427853
89638509507
89866997853
89867745687
89669187853
89667365687
89696665687
89626699507
89629257041
89699168887
89857564429
89646033853
89626511687
89636308099
89689618853
89626341687
89659253687
89866596041
89857905099
89687392687
89868815099
89836851853
89868856041
89696765099
89688886853
89836590041
89648266041
89657688099
89669548099
89686541853
89647293687
89659740099
89861111853
89867180041
89856822687
89697373507
89839493687
89699205853
89867096887
89361171616
89696691041
89647066887
89698771616
89869230099
89628773507
89678026887
89868974507
89581175853
89638571041
89699645853
89839655853
89867710099
89639480099
89857578041
89647161041
89836502616
89677733507
89639093507
89688623507
89858565853
89857289041
89859169041
89621111616
89699097099
89858058041
89656427887
89666173616
89869139887
89677390616
89866929887
89856827887
89627894616
89867990616
89698087099
89856509099
89686152507
89648052507
89699947887
89697360616
89638830616
89699822507
89837754616
89866180616
89581187099
89696783107
89649995416
89676152029
89838129799
89649404107
89678144229
89647536529
89677955416
89658844229
89639569799
89858066529
89868055416
89869744229
89629455416
89627176529
89678961107
89866554229
89859203107
89869556529
89866678716
89648983029
89837484316
89697406316
89657205229
89856654029
89627540799
89697766316
89646555229
89869174316
89697364316
89869197416
89868897416
89687343029
89689580799
89868586316
89858786316
89581119229
89666679229
89698981899
89869843029
89866068316
89656716229
89867641899
89696851316
89697405316
89868807229
89838062899
89866081899
89688634899
89636958529
89866927229
89838914899
89646308529
89688937229
89689986229
89866576229
89858608529
89629319716
89639522899
89657413229
89689132899
89869565316
89866112899
89629788529
89858468529
89648829416
89658896107
89696874799
89678074799
89859239416
89867583316
89858186107
89858171229
89686803316
89666103316
89867291229
89581191229
89688192229
89648277316
89837606416
89657299416
89669777316
89648189416
89856890316
89866836107
89858477316
89626424799
89638330316
89868369416
89836280316
89666088416
89868180316
89866480316
89689267316
89697648416
89667579416
89361193316
89869622229
89858141229
89858285029
89658815529
89361190529
89677117529
89839972107
89866790529
89638420529
89838158229
89656059316
89858269316
89626480529
89686522316
89839502316
89837879316
89866393416
89869513416
89581172799
89669474716
89678271416
89636126582
89697370416
89361170416
89866406582
89837214716
89867175582
89627036582
89676020416
89639986582
89867144716
89629954716
89688060416
89856356582
89658260416
89638533899
89688048582
89868578582
89628988582
89668672416
89688904416
89626884416
89867618899
89666155716
89627782416
89658417799
89696269529
89679898899
89637487029
89637138899
89856154416
89857880716
89866147799
89096997241
89099036241
89011186241
89068970241
89056009687
89176254887
89991198507
89098320241
89108287241
89197764887
89156702887
89176265307
89991119687
89038859687
89291181307
89771162241
89771118429
89808853307
89109447241
89056523241
89057341307
89199923241
89057939429
89157329429
89069814853
89107951241
89011117307
89176326429
89106420307
89176676429
89156998429
89178869429
89199431241
89107360307
89807541241
89198366099
89177600307
89099888429
89809573429
89038148429
89108833307
89251173429
89198629307
89168550507
89058228241
89106590507
89169436687
89197615507
89108692307
89159170507
89177035507
89179376687
89156692307
89166092307
89991192307
89168798241
89198598241
89066125041
89198980507
89156877507
89069965041
89169530507
89178880507
89037368241
89099330507
89156042307
89177588241
89157979307
89179188241
89196760507
89039567507
89197283887
89169996616
89251182853
89097716616
89159495616
89197029616
89808215616
89179082853
89178461429
89106751429
89197534687
89168151429
89806824687
89156703887
89199508616
89167769616
89991198616
89097664687
89179699616
89169768616
89097284429
89196933887
89167507853
89158997041
89179595687
89197550687
89178503853
89011198887
89057444429
89178555687
89158770687
89159770687
89198569507
89196854429
89011111687
89158680687
89157380687
89061111687
89156922429
89096681687
89036241687
89056133853
89991162687
89107516853
89806276041
89036286041
89166862687
89011170887
89809398099
89066491853
89056795099
89156050887
89177271853
89059451853
89107606853
89199135099
89156976041
89167315099
89107498099
89096436853
89106270887
89808400041
89156546041
89196776853
89167546041
89261165099
89991165099
89291186853
89011111853
89168366041
89179188099
89178530887
89159530887
89199588099
89159811853
89806408041
89771161616
89037183507
89261173507
89261171616
89158429041
89109103507
89156426887
89196091041
89157299041
89037854507
89069546887
89157578041
89158670099
89196939041
89771189041
89159011041
89166120099
89011181616
89056202616
89177511616
89168341616
89168868041
89291183616
89179062507
89158817099
89196382507
89066551507
89057682507
89159094616
89036890616
89166167099
89809787099
89178059099
89167035887
89198154616
89109747099
89109057099
89177669887
89159139099
89157699887
89056412507
89179152507
89068830616
89108979887
89036160616
89167947887
89098089099
89771184107
89108981507
89157079887
89197879887
89158900616
89158133616
89108107582
89106573107
89036673107
89107674107
89179674107
89168116529
89068772029
89106704107
89261197582
89809953107
89037793107
89167408716
89037432029
89198281107
89196799799
89261179799
89106113107
89097723107
89067459799
89109347582
89197901107
89197249799
89156479799
89067747582
89106912029
89807840799
89106894107
89059854029
89168124107
89771194316
89036329229
89099029229
89991118316
89068261899
89097640799
89107495229
89059383029
89196695229
89197591899
89156964029
89038705229
89158751899
89168336316
89198544316
89098045229
89109154316
89109864316
89168980799
89179686316
89011194029
89177137416
89166087416
89159021899
89179700799
89158011899
89196011899
89179968316
89156314029
89179194029
89261196229
89771116229
89177818529
89196557416
89179061316
89198816229
89806215316
89156071316
89159705316
89991116229
89167428529
89251192899
89261169716
89108654899
89196998529
89261186229
89108564899
89176587229
89166342899
89038322899
89199068529
89156100229
89038823229
89251172229
89056657229
89108507316
89067253316
89068496107
89157516107
89109536416
89107170316
89109358416
89108646107
89807919416
89991169416
89176569416
89056780316
89068580316
89159456416
89059712229
89108002229
89098466107
89057902229
89199266107
89176549416
89808729316
89069360316
89036148416
89109513316
89096181229
89037348416
89109148416
89108262316
89198233316
89167818229
89056383416
89808390529
89068427529
89177139316
89197282316
89991118229
89039092107
89167952107
89169505529
89058215029
89039175529
89166490529
89771189316
89771165529
89067498229
89107938229
89176320529
89167510529
89167337529
89178986716
89176478229
89808482107
89179532316
89179560529
89169157529
89169142107
89096939582
89198107716
89107583899
89038495582
89168250416
89109905582
89167114716
89291169582
89771165582
89039254716
89198738582
89168470416
89157646582
89169446582
89166120416
89059831416
89109849582
89107131416
89179037716
89197456582
89166787716
89167659582
89991168582
89059301416
89159543899
89098913899
89098157716
89099997029
89058253799
89177697029
89166472416
89291161716
89106540716
89771175716
89157661716
89068371716
89291167029
89251175716
89039775716
89069697799
89106025716
89109309529
89179847029
89168509529
89261180716
89167357029
89158157029
89156547029
89199924416
89011111716
89107302416
89158712416
89176942416
89771173716
89169879529
89196457799
89177472716
89158130029
89179753716
89991185107
89637561799
89689982716
89698716029
89657516029
89629591799
89856628799
89698570029
89678910029
89636400029
89689238799
89677752716
89698742716
89859955107
89639878799
89647760029
89686713716
89859060029
89686073529
89857048107
89626858107
89686974529
89868162582
89838695799
89857141029
89668398029
89687798029
89836571582
89636424529
89836844529
89581198029
89689552582
89667242582
89868354529
89686111582
89658679029
89638201582
89697761029
89581111582
89857011582
89851111582
89867181582
89869222582
89688682529
89696263582
89677291529
89696355899
89856173582
89627650582
89667059107
89638735899
89649855899
89866705899
89686617899
89867255899
89869874582
89869774582
89637324582
89626992529
89679052529
89626889899
89858699107
89688160582
89636713582
89859131529
89856042529
89361193582
89698739829
89659004266
89656305455
89689294266
89676141129
89676964129
89678374266
89677291129
89676791129
89639945455
89638293129
89839628707
89866227653
89867928707
89649221129
89859235455
89628811129
89656459829
89866469829
89856311129
89867087653
89866587653
89868103129
89668818329
89639639266
89868147653
89869268707
89669862999
89867848707
89868357653
89647705266
89647973999
89687661929
89687274329
89856196329
89629916329
89637590829
89687952999
89636599266
89361164329
89699149266
89699142999
89869324329
89838602999
89837268329
89638818541
89657339707
89859893999
89669734929
89657814929
89866429707
89868629707
89856296266
89869907266
89869883266
89627473266
89656336266
89688526266
89869382929
89628536266
89688620266
89859075329
89626397266
89676080266
89696456266
89857225329
89628899707
89698547266
89859152929
89676462266
89677553329
89869900266
89858981329
89868657266
89696534829
89679734829
89867783329
89868450329
89866827329
89677026129
89869606129
89867234829
89658909455
89669098455
89639446129
89659289455
89866674829
89868426455
89836817329
89867256455
89866780329
89869621266
89656541266
89699048455
89678433329
89696557329
89637982329
89676353455
89581196707
89697774999
89639934999
89361194999
89859950541
89688658266
89689298266
89856175541
89581170541
89658654999
89648432129
89856535541
89686332129
89676742329
89697822329
89658802129
89858237541
89837530541
89859559329
89688095653
89698734707
89647694707
89658426653
89837882829
89869827707
89668776653
89647876653
89858806653
89676746653
89688386653
89867008653
89867045653
89647780455
89666721455
89869659653
89868947707
89868568653
89868823929
89667450707
89869362455
89858529541
89626907829
89696134455
89637414455
89869285707
89677336999
89858327829
89581194455
89647076999
89676245707
89839690707
89688737829
89836708929
89581198929
89656859541
89858465707
89858979541
89638985999
89361185999
89868985999
89679025999
89836536829
89699856829
89657380929
89867978129
89868670929
89869665129
89868621829
89837888129
89361168129
89646372653
89856643707
89866279999
89669727999
89649082653
89686316929
89866718999
89678392653
89869561653
89856397999
89657521653
89698210999
89646020129
89859346929
89668411653
89868737999
89678211653
89689443541
89647580129
89839465829
89677395929
89679273653
89868284653
89361182541
89646227929
89856473653
89626791541
89869814653
89697877129
89839527129
89628775929
89856270653
89637657129
89868589929
89688465929
89699711541
89697249929
89648393653
89648211541
89659849129
89868987929
89869487929
89869847929
89836160653
89679018766
89669784199
89697829855
89868357929
89646483141
89866941541
89867284141
89868285441
89668504141
89856304199
89689525441
89667425441
89866805441
89637171141
89859891987
89868094199
89869374199
89659198766
89869304141
89859897641
89867193141
89659421987
89868776566
89677659855
89678565441
89856264199
89866637641
89868911141
89866953141
89856837641
89581165441
89676879855
89638933141
89857143141
89667753987
89658939199
89678007441
89866233141
89629541987
89677861941
89637140855
89867967641
89677974355
89859184355
89867192987
89837317441
89666012987
89658743987
89867319199
89628764355
89858388355
89861111941
89291175107
89097995107
89177151799
89197635107
89991195107
89806990029
89771198799
89096036799
89156736799
89167476029
89108636029
89807402716
89108926029
89106320899
89167420899
89106720029
89179580899
89168521799
89158250029
89808741029
89167922716
89158022716
89809651029
89178630107
89107804529
89096204529
89108104529
89808915799
89198082582
89178773529
89158574529
89037009029
89176635799
89011179029
89107221029
89037238029
89109901029
89107961029
89198261029
89179050107
89991111582
89039322582
89106233529
89109913529
89157984582
89157629899
89011191529
89067985899
89039653582
89039504582
89109227899
89106904582
89168629107
89096114582
89167955899
89158205899
89058667107
89179507107
89197727107
89176644582
89291192529
89096945899
89198425899
89177725899
89809349899
89261179107
89069102529
89808363129
89196011529
89178369107
89177189107
89771174129
89196613582
89096163129
89771116541
89059418707
89179874129
89196351999
89158328707
89169105455
89168904129
89261176541
89261171129
89179006541
89178358707
89291193129
89771119829
89097598707
89038698707
89198154266
89097813129
89107031999
89809157653
89168821999
89178301129
89168434129
89197414129
89809440829
89056153999
89059996329
89177796329
89198507455
89178618329
89991184329
89807106329
89158005266
89058251929
89771117455
89169415266
89169374329
89198671929
89199006329
89178790829
89178906329
89291180829
89057431929
89157637455
89991199266
89199930829
89157422999
89199793999
89198123999
89067784929
89991183266
89068271329
89808444929
89097314929
89158306266
89108297266
89106889707
89166470266
89068099707
89158677266
89197052929
89156949707
89771172266
89057279707
89178230266
89159049707
89068267266
89178622929
89168368541
89199922929
89058433266
89069807329
89167033266
89196396455
89166472266
89166153329
89199804829
89108161266
89036240329
89176182266
89166727329
89991186129
89251192266
89108617329
89099676455
89158198455
89107124829
89159224829
89156202266
89169630329
89037360329
89771196707
89809372329
89057423329
89807582329
89198883455
89196039329
89106327541
89196205541
89109115541
89036936707
89057397541
89168892329
89176045541
89991199329
89198856707
89166902329
89069188266
89167465541
89291182129
89109079329
89197623455
89179613455
89106748266
89099483929
89058242129
89198707707
89291196653
89057653929
89069073929
89179891455
89156891455
89197314707
89196563929
89166290455
89771189653
89177758653
89991197707
89806764707
89159377707
89156046653
89168010455
89991187707
89036832829
89069232829
89771173829
89991193929
89167016999
89109551707
89108244455
89158636999
89771119541
89066809541
89068189541
89196769541
89096152455
89107487829
89037902455
89261160707
89107347829
89196300707
89196793829
89169318829
89807375999
89011198129
89771192707
89178671829
89178751829
89177463707
89106276829
89107008829
89196876829
89056898829
89066265129
89099131829
89176210929
89199356829
89179238129
89066588129
89808593707
89197388129
89261111829
89059588829
89158322707
89176848129
89251168129
89771182653
89176313707
89011191653
89108740129
89991183541
89099791653
89198794541
89059051653
89106771653
89199251653
89176815829
89198536929
89809446929
89109966929
89199476929
89158126929
89179875829
89106435829
89169458999
89179290129
89197056929
89991164541
89059631653
89991178999
89199202653
89157460129
89991160129
89177711653
89178422653
89771161541
89196433541
89178593541
89011117129
89199772541
89261185929
89291185929
89809329129
89771197929
89807817929
89169791541
89771177929
89058467129
89159167129
89036977129
89097197929
89096745929
89177377129
89261180653
89167480653
89199952541
89291165929
89067857129
89806789129
89179287929
89168821541
89178100653
89156981541
89808561987
89159101541
89199649129
89169633653
89159941541
89157495441
89196983141
89806871141
89808671141
89069234199
89198534199
89169991987
89169164141
89991174199
89198804141
89177726566
89157091141
89291176566
89261171141
89167635441
89991176566
89261177641
89176658766
89991169855
89096999855
89039999855
89197511141
89196513141
89108279855
89169078766
89176401141
89169244141
89171111987
89168679855
89096214141
89158201987
89771174355
89057007441
89107295199
89167096355
89159450855
89196450855
89168334355
89178914355
89168675199
89991190855
89038508355
89771186355
89199517441
89196658355
89198970855
89991189199
89291180855
89808643987
89808079199
89108652987
89991180855
89176960855
89991188355
89177432987
89698972941
89857147441
89866448355
89866033987
89858484941
89636128566
89859173199
89659126199
89646344941
89626771355
89856874941
89656577199
89666346199
89687838566
89698038566
89696477199
89637310199
89581119766
89581199766
89637188566
89868764941
89686779766
89648593199
89868002941
89867949766
89838342941
89666653355
89857741355
89867333199
89839961199
89866696141
89637776141
89866591199
89857027355
89677197355
89678908441
89856651199
89856571199
89867428441
89856166441
89866790355
89869008441
89839776441
89639530355
89869124855
89688847355
89696343355
89867556441
89869352199
89697667355
89668313355
89868668441
89636216766
89699663441
89649228199
89838173441
89859685566
89867916766
89868382355
89868306766
89361192355
89629725566
89658899355
89689656766
89856719355
89648179355
89688779355
89698847566
89689793441
89867212355
89667262855
89688072855
89866500566
89637427766
89659195641
89629184766
89638351441
89687391441
89668561441
89867684766
89856818641
89839253941
89689014766
89857540441
89627040441
89639797766
89648197766
89869692855
89361189641
89646652855
89638512855
89669665641
89858399641
89868410441
89867265641
89687157766
89657148641
89626860441
89867481441
89677373855
89839613941
89837393941
89679609566
89868103855
89866603855
89857990766
89699999566
89839236987
89689612441
89696564441
89867289566
89678842441
89698822441
89648230766
89869380766
89866052441
89628965766
89666323855
89687148941
89666193855
89866600766
89688595987
89639039987
89859143855
89667096855
89866911766
89629272766
89866381766
89856323855
89648975141
89858118855
89669315987
89866450941
89669335987
89676176855
89657976855
89668056855
89638465141
89837076855
89866015987
89859158855
89868209987
89869146855
89677311855
89649823766
89657707987
89638381855
89647296941
89666704566
89699461641
89839941855
89858183566
89581196941
89679914566
89678691641
89581116941
89867040987
89676397987
89656170987
89869214566
89856674566
89689017987
89859615855
89856126941
89837144566
89856408987
89658037987
89867517987
89627477987
89627838987
89837346941
89837031641
89667880141
89581168987
89658123566
89629580141
89581167987
89646361566
89869993566
89858868987
89697440641
89639204641
89676440641
89856857987
89856207941
89658524641
89656719941
89696519941
89626339141
89666142566
89698259941
89676487941
89867147141
89867554641
89866069941
89667360641
89698432566
89696579141
89836919941
89869210641
89856519941
89868219941
89866657141
89697213641
89686067941
89581111566
89656529807
89687529807
89687073116
89668881566
89867811566
89859822566
89839060641
89636404207
89867501566
89688674116
89687583116
89627754116
89686004116
89868074116
89868274116
89649293116
89636058755
89678276553
89696136553
89838626553
89647164207
89657956553
89676286553
89867126553
89629277655
89626989807
89678765453
89857969807
89698479807
89869322016
89869678755
89869049807
89666339207
89668284341
89857868755
89867601116
89868788755
89868544116
89626214116
89688540807
89676374016
89869048755
89869618341
89869263016
89837007453
89688255207
89866018341
89581194341
89669945207
89669575207
89856805207
89657026341
89689709207
89866993016
89626117453
89639656341
89628059207
89667233016
89866856341
89648348341
89836365207
89627001916
89696683207
89858514016
89699514916
89839253207
89868883207
89628716207
89648308553
89648855341
89669897207
89689698553
89867034916
89626417207
89867936207
89581169755
89646331341
89689831341
89856524916
89837820207
89626956207
89647765341
89697300207
89856510207
89581119755
89676700207
89858237207
89836130207
89626888553
89638496453
89699514807
89658066453
89868004807
89676492207
89668708453
89857094807
89667117341
89658576453
89869076116
89647226116
89839370341
89687487341
89646712207
89857731207
89837920341
89628949453
89581119453
89838764807
89687962341
89686827553
89858183453
89627229341
89867507553
89867729341
89628562116
89866940553
89858562116
89581175016
89699176755
89636135553
89858695016
89628455553
89666858207
89837655553
89659086755
89679677553
89867770553
89659978207
89677902341
89837225553
89657900553
89866819341
89868599341
89869238207
89857710553
89867459341
89866522341
89646295655
89658029655
89866357553
89647104755
89669561453
89839996655
89628804755
89639951453
89859872807
89626391453
89646006655
89859473916
89676192807
89646377755
89867944755
89646431453
89856097755
89866552807
89626231453
89836068655
89637095755
89857823916
89866581453
89689563807
89648303807
89666390755
89669615755
89637027016
89869027807
89699292453
89649945755
89838151755
89626075755
89679024453
89868997807
89858958916
89857625755
89991181941
89291196199
89107867441
89037853199
89251161355
89251173199
89109083199
89068018566
89059462941
89197495355
89168583199
89176982941
89176627199
89196461355
89066715355
89011189766
89156463199
89991194941
89991175355
89991166199
89198376199
89099769766
89808165355
89179054941
89159398566
89066664941
89159752941
89068131355
89068259766
89107402941
89179478566
89197502941
89166342941
89991165355
89199501355
89197901355
89056296441
89106262199
89178833199
89109439441
89169229441
89197628441
89177461199
89097234855
89096266441
89068176141
89106717355
89037506441
89168997355
89156997355
89198903355
89096177355
89058569441
89056689441
89107189441
89157398441
89107210355
89168664855
89809022199
89107342199
89167112199
89291168441
89169343355
89198847355
89177868441
89158143355
89176511199
89196493355
89038807566
89038372355
89037162355
89106918199
89179004987
89178385566
89166116766
89176505566
89036205566
89178508199
89291177566
89809322141
89807342355
89099599355
89107877566
89069264987
89198969355
89158824987
89197469355
89166119355
89059065566
89109232355
89159247566
89011118641
89809550441
89066342141
89058193441
89167067566
89809571441
89158062855
89809590441
89159462855
89166873941
89176761441
89291191441
89806517766
89177861441
89197328641
89177603941
89178906641
89066708641
89199308641
89067558641
89771186641
89159025641
89166835641
89166320441
89159486641
89167410441
89011188641
89066178641
89066259641
89156478641
89807333941
89096659641
89057912855
89036321441
89109730441
89058121441
89196759641
89107547766
89057568641
89158688641
89991167766
89057901441
89179701441
89198801441
89991181441
89097572441
89069416987
89168050766
89066191766
89159194441
89199434441
89011169566
89199426987
89107945766
89806552441
89107277855
89197689566
89809012441
89167438941
89156421766
89169149566
89179979566
89038948941
89176413855
89179981766
89196643855
89197285141
89169581766
89991193855
89806315141
89807375141
89198129987
89168696855
89108850941
89066550941
89197382766
89106963766
89807425987
89199005987
89168391855
89166371855
89066836855
89039036855
89168155987
89169103766
89199345141
89179298141
89168698141
89157035987
89068999987
89168446855
89251188141
89806032766
89106165987
89806122766
89168849987
89157279987
89059468855
89109148141
89158368855
89108818987
89808271641
89168130141
89806315855
89069627987
89068628987
89036928987
89177128987
89109675855
89109666941
89198890987
89197136941
89156492641
89169045855
89011165855
89067554566
89096786941
89057224566
89066800141
89037537987
89807900987
89158810987
89106120141
89068512641
89099502641
89159412641
89808567987
89106168987
89066311641
89167080141
89069593566
89067047987
89809783641
89158593566
89168032641
89807629141
89066041641
89068323566
89097123566
89167767987
89198048987
89068862566
89039119141
89176461566
89108614641
89197134641
89251170641
89771177941
89057292566
89108997941
89808310641
89199692566
89107754641
89097524641
89199539141
89176880641
89178979141
89157242566
89106911566
89108469141
89197832566
89991111566
89108467941
89056807655
89159954116
89158707655
89109362016
89159304207
89177285453
89178351116
89291172016
89108783116
89196414207
89261192016
89107275453
89108572016
89167728755
89107826553
89169436553
89199415453
89179058755
89011186553
89177317655
89291164207
89039024207
89067746553
89196924207
89197446553
89058359807
89067879807
89066101116
89197168755
89196167655
89198648755
89156857655
89199554016
89809736341
89156474016
89098728341
89169251916
89179615207
89771164341
89097417453
89167936341
89109245207
89158477453
89806843016
89198224341
89108064341
89169165207
89098221916
89058021916
89991168341
89107368341
89107388341
89169768341
89199281916
89166001916
89106672916
89107914916
89107974916
89198571341
89066725341
89176508553
89178455341
89806764916
89107977207
89036025341
89058898553
89038009755
89176225341
89291199755
89199246207
89199377207
89176638553
89169064916
89197059755
89106687207
89157888553
89179147207
89991181341
89157948553
89039683341
89198507341
89991162207
89178750341
89037434807
89107134807
89809458453
89099756116
89179051207
89168014807
89199144807
89108766453
89159766453
89159258453
89177976453
89106154807
89057698453
89157226116
89991117341
89166864807
89198210341
89199237341
89196400341
89199878453
89067468453
89036193341
89169901207
89179582341
89199316755
89158082341
89036815016
89109775016
89168475016
89066466755
89166166755
89176565016
89176777553
89178522116
89808133453
89179800553
89106912116
89196802116
89037213453
89097457553
89807863916
89196872807
89179073916
89291171453
89067840453
89107540453
89059204755
89038174755
89169394755
89197066655
89199690453
89158144755
89011186655
89806752807
89771180453
89156676655
89806812807
89106437755
89177480453
89771167755
89109002807
89177349655
89176078655
89291168655
89771162453
89196732807
89177243916
89168123916
89176053807
89178517016
89157517016
89167473807
89177794453
89069094453
89166834453
89197105755
89158067016
89198603807
89106667016
89067507016
89806347016
89177203807
89156827016
89167107016
89198307016
89991197807
89197024453
89647300755
89859987016
89649185116
89668783755
89857848916
89869348916
89866723807
89867541755
89859481755
89868047807
89581185116
89669706016
89686095116
89869528116
89839728116
89656270916
89667826807
89697636807
89856761807
89626736807
89696055116
89636855116
89677546807
89696652755
89696668807
89687188807
89858710916
89639413755
89679013755
89866078807
89868560016
89689419016
89647703553
89657691016
89361166916
89686309016
89868334553
89867729016
89668659016
89856175807
89626798016
89697870116
89688021016
89659138016
89866545807
89867239016
89678001016
89867111016
89668893553
89658858016
89698068016
89679123553
89667613553
89869702655
89666753655
89866322655
89868861016
89858641655
89678451553
89856240655
89647245916
89659909116
89867529116
89857807116
89656280655
89867259116
89361180655
89667731553
89678069116
89658012553
89856352553
89857664655
89856319916
89676367916
89839300655
89669729816
89666196555
89687474153
89627554153
89867816555
89836785466
89628492007
89698371153
89656893153
89629155466
89869404153
89656853153
89866655466
89868617666
89627921153
89678219816
89656949816
89858169816
89867846555
89669414153
89869037666
89868864216
89867381153
89656857666
89659384353
89638639216
89677663007
89867888753
89839679816
89361183007
89857048753
89866748753
89628684007
89581118353
89638251907
89637175216
89857550816
89858195216
89866375216
89667264353
89698454353
89636686353
89869870816
89866226353
89676703007
89867353007
89837233007
89361161353
89857641907
89649914907
89647751353
89859639753
89858061353
89647644907
89858651353
89867771353
89688169753
89857026216
89668286216
89666519753
89686010216
89649464907
89857689753
89868469753
89836469753
89626110216
89677723216
89646668555
89628000216
89668041353
89646983353
89636996466
89867911353
89858532907
89699329466
89676961216
89626518466
89698363353
89649140353
89866296466
89696091216
89697516153
89866339466
89867040353
89647192216
89679008466
89627906466
89836306466
89869476466
89868708466
89866208466
89856954816
89868438466
89859024816
89836431216
89856331216
89869919466
89859866153
89361162353
89866693353
89868029353
89581175555
89581170555
89637319353
89859445555
89679512353
89698412153
89688459353
89867325007
89698679353
89636088216
89866449353
89859812153
89867665555
89628488216
89626100555
89697729666
89859093466
89867642153
89838995666
89868473907
89679744753
89668044753
89636298666
89699424753
89667469666
89638742816
89867277753
89856198666
89361178666
89838109666
89867638666
89868909666
89656293907
89868731466
89629702816
89627530466
89856493907
89699950753
89856067753
89639428907
89857573816
89678397816
89648170753
89839371753
89638069555
89858244466
89687147007
89647957007
89866767007
89657532466
89866237816
89868287816
89866457007
89866687816
89836722466
89581181753
89666740907
89867248907
89657971816
89637328816
89638051816
89866596007
89839908153
89581116816
89867928153
89636718153
89686408816
89637608816
89859315153
89678846816
89869206816
89361170007
89678610907
89649056816
89869926816
89867542753
89866730907
89836530907
89868302753
89866012753
89868802753
89656868153
89657583555
89836322753
89867560907
89639985816
89859708007
89866862666
89857016907
89696410153
89867103555
89838891007
89629871007
89649021007
89668079007
89638681007
89649161007
89666211666
89638893555
89679268007
89676693555
89698922666
89628732666
89636333555
89866042666
89868322666
89657727907
89628340666
89639507153
89659625907
89676831555
89698599907
89837417907
89648730666
89699889153
89837237907
89858080666
89688101555
89669243666
89836865907
89626679153
89637381555
89629385409
89581174167
89857816518
89867929867
89647393167
89647215409
89659075409
89626028736
89869674179
89867626518
89857615409
89836575409
89646099867
89856617627
89629389867
89837421167
89649857627
89676048736
89868388736
89361184298
89858794167
89629784298
89859518298
89628784067
89677971946
89866054067
89869150867
89857191946
89627471946
89869214298
89866406298
89011119553
89806832453
89771193807
89158321755
89251111755
89291168916
89771172755
89157522453
89169079553
89108357807
89099213807
89108808116
89057730016
89106853755
89167162755
89039628116
89167053755
89176305116
89806426807
89036171807
89039915116
89771198116
89166716016
89159356016
89098866807
89178158807
89099170016
89177646016
89179670916
89158498807
89108165116
89097690016
89096646807
89991198807
89801111807
89057038116
89991178807
89809223755
89151111807
89198732755
89809173553
89108993755
89178741807
89156881807
89158353553
89037885807
89096104553
89066219016
89178404553
89106414553
89059682655
89991171655
89096251655
89098306916
89158434553
89156774553
89199555807
89166525807
89771165807
89106371016
89199590116
89199109016
89158346916
89179599016
89159318016
89167178016
89157299016
89196099016
89167221016
89066986916
89059502655
89156686916
89159011016
89036902655
89251168016
89069269016
89108261016
89169243553
89991181655
89156333553
89011191553
89109529916
89158983655
89159572553
89199785916
89066527116
89056992553
89991177116
89808479116
89771119916
89056799116
89179247116
89291165916
89069230655
89156730655
89159489116
89176530655
89991169116
89166243655
89109113655
89059401553
89106201553
89168033655
89096618753
89159396555
89806191153
89037051153
89158895466
89168883153
89291192007
89108294216
89166072007
89167028753
89169552007
89157666555
89107993153
89158271153
89166271153
89036676555
89109646555
89069519816
89039853153
89168224216
89169021153
89069559816
89169049816
89036461153
89109702007
89096933153
89069714153
89096134153
89199542007
89158894153
89197782007
89098816353
89166418353
89178563007
89179754007
89108964007
89168395216
89157974007
89197874007
89261194353
89771170816
89169705216
89099466353
89157126353
89991190816
89058645216
89169725216
89011187466
89068938353
89807656353
89036420816
89177146353
89011111907
89039599216
89806233007
89107713007
89066713007
89169187466
89038900816
89178830816
89991111907
89176348353
89261184907
89096662907
89096672907
89058595353
89178839753
89158007216
89991118555
89196816216
89038416216
89197474907
89097275353
89179414907
89771189753
89057966216
89198844907
89991190216
89011186216
89809699753
89096392907
89178235353
89166769753
89991199753
89068231353
89039642907
89109260216
89199479753
89106660216
89157213216
89991181353
89108233216
89066781353
89039496466
89097684816
89159939466
89167253353
89197318466
89176473353
89991116466
89291191216
89098914816
89057406466
89169771216
89057566466
89107766466
89176016153
89108726153
89038217353
89198298466
89156336153
89058246466
89106989466
89066046466
89197120353
89036586466
89179386466
89108959466
89058949466
89158087353
89166578466
89199749466
89166811216
89199622216
89179147353
89991188466
89106493353
89039285007
89068657353
89106941216
89808662153
89178739353
89157707555
89807590555
89107129353
89169273466
89178416753
89808455555
89196682353
89178927555
89011117555
89038872153
89807745555
89107803466
89157303466
89158815555
89168390555
89807909353
89097045007
89168906753
89176298216
89166208216
89036038216
89036999353
89159620555
89196555007
89109137555
89178832153
89196059353
89156302353
89991165555
89107942353
89157459353
89036713466
89109393466
89158802153
89156357555
89098962816
89106283907
89991184753
89057704753
89157282816
89166616666
89167291466
89176605666
89197605666
89067055666
89198355666
89179106666
89056692816
89198444753
89991170466
89107846666
89178545666
89176917753
89068724753
89096431466
89808523907
89177764753
89099878666
89158012816
89108232816
89196601466
89809917007
89038033907
89156393907
89199062466
89067261753
89991195753
89058655753
89109070753
89199535753
89166692466
89059989555
89991117816
89169754466
89198952466
89107612466
89096902466
89168521753
89991165753
89011193816
89108830753
89178743816
89158430753
89158288907
89197179555
89197493816
89198732466
89291162753
89068605153
89098215153
89156463753
89808820907
89067015153
89069245153
89199003753
89157490907
89198506816
89107598153
89099058816
89169726007
89157136007
89056520907
89197376816
89011160907
89807300907
89107850007
89036688153
89197530907
89168388153
89058360907
89106842753
89159280007
89156360907
89177343753
89161111816
89178332753
89991111816
89179296907
89196081816
89179096907
89168840153
89058641007
89107963555
89197085816
89168016907
89156316907
89097091666
89107914555
89176574555
89156763555
89198515816
89107566907
89168175816
89198418007
89991198007
89056125816
89158070153
89806889007
89039600153
89179611007
89159831666
89807158007
89167112666
89156622666
89991111666
89037443555
89096393555
89098158007
89169293555
89168801666
89109353666
89067153666
89196495907
89178153666
89068685907
89178815907
89198229153
89198955907
89806354666
89157567153
89169137153
89991192555
89106909907
89059220666
89196854666
89771160666
89098864666
89157899907
89179910666
89056189153
89108079907
89807484167
89159589153
89291167907
89069841555
89176523666
89158913666
89806241167
89037429867
89178629867
89991173167
89179554167
89169162067
89157495409
89109883167
89108172067
89168305409
89261175409
89158005409
89197175409
89066366518
89038226518
89168593167
89178997627
89156476518
89097925409
89057809867
89156825409
89991189867
89771179867
89108643167
89108143167
89808467627
89106268736
89038479867
89109212067
89106348736
89056407409
89156024167
89179354067
89038004298
89198427409
89199155179
89176114298
89637258298
89689408298
89697408298
89668315179
89647620867
89859170867
89868354298
89627869179
89636465179
89869086298
89856237409
89857031946
89676434067
89867187409
89858400867
89869088298
89859968298
89867488298
89696073179
89866724067
89869541946
89581183179
89669071298
89868429736
89361163179
89628074946
89698508518
89859174946
89638876179
89668720179
89686524946
89857328518
89857863179
89679320179
89679849736
89696712946
89839758518
89626721298
89699447179
89867680179
89659939409
89698629409
89857779736
89636114867
89361196167
89697628409
89656006409
89838940298
89637044867
89858336409
89859774867
89868256167
89647869409
89686164867
89838276409
89868492179
89868336167
89667387298
89667166167
89836858409
89859420298
89627746409
89696741179
89857019409
89868649409
89648107518
89648553409
89657862298
89697353409
89668029298
89869368409
89838868409
89868272298
89837801179
89638615067
89688672167
89859439298
89669726736
89696345067
89859162167
89838905067
89581192167
89689870518
89859005518
89868752167
89696055067
89869115518
89627697518
89669786736
89676999298
89627246736
89868825067
89867480518
89696747518
89858230518
89869432298
89867948179
89639134736
89668163946
89856729627
89858772867
89581185627
89638908627
89856051409
89638446627
89636346627
89658798627
89639264736
89627409627
89858877736
89629786627
89859224736
89647460409
89838019627
89696048627
89859822867
89859011409
89868733946
89637117067
89868581409
89699334409
89669234409
89837095736
89647567067
89668855736
89869461736
89628251736
89657258946
89629327067
89627875736
89866403867
89859990736
89869455736
89696110736
89837008946
89696759518
89857822409
89867747867
89637996067
89868693867
89838013867
89869185167
89866681736
89859430067
89667606867
89656816067
89581116867
89637916067
89839156067
89856176067
89669246867
89361192736
89857210067
89868938867
89837880946
89868665167
89866665167
89628788167
89656323736
89859160946
89629593736
89686341067
89649474518
89867581867
89656151627
89856951627
89647371067
89649254518
89837244518
89857666946
89689556946
89668542627
89657388067
89581179067
89836200167
89639368067
89857802627
89859042627
89836642627
89657895946
89836368067
89666227946
89856440627
89836540627
89868150627
89696767167
89836975946
89657619946
89656610627
89581177946
89857770627
89647380627
89857510627
89686832518
89839431518
89838259946
89657449167
89657913627
89698049167
89859743627
89866202518
89639007609
89666207609
89687984188
89648573079
89869211518
89657495379
89868941518
89868933627
89679227609
89628762060
89839162060
89698597609
89677593079
89688177609
89856291079
89627235379
89867555379
89686132060
89696522060
89867889836
89856354188
89869946479
89858224188
89646167609
89638879836
89859903079
89686024079
89868888727
89676495188
89668304279
89687705188
89868585188
89626895188
89639615188
89689315188
89869385188
89866604279
89637770836
89867404060
89859490836
89629908279
89679156279
89869926279
89856135188
89867609188
89868669188
89696600836
89857180836
89839664279
89626688279
89669681960
89581111960
89697862960
89868701960
89856667379
89836434060
89689505279
89838184960
89866827188
89628671279
89688970188
89659245279
89696425279
89689045279
89869128479
89869928479
89869303188
89867726188
89669031279
89867535279
89869438479
89638378479
89698847188
89837999727
89666357188
89867402960
89856849727
89699033188
89677923188
89658172188
89859778479
89857847188
89857722960
89866700188
89638961188
89686482188
89858267188
89866257188
89638303279
89689666379
89839782188
89857851188
89699197279
89667346379
89839836379
89867297279
89659849379
89867789379
89649268379
89838580279
89628430279
89679541188
89866268379
89678305060
89839093279
89688615060
89647995060
89626318188
89698252079
89696872079
89669690479
89859662279
89676170479
89868673379
89866715060
89626990479
89648746727
89866645060
89856245060
89648137479
89687880479
89857935479
89697642279
89839038188
89696668188
89836637479
89869065479
89868768188
89628957479
89688840379
89868067479
89649806609
89677526609
89638936609
89667037727
89638537727
89867825609
89627819609
89858369609
89688723960
89837378609
89696262379
89687518960
89649239479
89836768609
89867679609
89857222836
89867993960
89011180867
89771198298
89261170867
89178536298
89991170867
89108635179
89108620867
89108587409
89178653067
89178537409
89106330867
89158313067
89068611946
89096560867
89038541946
89197157409
89177081946
89291183179
89069118518
89196234067
89991118518
89196227179
89807369736
89157215298
89808812946
89067069736
89106758518
89197098518
89176509736
89159264946
89039849736
89179521298
89066288518
89809941298
89057887179
89177700179
89197323179
89771190298
89058682179
89106373298
89159550298
89108271179
89179934867
89179351179
89058466409
89166376167
89106477298
89066789409
89166498409
89178858409
89068731179
89198487298
89168452179
89156349409
89261168409
89058942179
89057200298
89069267298
89107143298
89176832179
89156833298
89157533298
89178585067
89809763409
89807903409
89156682298
89159373409
89068692167
89169905518
89106203409
89158706736
89169606736
89067335518
89158558179
89177758179
89198745518
89038169298
89179309298
89199269298
89157069298
89068220518
89108855067
89167655067
89159577518
89108478179
89059942298
89097900518
89066312167
89067647518
89771116627
89197757518
89157967518
89178396627
89196762867
89199084736
89158595627
89179583946
89037170409
89098308627
89166858627
89108524736
89808787736
89169738627
89156277736
89177709627
89158077736
89156638627
89261199627
89291165627
89107002867
89167052867
89197649627
89167059627
89807853867
89036760409
89156111409
89177142867
89057433946
89057043946
89058460409
89157047736
89038241409
89068607867
89176262409
89037462409
89176107867
89167095736
89099128946
89167128946
89808709518
89109177067
89808310736
89068935736
89169877067
89178847067
89251180736
89056164409
89011181736
89179078946
89198849518
89177621736
89159649518
89176922409
89199311736
89176088946
89198511736
89166193867
89011116867
89097383736
89058851867
89808218167
89159403736
89157956067
89108966867
89057636867
89109592736
89096318167
89059525167
89157138867
89059986867
89056580946
89158765167
89109912736
89156950067
89177850067
89158443736
89067068167
89169962627
89198030167
89991196946
89108985867
89196783518
89198474518
89069803518
89038292627
89057666946
89991171067
89771186946
89809702627
89099090167
89039181067
89011161067
89036620167
89169488067
89196964518
89097550167
89159542627
89991188067
89098168067
89291193518
89038193518
89156981627
89809529167
89809973627
89096472518
89199407946
89106040627
89109195946
89169417167
89991173627
89166017167
89037397946
89179855946
89291177946
89011119946
89107839167
89108277946
89198589946
89196387167
89991187167
89109621518
89169489167
89096543627
89106469167
89156800627
89199579946
89197211518
89157481518
89199367946
89251196479
89036129836
89067254079
89099416479
89036074079
89991183079
89198905379
89808889836
89096004079
89056026479
89807324188
89159393079
89159108727
89068809836
89167754188
89159477609
89098677609
89197299836
89199537609
89196887609
89991168727
89771118279
89178579836
89096434079
89057434079
89251184279
89107663060
89096483060
89261161960
89808304060
89107104279
89176940836
89176091960
89159571960
89991191960
89096615188
89036204060
89108706279
89169075188
89158006279
89059193060
89157058279
89291169188
89107045188
89198820836
89197746279
89177776279
89196154279
89176609188
89177038279
89109480836
89156164279
89176377379
89806201960
89039087379
89097119188
89199987379
89196243060
89169243060
89108267379
89168794060
89011185279
89198657379
89291184960
89037429727
89808434960
89178107188
89178285279
89991182960
89197940188
89159171279
89177214960
89196091279
89179292960
89011164960
89106008479
89106676188
89197492960
89096477188
89099398479
89291199727
89291164960
89106037188
89096919727
89056864960
89169886188
89261165279
89806101279
89197265279
89106522960
89058588479
89177288479
89991160188
89036313188
89991181279
89106923188
89108748479
89291161188
89066804836
89178029379
89196829379
89158662188
89158796079
89806126379
89036291188
89108782188
89199027279
89106051188
89159014836
89109326379
89176756079
89156703279
89069269379
89179546379
89179998379
89166154836
89176338379
89196246379
89066610279
89106980279
89058119379
89166331188
89159580279
89261178379
89807601188
89169278379
89991188379
89109332188
89177067279
89066507479
89179962279
89809875060
89056883379
89036018188
89177295479
89196453379
89991195479
89991166727
89057808188
89198245060
89809778188
89066989279
89167869279
89107580479
89176052279
89177449279
89156642279
89179659279
89198842279
89261188188
89098779279
89058493379
89771185609
89156593379
89179748188
89107007727
89197384727
89056416609
89036016609
89806176609
89069140379
89177494727
89991174727
89169563960
89157015609
89058399609
89168124727
89158299609
89066137727
89066799609
89067331379
89196086609
89197821379
89807781379
89098630379
89167087727
89158347727
89167611379
89991167727
89689450727
89869282379
89677069479
89647424379
89867344379
89856803836
89627775727
89629477060
89857437060
89866397836
89866098960
89839742379
89866202379
89361167836
89649367836
89628768960
89581118836
89688575079
89867472727
89858918836
89629496060
89696916060
89678156836
89659010960
89629255079
89689031836
89668902727
89856978079
89581165079
89638711836
89857831836
89677543727
89687548079
89581111836
89627901836
89696208060
89668682609
89668406960
89657236960
89866761609
89581194479
89626414479
89657709060
89678359060
89688059060
89699325836
89697210079
89869292609
89857998060
89858659060
89361181060
89667260079
89837639060
89648801060
89689221609
89361180079
89699623479
89638922609
89867642609
89868188060
89677072479
89866143479
89866122609
89581172479
89838219079
89647527079
89869085960
89859829079
89361177079
89867307079
89856435960
89649931479
89666902479
89687169079
89859731479
89689701479
89667301479
89857487960
89638184088
89656984246
89667507598
89678784246
89857911479
89868993609
89628107598
89649805388
89838007598
89628004246
89869983088
89859162046
89866218679
89869154088
89639608679
89637845388
89857541088
89668345388
89866892046
89689146488
89677777598
89686089779
89866855388
89581119779
89696768679
89697847598
89836337598
89868019779
89647042046
89678567598
89669039246
89686474046
89628784367
89679994367
89836934088
89868829246
89866983046
89867983046
89687393046
89637193046
89647698367
89659287388
89628956367
89678803046
89857969246
89867020779
89859787388
89581188367
89679562967
89858400779
89858544046
89859968367
89866768367
89659761367
89666795367
89686282967
89866948367
89857757388
89646934967
89688455367
89656177246
89677189679
89659354967
89628875367
89697146246
89856817246
89638619679
89629156246
89677449679
89868799679
89868364967
89856349679
89677201367
89859142967
89869442967
89868749679
89836311367
89869260246
89687796088
89626607367
89649528388
89697394779
89857334779
89687346388
89688354779
89696610367
89857717367
89686756388
89656359388
89869424779
89581164779
89639666088
89648830367
89687293367
89697468388
89686633367
89669783388
89647972367
89581183388
89667940488
89361195488
89657095046
89668005488
89866062088
89866907488
89647655488
89699766679
89866373388
89666608246
89868195046
89868505488
89866128246
89669420488
89678598246
89856715488
89688210488
89659537488
89867397488
89868525488
89859498246
89657068246
89687342367
89869280488
89856186679
89869402367
89627612088
89639333388
89658693388
89689129598
89639572779
89857683967
89679771388
89867083967
89698115598
89869055598
89856351388
89647609598
89687064679
89866025598
89581198598
89658949598
89687764679
89669278598
89858469598
89696543967
89868831388
89699013967
89656067679
89869342779
89867430388
89697141388
89867459598
89646253779
89656429488
89689605679
89647940679
89627504388
89856717046
89867018967
89668215679
89669767046
89868963779
89677108967
89647925679
89647825679
89677110679
89857108967
89696478967
89361165679
89657743779
89866852388
89858659488
89648653679
89626693779
89629093779
89626267779
89361185088
89867567779
89699263679
89866196779
89867108088
89686035088
89636166779
89627951779
89698245088
89658298088
89581116046
89696855088
89856545088
89627655088
89678121779
89679050046
89636902679
89858255088
89361160046
89656393679
89678641779
89856888088
89676581779
89659904488
89689385779
89666828046
89687303488
89687863488
89696309046
89627134488
89677670088
89837144488
89659931046
89646921598
89666312598
89676779046
89856824488
89629652598
89697443488
89679248046
89867660088
89648753598
89857769046
89647262488
89859880088
89867569046
89866461046
89638529088
89667614598
89668467088
89667067088
89686515967
89868827967
89686315967
89649189967
89638125967
89628667088
89659987088
89837209967
89856389967
89629257088
89689079088
89627147967
89657496498
89866541488
89361174260
89648415398
89646075398
89666326498
89637326498
89869414260
89859874260
89637169788
89666598698
89659624260
89658038698
89677386498
89626077588
89687903160
89638703160
89656459788
89689965398
89856586498
89858487588
89867437588
89867149788
89011161727
89771191727
89169140727
89157027836
89099994379
89057390727
89106971727
89037367060
89291177060
89199927060
89199655727
89107820727
89107458960
89097169479
89107025727
89177045727
89198847060
89167420727
89106057060
89056719479
89067487060
89096980727
89159747060
89199737836
89169252379
89251179479
89097221727
89771183727
89039341727
89806582727
89066701727
89261185079
89106185079
89109796060
89097905079
89169305079
89168682727
89196305079
89066635079
89096663727
89198571836
89157828836
89261190960
89058166836
89166003727
89158236836
89069116060
89106158836
89068226060
89099286836
89057331836
89068850060
89158288079
89197565079
89808781836
89106380060
89771116960
89167519060
89261161609
89771176960
89108834479
89198191609
89291192609
89808181060
89058745836
89159976960
89197445836
89106854479
89097021060
89166631609
89196564479
89068760079
89178120079
89177501060
89039669060
89771173609
89169222609
89261183609
89197719079
89196983609
89108184609
89197453609
89167073609
89771190609
89176382479
89178027960
89808625960
89099005960
89156074609
89177105960
89069507079
89169717960
89179189960
89156669960
89156199079
89196919960
89198210609
89057365960
89178002479
89771184246
89108089079
89107632479
89011174088
89156222479
89066141479
89036607598
89107285388
89108195388
89196504246
89991118679
89056583088
89038352046
89158383088
89771117598
89168975388
89196066488
89991166488
89197158679
89067871088
89159093088
89169858679
89157045388
89176821088
89059953088
89107953088
89097686488
89806547598
89109159779
89168578679
89097812046
89106201088
89158823088
89991161088
89169524088
89168424088
89807227388
89107873046
89176995246
89198239246
89099071967
89807315246
89156414367
89991164046
89808870779
89056266367
89169806367
89199434367
89251176367
89771198367
89157426367
89167608367
89107335246
89809553046
89158509246
89196999246
89169246367
89177369246
89011179246
89809581967
89806567388
89098843046
89037121967
89166600779
89198411967
89167600779
89159433046
89169724046
89169400779
89809185367
89069501967
89068353246
89197781967
89991184967
89067129679
89808176246
89157882967
89199951367
89199814967
89167205367
89036066246
89109475367
89179128488
89806999679
89156908488
89198524967
89177624967
89156898488
89808121367
89251178488
89166587246
89771181367
89177743246
89291188488
89056001367
89157779679
89291172246
89108101367
89808696088
89098583367
89109572246
89199439388
89251182246
89056796088
89057682246
89991182246
89179451246
89261176088
89011117367
89107574779
89037906388
89198844779
89197906388
89991190367
89011186388
89107246088
89066436088
89059770367
89166670367
89106756388
89059219388
89168802246
89059859388
89108700367
89771118246
89099788388
89066647367
89107867367
89809873388
89176457367
89157362367
89169118246
89169285488
89291182367
89178705046
89107175046
89036135046
89106072088
89057028246
89166192088
89169372088
89176752088
89197572088
89158506679
89199390488
89179215488
89011165046
89197926679
89169235488
89807312367
89107465046
89806722367
89179286679
89196938246
89197632088
89991186679
89156780488
89157887488
89096465488
89098623388
89176679367
89167357488
89158518598
89991183967
89807028598
89069882779
89066250388
89107127679
89198185598
89167174679
89108290388
89011198598
89107344679
89177815598
89156536598
89169525598
89197397679
89806412779
89038389598
89991198598
89806147679
89156131388
89109279598
89177632779
89198111388
89099932779
89251183779
89159497046
89098717046
89056295679
89107673779
89059263779
89107863779
89179251679
89199414388
89178134388
89037867046
89056103779
89169203779
89177297779
89198127046
89261177779
89809742388
89037089488
89157824388
89097687046
89036165679
89066959488
89107721679
89168131679
89159542388
89196065679
89169300679
89196622388
89291167779
89198493779
89059183679
89991162679
89806276046
89108816779
89167453679
89067351779
89179391779
89197116779
89056463679
89099990967
89806225088
89199076046
89166170046
89156970967
89159190046
89168720046
89771111779
89056812679
89808832679
89099256779
89197631779
89159960046
89806981779
89166478779
89158366046
89808908046
89051111779
89058011779
89036593679
89059958088
89038141779
89011116967
89991196967
89169572598
89991184488
89158304488
89011176967
89037105779
89199805779
89098129046
89159034488
89179891046
89057644488
89098566967
89197966967
89198325779
89178759046
89168410088
89198821046
89011160088
89291181046
89156770088
89106031598
89058220088
89037365779
89196050088
89179688046
89261180088
89106361046
89151111598
89167232598
89099423488
89806471488
89097062488
89177283598
89197784598
89991119088
89108450598
89808192488
89107891488
89107927967
89067871488
89197991488
89179205967
89157691488
89067374598
89069344598
89807639088
89771117967
89167874598
89156615967
89097927088
89097692488
89038635967
89168697967
89069169967
89808787967
89196147088
89251187088
89291187088
89069210598
89107702488
89178137967
89176530598
89011185398
89158033598
89107239788
89261195398
89069704260
89178727588
89157791979
89036404160
89166644260
89177006498
89157944260
89037271160
89166497588
89168993160
89056477588
89167354260
89177654260
89036949788
89196219788
89096549788
89106378698
89178378698
89157931160
89169611979
89657701979
89361181979
89361167588
89866011979
89857434160
89581173979
89626184288
89638526288
89677244288
89361190788
89866094288
89837428288
89676420788
89867544288
89836817398
89638065260
89866746288
89869858288
89627610788
89361165260
89859952979
89866586288
89868986288
89838446288
89626602979
89699981879
89869442979
89859449260
89867400788
89869268288
89869993979
89658561288
89689705288
89636350260
89857173260
89698136260
89656775288
89658315288
89677276260
89677144879
89659125288
89687117260
89669397260
89868051288
89869615288
89869575288
89649110260
89687737260
89639765288
89837586260
89836412879
89859649698
89639607288
89867200260
89867800260
89646039398
89837143260
89858723260
89866348498
89581161260
89626496160
89626336398
89626317288
89637149398
89669612260
89869398398
89856824788
89686943288
89666979398
89866902260
89626547288
89857068398
89837547288
89699640498
89678950498
89857057288
89836284979
89677672160
89859303398
89658980498
89687546698
89867026698
89867566698
89646732160
89856154979
89649065498
89646768260
89868132160
89581193398
89699591398
89639294698
89648106588
89648870398
89837644698
89867866588
89659264698
89868766588
89629520398
89838898588
89688179588
89869299588
89686581398
89656893879
89676007788
89859532788
89866232788
89626223879
89699816979
89699263788
89868985698
89867095698
89836840698
89838473788
89361175698
89868098879
89867638879
89866970698
89648378879
89677611698
89857746979
89857531698
89666668879
89866319498
89867821698
89669313788
89839449498
89636253698
89857848879
89636440879
89679295979
89649573698
89669361788
89361185979
89666375160
89676505979
89857595979
89838429979
89868129979
89669206788
89667703698
89869650879
89626975160
89686645979
89676918160
89859335160
89858663698
89696589979
89859690879
89866426788
89866366788
89581198160
89361189979
89686888160
89668652698
89668402698
89657330879
89699765979
89867120879
89866886788
89839199979
89868399979
89669668160
89689448788
89688648788
89698123698
89868600879
89856665979
89677083498
89698073498
89858758160
89867323698
89626173498
89628516879
89868173498
89627927979
89859904498
89628028979
89628074498
89868391588
89659977979
89678354498
89696098979
89699410979
89857525788
89869817979
89688601588
89869556879
89581188979
89859643498
89629784588
89869982498
89666244588
89687090588
89696792498
89659809879
89869027160
89688280588
89856020588
89868139160
89647021498
89866402498
89856987879
89647749160
89688233588
89868293588
89869322498
89866560588
89687862036
89866696509
89688314236
89856274098
89689044236
89859427618
89857774098
89839064098
89866591098
89698454236
89637424236
89646532036
89856376509
89646203098
89648903098
89658379846
89669757618
89581168688
89687784309
89666463036
89866502036
89648951888
89667991888
89697291888
89868684309
89688415236
89581194309
89677536309
89676315236
89836694309
89679477427
89677177427
89686445236
89697693036
89866315236
89687031888
89628798309
89696065236
89668268309
89677800846
89857099236
89857765236
89688996236
89867314036
89666174888
89361163236
89628805309
89689092888
89667144888
89867861309
89859803236
89668059688
89626469688
89688212888
89867631309
89867386236
89869411309
89628560236
89699783309
89361182236
89658671236
89678708427
89867594846
89838174846
89677489427
89637169427
89837303309
89699454846
89668264846
89837126427
89839546098
89696100309
89666778427
89667000309
89836938427
89858654846
89697613309
89629759427
89669733309
89697072309
89668716688
89668427509
89697195509
89856093309
89646735036
89689695036
89858785036
89581162098
89867750509
89626972098
89676389309
89858370509
89658412309
89869389309
89869469309
89868837509
89626937509
89666302098
89689357509
89646362846
89679893427
89857312098
89647672846
89637018618
89698504688
89679651427
89859129618
89638435618
89686058618
89637917688
89866094688
89836303888
89676838618
89859997688
89866524688
89857120427
89156441979
89167884288
89198639260
89099273979
89197216288
89169063979
89039194288
89178894288
89169534288
89196415260
89251197398
89067620788
89067709260
89178389260
89199138288
89771196260
89057493979
89199860788
89199853260
89199548288
89199748288
89106184879
89291195288
89771190260
89179761288
89198091288
89011177260
89178026260
89011164879
89809924879
89771180260
89167776260
89096024879
89771119698
89179638498
89199089698
89291180260
89106710260
89169124879
89251178498
89067887260
89108702879
89169059698
89197587260
89098811288
89196843260
89069641288
89198901288
89179157260
89809406160
89067207288
89178607288
89198396398
89198896398
89198384788
89991118398
89168963288
89991174788
89807092260
89068392260
89067597288
89166416160
89168536398
89158926398
89066692260
89068226160
89037054788
89177546160
89199217288
89169092260
89991197288
89056246398
89176998398
89096680288
89168399398
89179949398
89166302260
89099988398
89166243288
89057623288
89291172288
89068781260
89168418260
89991184979
89066085498
89177685498
89157882288
89107128260
89038774979
89177344979
89011186698
89058720498
89196545498
89109889288
89039956698
89197156698
89196332160
89107365498
89176142288
89166360498
89157300498
89166512160
89177560498
89011195588
89771191398
89108829588
89199129588
89167783879
89066705588
89196450398
89168451398
89198914698
89158374698
89197190398
89177890398
89291170398
89011164698
89069126588
89037997698
89179866588
89107535588
89097017698
89157876588
89178776588
89168520398
89169524698
89168064698
89261199588
89056037698
89168880398
89166742788
89067442788
89069878588
89106588588
89197887698
89991168588
89099432788
89098143879
89197532788
89169993879
89108218879
89197296979
89177661698
89179991698
89176963788
89097774398
89199826979
89176706979
89177190698
89179636979
89159144398
89166536979
89251176979
89176817788
89179170698
89991176979
89108089498
89096409498
89107946979
89178770698
89196376979
89169254398
89199710698
89291168879
89808748879
89991187788
89771173698
89197447788
89166493788
89157893788
89197918788
89167482698
89807976788
89158275160
89196891788
89169051788
89011180879
89099015979
89108176788
89179808788
89771119979
89198825160
89176746788
89196165160
89096359979
89057142698
89039112698
89179749979
89199765979
89261111788
89106523698
89168101788
89059384498
89066241788
89197913698
89067662588
89157330160
89291161588
89806255788
89098616879
89056240979
89067650979
89198985788
89251194498
89167034498
89168666879
89097745788
89251170160
89056490160
89806278979
89069960160
89809968979
89199580979
89176030979
89806853588
89056121588
89098800979
89067647979
89036293498
89098701588
89178513498
89807063588
89038272498
89107033498
89039817160
89196405879
89108275879
89178105879
89771169879
89158997879
89107577879
89156209879
89097987879
89066212498
89039321498
89176131498
89159759879
89178130588
89157760588
89198257879
89251163098
89168041498
89178854098
89157563098
89096316509
89107541098
89167341098
89177494236
89157155427
89169025427
89991177618
89179724236
89807444098
89771161098
89157119846
89159578688
89176301098
89157379846
89159379846
89251167618
89109042036
89011164036
89806774036
89809940846
89156063036
89197967618
89991184036
89177884309
89109983036
89167595236
89179740846
89056064036
89198614309
89059051888
89806810846
89166906309
89991190846
89197045236
89199225236
89291165236
89106664309
89806023036
89159431888
89168137427
89167680846
89809181888
89098703036
89178723036
89169030846
89037888309
89168479236
89197647427
89169047427
89771182888
89807462888
89771194888
89039453236
89036604888
89096485309
89156371309
89167074888
89097966236
89067555309
89057992888
89166497236
89057858509
89037846236
89176045309
89197745309
89156835309
89068446236
89099899688
89038677236
89198238509
89261165309
89158211309
89771161236
89108081309
89167048509
89168467236
89176618427
89168484846
89107282236
89198286098
89156986098
89291174846
89056136427
89198716098
89261192236
89109876098
89156070309
89291177309
89069189427
89107354846
89197269427
89157520309
89197770309
89809132236
89068259427
89058166098
89196210309
89198659427
89806505036
89109201236
89106467309
89771185509
89158485036
89108783427
89168753427
89176572309
89991185036
89179972309
89068050509
89808358236
89098915036
89291190509
89057115509
89198703427
89166906688
89991190509
89096635509
89197935509
89158945509
89108225509
89068789309
89097020509
89176220509
89097742309
89099502309
89157912309
89991165509
89291168236
89261188236
89806967509
89166788236
89169678236
89178449309
89097879309
89107157509
89291183888
89106913427
89057962846
89158657509
89096672846
89808428618
89156872846
89057795618
89807170427
89168515618
89057090427
89107297688
89099197688
89098977688
89178177688
89169238618
89688080427
89687224688
89638893888
89657679618
89678679618
89857287688
89656807846
89867500427
89627047688
89581162427
89856467688
89869133888
89627729509
89647774427
89666671688
89867982427
89697058888
89867263846
89869694427
89859651688
89658969509
89867327036
89836138888
89858889509
89651111688
89856980688
89856631688
89868380688
89669043846
89856442427
89859878888
89689983688
89868268888
89856330688
89851111688
89638396036
89866057846
89839893846
89669661846
89636656036
89361176036
89657045098
89686216036
89866782688
89857250888
89838071846
89628416036
89669898846
89857766846
89869208846
89867598846
89856336036
89857108846
89868346846
89858100036
89657758098
89581180036
89689484509
89857788846
89679983509
89866280036
89627780036
89689573509
89669330098
89857293688
89361195846
89636394509
89647391036
89667191036
89666044509
89676636888
89867973509
89857905846
89628515846
89838314509
89697335846
89869866888
89868590098
89868209036
89648142618
89856738036
89669022618
89658532618
89686043509
89859288036
89859352618
89581169036
89699658036
89857779036
89666429888
89626141618
89637174618
89676991509
89658507098
89637837098
89856027888
89867527888
89636625888
89687555888
89668870618
89677135888
89698099888
89638047098
89857855888
89837725888
89627509888
89677931509
89667302509
89676479098
89867754618
89648922509
89657941509
89648093618
89869987888
89857221509
89839093618
89856893618
89858623618
89866557888
89636414227
89361174227
89867672027
89867205418
89678576527
89868906527
89677971109
89859409798
89637201109
89838719798
89629603109
89649857579
89686242027
89697884318
89686584027
89838614109
89868002027
89657416318
89859657579
89857682027
89858529227
89856254027
89668104027
89689366318
89361190798
89869794318
89581175227
89698798318
89637869227
89857190798
89361169227
89637677418
89869108318
89696553027
89837954318
89626080798
89859877418
89857554318
89646444027
89669814027
89868553027
89628888318
89839944027
89677140227
89686994898
89678416227
89837191318
89581117227
89638999718
89658854898
89867270227
89857009718
89867046227
89838554898
89857821318
89689681318
89698941318
89639853318
89869179718
89361196418
89627341318
89581184798
89867857227
89838596418
89657006109
89857386109
89869773318
89646377318
89836656109
89697978418
89869046418
89856789418
89628387318
89647679418
89866487318
89676023318
89869221227
89649672318
89636827527
89638595027
89688040527
89857985027
89688372109
89858073418
89677958227
89659145527
89836826718
89869592318
89836315527
89679699318
89838797527
89859770527
89859325527
89676949318
89646060527
89678388227
89638733418
89659393418
89866359318
89856449318
89687418579
89868560527
89666061418
89687051418
89628334718
89669445579
89666245579
89666309579
89648420418
89648438579
89856297718
89626025579
89657821418
89697680418
89866376579
89856635579
89637942798
89699813898
89657760418
89646188579
89859099579
89636433898
89361193898
89679184418
89687417027
89858281418
89869401418
89866548579
89697494418
89859984418
89696127027
89866694418
89659810718
89866370718
89659837798
89671111718
89858757027
89868949527
89638473718
89858323798
89858596027
89869716798
89581116798
89639898109
89869371798
89867815109
89859463718
89868836798
89857656027
89866536027
89836876027
89686888109
89867065109
89629965109
89638468109
89696858109
89361183527
89639972579
89837643718
89629248798
89637495798
89867072579
89866140109
89677892579
89639235798
89657625798
89669110109
89868236898
89869936898
89639711027
89689432579
89658831027
89869111027
89869281027
89867102579
89687541579
89656585898
89688982527
89626249027
89628113527
89627184579
89646974579
89868539898
89636555898
89869650579
89856091527
89659799109
89869355898
89836107109
89679109898
89859359109
89837792527
89638465898
89857920579
89627310579
89629124579
89637222527
89647301527
89867587898
89656329827
89646318709
89658771998
89869574127
89867314267
89858105460
89808956618
89771160427
89109137688
89196486618
89197064688
89168342846
89159456618
89038878618
89106665618
89176843888
89197378618
89106623888
89066447688
89108413888
89176713888
89156733888
89037197036
89099939509
89156907846
89177383846
89991182427
89058085688
89069050688
89157004427
89038614427
89108507036
89066507036
89806338888
89167790688
89809337846
89097997846
89196108888
89068754427
89037238888
89177477846
89108631688
89167180688
89156037846
89057212427
89107087846
89198949509
89069543846
89069668888
89056043846
89199388888
89991168888
89069818846
89069272688
89096133846
89156108098
89197071846
89809318098
89011198846
89038998098
89108445098
89166476846
89167876036
89109346036
89809821846
89771166036
89011111846
89069265098
89059680888
89058931846
89107238098
89159038098
89196102688
89291180036
89109688846
89179743688
89991160888
89808972618
89109441846
89176948846
89198923688
89157481846
89109784509
89106153509
89168023688
89197640098
89198919036
89771175846
89158182618
89179951036
89177714509
89197291618
89096344509
89169563509
89167735846
89108792618
89158135846
89106339036
89059770098
89809343509
89068381036
89771180098
89167381036
89106321618
89107160098
89069502618
89157042618
89771197098
89178743509
89177111618
89199922618
89109993509
89178423509
89771117098
89108897098
89037372509
89107707888
89991172509
89109673618
89159882509
89991182509
89068505888
89107191509
89156334618
89806745888
89057415888
89178229098
89197275888
89991175888
89199075888
89108092509
89159299098
89198599098
89067165888
89158580618
89251187888
89808513618
89198167888
89198593618
89176223618
89166551109
89158251109
89096394227
89097374227
89198492027
89991172027
89159772027
89771117579
89198774227
89197504109
89167836527
89178004109
89057793109
89156993109
89099298718
89806978718
89196777579
89198021109
89159519798
89067111109
89108512027
89097279798
89198247579
89167361109
89057368718
89036161109
89056323109
89108982027
89159101109
89179101109
89011161898
89808327418
89158214109
89058495227
89057216318
89166050798
89198027418
89166527418
89158291898
89107705227
89177691898
89196794318
89169014318
89167644318
89167244318
89158544318
89058215227
89039535227
89109354318
89106225227
89036538318
89099109227
89178017418
89197558318
89771168318
89038519227
89196287418
89179603027
89198178318
89251188318
89169611898
89109047418
89057824027
89179394027
89039134027
89178248318
89991194027
89291182898
89107307227
89037139718
89178784898
89991196227
89176404898
89197485318
89991182898
89067250227
89198350227
89177963227
89059371318
89198074898
89991166227
89069744898
89157575318
89158726227
89166375318
89198270227
89196070227
89178235318
89991192898
89197269718
89037452898
89177819718
89991180227
89109456227
89198249718
89011162227
89099679718
89108813227
89771182227
89807672227
89168322898
89058133227
89039518418
89808186109
89166261227
89166073318
89109794798
89168250318
89159150318
89166491227
89109056109
89156051227
89199290318
89169303318
89108638418
89039909418
89109438418
89158420318
89177077318
89196009418
89177669418
89037299418
89167137318
89099530318
89991160318
89096768418
89059281227
89039833318
89199367318
89178548418
89107233318
89158223318
89158307527
89179418227
89038073418
89991185527
89038392109
89177372109
89159703418
89159597527
89011119318
89068470527
89179192318
89991192318
89038265027
89038412318
89159812318
89168112318
89011183898
89107432318
89169032318
89199432318
89261173898
89037061418
89108495579
89158385579
89156329579
89199895579
89106140418
89179991418
89991171418
89199703898
89168497718
89039917718
89197177718
89771188579
89199342798
89809797027
89037079579
89066943898
89157893898
89107062418
89809934418
89166362418
89199372418
89176439527
89198039527
89038161718
89179929527
89198795718
89809127027
89108951718
89058605718
89179414418
89067463798
89806354418
89159203798
89991175718
89167655718
89169045718
89198689527
89167677027
89179977798
89179689527
89166737798
89168959527
89176864418
89168902418
89261179527
89809348898
89058187798
89178421718
89107543798
89169741718
89107896798
89098405109
89199930027
89176640027
89158061798
89991186027
89109771798
89109176027
89198866798
89806220898
89068058798
89178676027
89156398109
89806422718
89991186798
89178831798
89809183527
89157360898
89169268798
89196121798
89171111798
89156493718
89178148109
89261193718
89109041798
89069041798
89058708027
89159548798
89156072579
89107753527
89069241027
89771176898
89056271579
89991191579
89199329027
89011199027
89808721027
89177336898
89097092579
89069799027
89157899027
89199610109
89011111579
89771169027
89036652579
89178131579
89158964527
89167979027
89199502579
89159688027
89108142579
89179189027
89198481579
89176313527
89991193527
89991181579
89098768027
89057961527
89109795898
89179019109
89169485898
89809403579
89058794579
89158975898
89991191527
89807047109
89808624579
89107315898
89196390579
89198890579
89179090579
89199409109
89168745898
89251199109
89057154579
89809942527
89157469898
89156199109
89038152527
89158837898
89991119898
89066330579
89107922527
89197200579
89097167898
89106423579
89196849109
89771194267
89166923579
89169767898
89809371998
89807214267
89056385460
89196851127
89107761998
89036016536
89066394267
89107114267
89647846536
89629655460
89868535460
89869208709
89837509827
89857338709
89581186536
89678088709
89857311127
89697348709
89867021998
89867067646
89666327460
89697703998
89647735267
89688846327
89869975267
89687319267
89686380827
89639087460
89648112998
89666541927
89868921927
89868378327
89866768327
89668095327
89836257460
89857481927
89858123998
89666334927
89677414927
89869739709
89858307267
89659328536
89869340267
89639575327
89856973267
89867628536
89868428536
89668269709
89858977267
89686179709
89647149709
89869024927
89581186267
89581119709
89648543267
89856052927
89868442927
89858900267
89658027327
89866133267
89581183327
89361161267
89678391267
89869707327
89867762267
89361166460
89688146127
89699731267
89689210327
89626959460
89656132267
89858278460
89857568460
89361184998
89666785536
89647904998
89637904998
89628118267
89856652127
89647198267
89678524998
89856403460
89361189327
89639799327
89859917536
89869709327
89361165536
89869252327
89636953927
89688223460
89866868267
89839760536
89866332327
89629013460
89637216646
89688805646
89858142127
89679991460
89687290460
89866053927
89868472827
89867972827
89688975646
89696255646
89866628646
89678498646
89678209646
89659277709
89646498646
89857815646
89859726646
89687164709
89581189646
89658787709
89659019646
89647088646
89857656646
89669718927
89869765646
89638318927
89868084460
89869516998
89637026998
89669766998
89657445709
89649035709
89581117827
89666386998
89857776998
89688200709
89581187827
89628601709
89637773709
89697540927
89837285127
89687506827
89868229998
89679436827
89676903709
89627003709
89668298827
89868205998
89856306827
89581178127
89866978127
89867998827
89868455127
89699588827
89626130927
89647240127
89669223709
89676581827
89667462646
89676540998
89628272646
89858985827
89638717998
89867240998
89677325827
89866314536
89837771646
89866015827
89837197998
89867358998
89639230998
89696442646
89858320998
89648888998
89671111646
89856452646
89858964536
89869002646
89686348998
89639493536
89659493536
89859850127
89856432646
89856043536
89869848998
89837623536
89866184646
89866872536
89648574646
89581117127
89866471536
89657299127
89856203646
89628897927
89669769927
89667580646
89866739127
89867299127
89647522536
89677930646
89678023646
89856741536
89697427636
89857867927
89667874198
89859784136
89839818767
89867654136
89869291988
89867927636
89869874198
89679009860
89686724198
89678489860
89857526567
89361169860
89627435436
89648553136
89676337636
89858998767
89836545436
89581119860
89648157636
89667323136
89838743136
89361181988
89698624136
89866947636
89629888767
89581111988
89626001988
89656696360
89868944136
89857348767
89581173988
89857671936
89697598360
89869606360
89659919198
89869345198
89859292988
89687031936
89839776360
89637347436
89838819198
89856410860
89858112988
89866542988
89627511936
89656441936
89869121936
89856442988
89636676198
89646076198
89669892936
89626036198
89628975360
89678046198
89668138567
89581169767
89668887198
89859864936
89867319767
89361193198
89659581360
89866843198
89838443198
89679140360
89686004860
89859172198
89669444860
89836394860
89667776436
89657126136
89858228436
89629892198
89868146136
89866689436
89581199436
89858052198
89627766136
89859821198
89639096767
89659985567
89677740567
89867679436
89628962360
89637028198
89636066767
89659590567
89699134988
89667406767
89838939360
89857362136
89867373436
89636436767
89836492136
89649558198
89858152136
89857328198
89627036767
89696824988
89868609360
89626254988
89629286767
89859810567
89639422136
89857554988
89628464988
89647968198
89638832360
89868799360
89688779360
89868265567
89836288198
89858253936
89807324267
89038236536
89197315460
89261197646
89109925460
89197177646
89196377646
89159946536
89058837646
89109565460
89106578709
89166687646
89038947646
89037068709
89011118327
89291181998
89099867646
89199267646
89158861127
89168681998
89069173998
89167239267
89177895267
89099405267
89097882998
89107134327
89059634327
89109615267
89991175267
89291176327
89038206327
89108854327
89108831927
89059356327
89807232998
89198037460
89058442998
89098049267
89196802998
89108122998
89991111927
89809462927
89099548327
89057801927
89037323998
89108429709
89059772927
89168318536
89991172927
89261173267
89991118536
89106505327
89098991327
89058461327
89176255327
89157515327
89809710267
89106555327
89807124927
89159398536
89991177267
89109569709
89158268536
89157730267
89197000267
89261193267
89067341327
89179996460
89059182267
89108916460
89198686127
89169071267
89169006127
89057616127
89199170327
89107226127
89097999460
89806766127
89197952267
89057110327
89058537327
89261179460
89109049460
89056566127
89108947327
89039511267
89771184998
89058311267
89096868460
89156222267
89158867327
89809252127
89159153460
89037594998
89808508267
89107294998
89157644998
89176244998
89177392327
89167117536
89169898267
89178989327
89168554998
89251165536
89108065536
89166452327
89167012327
89177780536
89157802327
89169349327
89058759327
89036900536
89157342327
89106593460
89157357536
89167293460
89067223460
89097584709
89156718646
89098239646
89199661460
89291194709
89098163927
89167863927
89109075646
89059066646
89198206646
89261197709
89199492827
89991189646
89039152827
89058256646
89177586646
89197356646
89058865646
89807648646
89159260460
89038501460
89066013927
89199093927
89991167709
89196362460
89196518927
89068782460
89067416998
89169640709
89109266998
89176105709
89807998927
89178958927
89106725709
89107917827
89159008927
89176720709
89178098927
89991189536
89196812460
89168012460
89166865709
89011185127
89177647827
89038585127
89166908127
89099685998
89099895998
89169273709
89771170927
89106275127
89199351827
89166835998
89177118127
89199855127
89808501827
89806096927
89109243709
89771116927
89059607998
89056884536
89106333709
89099840127
89809415827
89168685827
89291191646
89109591646
89037582646
89809997998
89109714536
89056351646
89178763536
89199690998
89107366927
89106917998
89098398998
89251198998
89096600127
89039890127
89038586927
89097520127
89109986927
89199800127
89197312646
89098260998
89106568998
89198888998
89158123536
89106197127
89197853646
89109395927
89196440646
89177750646
89199661536
89169682536
89068214646
89177774646
89196890646
89291192536
89198437127
89197667127
89196625927
89806587927
89176589927
89159054646
89809649927
89159669927
89167869927
89196510646
89809669127
89066502536
89066721536
89106649927
89991169127
89809339860
89106847927
89057400646
89109322536
89056241536
89056484136
89067707636
89176218767
89159983136
89178095436
89291191988
89176394198
89177105436
89291175436
89099228767
89156515436
89197206567
89251171136
89068276567
89169293136
89099369860
89066846567
89157277636
89196138767
89251165436
89771111988
89197478767
89169131988
89159165436
89107268767
89167759860
89168213136
89098944136
89098824136
89169047636
89197344136
89991188767
89177324136
89096618360
89166039198
89807603988
89178882988
89166314360
89197028360
89098275198
89037175198
89156503988
89158466360
89107825198
89177297436
89158797436
89291189198
89106389198
89169789198
89178709198
89196254360
89109877436
89038756360
89156064360
89156919198
89177364360
89199365198
89168487436
89198442988
89106993988
89151111936
89166043988
89179813988
89157313988
89771195360
89809814936
89157362936
89291161360
89109383198
89069616198
89036051360
89099055360
89199928567
89167834936
89806409767
89069615360
89991117198
89198269767
89157146198
89291165360
89036621360
89168052936
89166978567
89169712936
89261160198
89039242936
89158181360
89066884860
89109941360
89807086136
89251173360
89109361198
89179286136
89176961198
89159050360
89157761198
89096408436
89157866436
89167776436
89156676436
89107154860
89291180360
89291186436
89771179436
89179480360
89059730360
89168102198
89196421198
89109532198
89178288436
89066132198
89196313360
89251183436
89167339360
89196185567
89991118198
89156995567
89261194988
89037952136
89198440567
89158515567
89807989360
89037476767
89169690567
89167315567
89156070567
89807232136
89159208198
89199992360
89179658198
89991197567
89179969360
89069522136
89108419360
89251187567
89107422136
89068787567
89771182136
89011172860
89059732360
89179343436
89177532360
89991168198
89198343436
89169400567
89036142136
89168948198
89197023436
89991183936
89697039636
89679734767
89677606636
89629216636
89687276636
89629536636
89838663936
89868155636
89637638636
89658680436
89687612860
89667259636
89857554767
89678132860
89688088636
89637133936
89836143936
89868701436
89858893936
89856948636
89669674436
89868150767
89656115767
89627366988
89657045767
89679977860
89858003860
89857190767
89656519567
89658987860
89866224436
89836320767
89867324436
89667167860
89867580767
89646401767
89868459567
89678939988
89857357860
89676661860
89636628860
89687828860
89699551860
89581182767
89696755988
89639603767
89689515988
89698425988
89866635136
89839215988
89627298860
89837478136
89866725136
89581199988
89627286860
89696659988
89689848136
89658332767
89669613767
89699948860
89857756860
89859288136
89867988136
89868456860
89581168860
89869800936
89648796936
89869401860
89856243767
89629827988
89627350988
89649555860
89676744567
89686136936
89856604567
89856063567
89859840988
89856128988
89856074567
89867655860
89686720136
89666877988
89668864567
89857858988
89646160988
89639160988
89697968988
89697023567
89676081636
89687433567
89858888988
89668872567
89837768988
89857680136
89857433567
89667991567
89839084636
89856872567
89867482567
89868427936
89868327936
89859714636
89867185936
89867029136
89686919936
89656302567
89649012567
89688847936
89838287136
89859999936
89629712567
89868712567
89868322567
89686239809
89667262018
89649127660
89646051118
89868918760
89361166546
89679991118
89689225446
89837804118
89839708760
89869845446
89676437660
89699443118
89839846546
89868599809
89637812018
89699561118
89639634118
89696182018
89868765446
89697507446
89648839209
89866423118
89867712018
89678104336
89858757660
89866867660
89699974018
89669650809
89858918336
89627504336
89858350809
89628514336
89649536336
89869264018
89866491918
89628266336
89697409209
89686609209
89638370809
89689025209
89858406336
89867804018
89667124336
89679969209
89361198336
89856609209
89627338336
89668349209
89627799209
89697844018
89866643018
89861111918
89851111918
89838100809
89581194018
89857507209
89857107209
89677674918
89627973209
89856514918
89647054918
89868215336
89677499760
89869235336
89698365336
89867889760
89639532918
89646143209
89679343209
89697157209
89866730209
89869987209
89698662209
89869932918
89687261209
89858201336
89581118446
89667994809
89868029446
89869783336
89629304809
89687190336
89361174809
89698844809
89658709446
89869003336
89676180336
89636480336
89858892209
89856016118
89857258446
89628069446
89659031209
89856977336
89696466118
89867619446
89629178446
89361179446
89696747336
89836487336
89628942209
89658757336
89859822209
89677072336
89637629336
89867381209
89638552118
89668090546
89859895546
89699208209
89866755546
89867015018
89686038209
89679377546
89837635546
89581169336
89361199336
89866838209
89636678209
89676879336
89866730546
89581179336
89637023446
89868168209
89838432336
89867868209
89698084760
89867543446
89856968209
89677795660
89627405660
89859395660
89636908660
89689838660
89838766660
89859526660
89836675660
89857826660
89679202809
89656331446
89858489660
89868724760
89838165660
89669767760
89628043918
89698253809
89859547760
89696685760
89857585760
89581191760
89658617809
89679770760
89869407018
89698320760
89646824446
89657589546
89857437018
89647137809
89858258918
89868869546
89678459546
89867137809
89697057809
89638441760
89857868918
89648683760
89858341760
89868283760
89868967809
89867562760
89581171809
89361191809
89868963760
89868306018
89688876809
89838345118
89867863760
89647125118
89647898809
89647338118
89678221809
89658911809
89837800018
89859342760
89839488118
89866066018
89639601809
89856012760
89678919018
89686851018
89868213760
89687605809
89658782660
89658891660
89699844546
89868053546
89856504546
89867416918
89637071018
89646875809
89627374546
89696721018
89629436918
89866625809
89687681018
89869825809
89679664546
89638642660
89656831018
89668033546
89656049018
89637862546
89638482546
89636974660
89649059118
89859605918
89361192546
89687145918
89868451546
89659139118
89868931546
89628665918
89011194767
89011191436
89261182860
89808871436
89038485636
89158662860
89066634767
89178940436
89177734767
89099975636
89107128636
89177314767
89068297767
89167154767
89159977767
89291198636
89809378636
89106224767
89107099636
89036310436
89058802860
89058600436
89037822860
89176168636
89069813936
89199368636
89039493936
89107781436
89179241436
89011163860
89108996988
89038272436
89771116988
89177139567
89056361767
89069061767
89166316988
89108116988
89109528936
89108105767
89196274436
89168461767
89168609567
89036837860
89098287860
89178849567
89196502436
89177019567
89156949567
89036042436
89069847860
89159330767
89178179567
89167249567
89291188936
89039243860
89178143860
89098748936
89156341767
89158062767
89179283767
89068972767
89036383767
89197516860
89168862767
89057116860
89196861860
89197671860
89168571860
89198751860
89167228860
89106426860
89198466860
89251192767
89196278136
89178469988
89158802767
89011184567
89107523767
89197422767
89166258136
89059272636
89096562636
89991118988
89097361636
89109127988
89168873567
89099034567
89197528988
89156751636
89106215860
89107855860
89166790988
89177555860
89168736936
89991190988
89011180988
89158117988
89168776936
89199538988
89038252636
89097910988
89166531636
89261188988
89098280136
89166678988
89157688988
89806872567
89199957988
89157513567
89109923567
89097962567
89106172567
89108353636
89177584636
89169295936
89806327136
89059174636
89196861567
89771192567
89056614636
89199875936
89107417936
89807452567
89097135936
89167977136
89158877136
89069669936
89097719936
89771111567
89198087136
89039565936
89036947936
89099360636
89197689136
89109232567
89808685446
89251173118
89809185446
89011194209
89157918760
89176784118
89058194209
89178614209
89176564118
89057917660
89106193118
89156945446
89178725446
89099509809
89099469809
89991198760
89106732018
89809301118
89159911118
89157465446
89176865446
89178044118
89068679809
89176867660
89807461918
89291161918
89196740809
89991195209
89179016336
89157474018
89167351918
89156464018
89157306336
89251170809
89198397446
89261169209
89809886336
89108370809
89807203018
89108824336
89196599209
89069337446
89069837446
89169610809
89169864336
89168753018
89169237446
89097903018
89038113018
89056765209
89036343018
89197368336
89167668336
89197768336
89108157446
89067829760
89169296209
89199296209
89157785336
89166285336
89179273209
89199340209
89991116209
89011198546
89107270209
89251169760
89196225336
89178198546
89011187209
89039620209
89157438546
89156264918
89199952918
89098359760
89107021336
89109230209
89177960209
89056493209
89178688546
89808827336
89199693209
89159448546
89251184809
89056372209
89261182209
89109714809
89178091209
89166682209
89177614809
89166671209
89037126446
89106598446
89107886446
89199146446
89156454809
89991199446
89109621209
89991179446
89067547336
89037732209
89179547336
89039513336
89097183446
89197485018
89098853446
89177796760
89197496760
89179639336
89109305018
89159540546
89196575018
89109436760
89179303446
89196555546
89167935546
89156269336
89168180546
89109430546
89167532336
89011118660
89038643446
89096668209
89156579336
89169368209
89159113446
89159007760
89197682809
89109955660
89068803918
89159436660
89198992809
89806237760
89179225660
89261164760
89068487760
89177612809
89199512809
89068042809
89156659660
89158847760
89771182446
89158679660
89177948660
89196547760
89178257760
89109484446
89066497018
89107007809
89196482446
89179851760
89809617809
89179091760
89251170760
89199967018
89036392446
89809037809
89178945760
89158825760
89011187809
89107689546
89158198918
89806200760
89197957018
89196280760
89196178918
89069588918
89058588918
89178211760
89198260760
89169479546
89109601760
89178193809
89169467809
89058418809
89108108118
89168457809
89196785118
89109872760
89199240018
89107340918
89107228118
89098163760
89168171809
89096906018
89039645118
89806455118
89179358809
89197608809
89991116018
89291192760
89291198118
89038336018
89056770918
89037710018
89199510018
89166398809
89198455118
89199610918
89057178809
89808593760
89108121809
89991166018
89168821809
89168766018
89151111809
89107413760
89156222760
89057183546
89176196918
89159681809
89178896918
89058330118
89058141018
89159174546
89169873546
89261166918
89038391018
89176663546
89806690118
89068698018
89177926918
89156509018
89157498018
89159436918
89036645809
89108546918
89107046918
89178921018
89169500118
89291186918
89808161018
89199421660
89251111660
89037748018
89808139918
89176011660
89106193546
89179913546
89991168018
89251172546
89178762546
89156439918
89157829918
89107082546
89158929918
89809144660
89196217118
89176117118
89198773660
89176682546
89991191546
89159571546
89067290660
89199690660
89109044660
89098044660
89039070660
89177575918
89176027118
89038435918
89177910660
89179780660
89199812546
89251169118
89687769118
89637633660
89657657918
89666841546
89696484218
89866611546
89687074146
89656762009
89697426560
89686128746
89868504218
89627794218
89858466560
89868817667
89679119818
89628224218
89678859818
89869743146
89869065467
89867844146
89698140818
89699205218
89867973009
89858764009
89868694346
89689146346
89656786346
89859693009
89867670818
89856658346
89867109218
89677447467
89646579218
89856780818
89647234009
89621111909
89669495346
89856033009
89857401909
89688805346
89646734909
89866441909
89859195346
89628374909
89688635346
89837371346
89858428560
89867406218
89626115346
89867292909
89869138560
89698533218
89676113218
89699660218
89656047218
89649304818
89688051218
89838139467
89686892218
89868463346
89857456146
89866936467
89628198467
89856609467
89657032218
89647232218
89867659467
89677141218
89837133346
89836141218
89867007560
89688235009
89689955560
89859150560
89868250560
89838040560
89649289346
89637697560
89858390560
89648969346
89677278218
89649832146
89696152346
89666386746
89836335560
89636930560
89626986746
89868252346
89857399346
89866010560
89638293467
89868649346
89636039667
89696918667
89868068218
89859447560
89696073909
89689551467
89636176667
89866673909
89859116667
89636670467
89648635667
89836928667
89689677746
89659824746
89837335667
89636601467
89629259667
89628678667
89866432818
89657785746
89867748667
89629997009
89628273818
89866229560
89837750746
89649655746
89869263818
89678977818
89647925746
89699809560
89689970746
89686477818
89657554467
89838867009
89856997818
89866544467
89656278909
89668119560
89857720746
89868719560
89627937818
89698732467
89676696818
89636708146
89867188909
89646440909
89868148909
89649795146
89637915146
89648756009
89679026818
89667706818
89677836009
89639755146
89857903746
89656678146
89866055146
89859458818
89636866009
89856356818
89867600009
89836131818
89869488146
89688830146
89868932746
89866413746
89857481818
89856213746
89699563560
89697829009
89626928009
89689366909
89639775818
89676136909
89838004560
89868951667
89669399009
89689678009
89868054560
89647901009
89856970146
89647601667
89666322667
89626543560
89858443560
89647782560
89647594667
89647274667
89648840667
89677204667
89629884667
89699191560
89658015909
89581191560
89638099146
89689154667
89687009909
89679099146
89856937146
89629892560
89628709146
89361169909
89678487909
89839254667
89857699909
89581165909
89657143667
89858179146
89637323667
89866532560
89838279909
89626341169
89669171169
89638225410
89639519869
89837945410
89648349869
89838498739
89856777628
89867209869
89858254176
89658844169
89637723169
89869953169
89868153169
89581178739
89678894169
89867465410
89646784302
89361182069
89687784302
89859544169
89866022069
89856144169
89869147628
89658185176
89866047628
89866167628
89677694302
89688305176
89859224169
89696497410
89637206302
89838574069
89697093069
89638658302
89637377410
89856709176
89581180869
89688523069
89679411949
89867746302
89867480869
89868310869
89677267410
89859349176
89859678302
89639184949
89636283176
89361194069
89869344069
89858714069
89866148302
89666963176
89837571302
89859174949
89867763176
89698398521
89856034949
89857055302
89859025302
89688665302
89839064949
89649900176
89668133176
89669429410
89649804869
89866567176
89581118410
89659990302
89859382176
89669597302
89858851176
89646509410
89696810302
89659686410
89868936169
89638160302
89646288410
89687613302
89696001176
89646867302
89858442176
89868559410
89867687302
89859588410
89658482302
89657995521
89678635069
89679195069
89646690521
89868605069
89638417521
89858975069
89657966739
89627106739
89857803410
89836292302
89808801546
89199900660
89197860660
89167733660
89177967918
89261196560
89036196560
89166418746
89159784218
89251162009
89809004146
89177541146
89159427667
89251174218
89058714218
89199194218
89291175467
89178674218
89991166560
89096936560
89106208746
89157758746
89197209818
89167054218
89198998746
89991117667
89097411146
89011188746
89057165467
89178565467
89198222009
89991161146
89167112009
89156012009
89108194146
89058082009
89197034146
89196882009
89198124146
89991173009
89251163009
89261163009
89067018346
89109618346
89056663009
89057961909
89199796346
89158973009
89169485218
89167229218
89991184346
89196495218
89176183009
89178983009
89991164009
89179228346
89058725218
89177358346
89156197467
89991189218
89991198346
89098220818
89096110818
89198224346
89108403009
89771172909
89067665218
89107665218
89771182909
89067933009
89197247467
89161111909
89199994009
89199394009
89177950218
89991196218
89168082909
89166526218
89156355346
89156144909
89251197218
89039008560
89037258560
89197817218
89039924909
89108224909
89179810218
89178231346
89176759746
89196060218
89809672218
89099281346
89108593218
89166660218
89107967218
89176323218
89177584818
89106539467
89106396146
89107829467
89107016467
89066340346
89157373346
89167994818
89159444818
89159856146
89106797346
89096858467
89038858467
89057536146
89106258467
89991117346
89991169467
89099454818
89157754818
89197654818
89107956467
89109299467
89158310346
89198399467
89167730346
89196468467
89261193346
89056167346
89179047346
89199633346
89771116746
89058233346
89809103467
89991182346
89807625560
89068905009
89159175560
89098226746
89196958218
89261165560
89198552346
89057159346
89037600560
89159459346
89169012146
89156102146
89099796667
89099984746
89068439667
89158172818
89198572818
89251174746
89057371467
89197071467
89159882818
89809470467
89038214746
89199434746
89156871467
89179926667
89199017746
89166776667
89166089667
89059910467
89199352818
89991199667
89991165667
89036202818
89159878667
89168578667
89198549667
89156549667
89159365667
89098832818
89056047746
89809718909
89178322818
89168668667
89176968667
89991188667
89199781467
89991167746
89156829560
89037650746
89199282467
89176804467
89157095746
89179490746
89068345746
89197392467
89108777009
89177377009
89991169560
89178889560
89011179560
89038547009
89771179560
89177419560
89057259560
89196402467
89991119560
89809467818
89066965746
89038732467
89158181746
89198223818
89166993818
89067008146
89157453746
89039816818
89106205146
89176196009
89261163746
89198628818
89808798818
89056006818
89199916009
89157775146
89991192746
89197226009
89176510009
89199800009
89109965146
89199652746
89107442746
89199830909
89057532746
89159088818
89157058146
89178468146
89771191667
89169508009
89199182667
89199530146
89168419009
89991119009
89178141009
89197214560
89167434560
89991194560
89037244560
89106791009
89178055818
89169775818
89167436909
89057145818
89096809009
89177409009
89036224560
89176920146
89109452667
89807058009
89058960146
89991165818
89108989009
89166965818
89158401009
89037293560
89178932667
89291183667
89011174667
89096468009
89991172560
89251184667
89057307909
89107619146
89179019146
89178683667
89177350667
89991182560
89039673667
89809697909
89158671560
89771187146
89167525909
89199435909
89167859146
89199445909
89106889909
89807259909
89059569909
89176939146
89179220667
89107037909
89159210667
89107102560
89057112560
89808067909
89158087909
89261160667
89808757909
89059779146
89066760667
89069401560
89109301560
89178879909
89251196521
89011116521
89068233667
89108649146
89176273169
89096504176
89059663169
89168673169
89037051169
89099641169
89068492069
89158316521
89158952069
89107792069
89177914176
89109936521
89169845410
89177745410
89178397628
89167993169
89156521169
89168698739
89168724176
89108056521
89806288739
89156664176
89199564176
89197756521
89098959869
89166165410
89158959869
89806048739
89058747628
89178901169
89099102069
89159114169
89157634169
89157242069
89167724169
89099657628
89036684302
89038184302
89808150869
89166163069
89109085176
89196584069
89169616302
89158427410
89168274069
89157840869
89037050869
89011169176
89067651949
89178664069
89108666302
89066358302
89199306302
89178170869
89106725176
89098658302
89106477410
89056677410
89179553069
89199765176
89771162949
89096544069
89157011949
89179747410
89156957410
89197914069
89991181949
89261172949
89096853176
89168334069
89096261302
89261171302
89771176176
89809997176
89178414949
89159673176
89096228521
89809698521
89179725302
89806765302
89099519739
89169238521
89108559739
89169060176
89991179739
89066188521
89109860176
89169022949
89261181302
89069267176
89097393176
89038053302
89166418410
89066427302
89059104869
89251191176
89037828410
89177763302
89199214869
89251192176
89178536169
89108946410
89199926169
89107109410
89197386410
89808493302
89109680302
89198664869
89037312176
89107600302
89036947302
89166121176
89991168410
89808429302
89196379410
89168643302
89177723302
89108672302
89106235069
89108403410
89179215521
89108289302
89057620521
89158846739
89169709302
89866419302
89856886739
89668322302
89687022302
89688493410
89627188176
89867288176
89361183949
89868702169
89837823410
89869842169
89581184739
89667191410
89839907739
89658475628
89836627739
89869195628
89581174739
89636308628
89637169628
89858215628
89361198628
89689510410
89678680410
89866338628
89869438628
89649411410
89649688628
89361160410
89868921410
89668607869
89647318949
89869122869
89629162410
89869507869
89679844410
89859814410
89868927869
89656870739
89867728949
89361177069
89636447069
89696169521
89686110739
89696719521
89866735739
89668400739
89866919521
89856599521
89658100739
89698267869
89856987869
89676705169
89699083739
89656066869
89866330069
89629406069
89659206869
89869116869
89857851869
89868345169
89688338869
89679855169
89839736069
89639711869
89868565169
89856960949
89628648869
89686528069
89657294521
89696216949
89698328069
89637991069
89668691069
89628382628
89628429069
89581191628
89698292628
89866451069
89838761628
89649721069
89867406949
89839303521
89628144521
89639424521
89858655869
89668100169
89868045869
89866500169
89866246949
89626331628
89869152628
89666568069
89638658069
89669013521
89656239949
89857211628
89867132628
89627813521
89676240628
89868997169
89858139949
89868784628
89639374628
89649715949
89866972521
89866961521
89867019169
89639845949
89867017169
89869661521
89869561521
89838794628
89688724628
89656064628
89858775949
89669330628
89581199949
89629837949
89581179169
89677189169
89866580628
89867959949
89867812521
89869413628
89838257949
89676327610
89658828728
89627595376
89698415376
89647091076
89581172059
89647258728
89636069839
89686054189
89679898728
89867564076
89667311076
89668522059
89868245376
89857598728
89627311076
89868211076
89859165376
89867487610
89696042059
89839533076
89626234076
89866542059
89581163059
89581174059
89637164059
89869607376
89668706276
89866064059
89648670839
89677997376
89647717376
89678076276
89858391959
89626715189
89668846276
89869176276
89656643059
89857824276
89667033059
89637162959
89648329728
89698604959
89646783189
89837957376
89839334059
89836767376
89858404959
89668690189
89636898476
89679309728
89857875276
89866045276
89687459728
89679843189
89858986189
89646993189
89679723189
89859721276
89679933189
89648729376
89629183276
89638251189
89698774839
89869462189
89686206376
89666636376
89869327276
89869616376
89859616376
89659436076
89648208376
89868574839
89649898376
89678724839
89869066376
89687686376
89657564839
89859770276
89869498376
89857386376
89697148376
89687047276
89679901189
89658393276
89868830276
89638853376
89839588376
89869343276
89361196728
89676905059
89679476728
89868382276
89699169276
89857575059
89628915476
89657889276
89677509276
89658386728
89668356728
89838917476
89626889276
89656702276
89647078189
89866238189
89627080476
89668568189
89868365059
89839637476
89689467476
89658113376
89649433376
89866949276
89686385610
89687873959
89679894728
89856707728
89856739610
89866782076
89868516610
89637426610
89859928610
89668152839
89649521376
89688565610
89668965610
89689949610
89859980376
89658760376
89629159610
89639201376
89838802839
89679862376
89669862376
89857748610
89857233959
89667294376
89659614376
89866262376
89656803839
89698328959
89867350728
89657408959
89658827059
89867594376
89688498959
89676624376
89866755728
89867937059
89856115728
89646319476
89628138959
89647778959
89868769476
89857252376
89361188959
89696881728
89679567839
89856421728
89649193839
89868987839
89869168959
89867068959
89657682728
89689096059
89688191839
89868316839
89688508839
89687198839
89647638839
89699098839
89657846839
89858526839
89627120959
89869600059
89698560059
89867778076
89866300059
89678348839
89666693728
89869848076
89686230076
89859996959
89679229059
89699371610
89698091610
89697871610
89676015839
89866682610
89361166959
89869834476
89858136959
89857975839
89647586959
89867811059
89868600076
89698941610
89869879059
89629911610
89696007959
89679672476
89858949059
89361182476
89859649059
89866584610
89656794610
89869950610
89581185959
89836805959
89869863610
89809949302
89771179302
89098546739
89069352302
89166099302
89158987521
89196602302
89196622169
89199822302
89037022302
89166468176
89166513410
89176348176
89157560521
89251172869
89179202169
89177193410
89038618628
89067961410
89169282869
89177650410
89159240410
89198661410
89156216628
89057771410
89107634739
89158074739
89179934739
89991117739
89291189628
89096776628
89109177739
89178277739
89199238628
89156446628
89109352869
89178324739
89198637739
89066231410
89106901410
89108962410
89108457739
89167418949
89157307869
89251161739
89068139521
89109485739
89169572410
89177540739
89178640739
89098005739
89176091739
89107767069
89108967069
89991190739
89176115739
89179235739
89109238949
89057909521
89158489521
89196998949
89198077869
89058480739
89097787069
89056510739
89991164410
89771167869
89057721739
89109749521
89169521739
89156549521
89178700739
89109957869
89039072739
89097185169
89179448949
89066386069
89108628169
89177096069
89158450949
89196151869
89098998169
89179626869
89807500069
89156192739
89167810069
89197078169
89011111869
89097680949
89991186869
89261160069
89991188169
89199348169
89167888869
89167500949
89039033739
89808505869
89197333739
89807615869
89097553521
89196529069
89178661628
89176228069
89011118069
89109091069
89106055869
89107491069
89261176949
89057026949
89197609069
89037471069
89198076949
89199835869
89196371069
89251190169
89038056949
89198370169
89097821628
89107686949
89168886949
89067612628
89109042628
89096231069
89099260169
89261161069
89098689069
89059689069
89166943521
89198789069
89177701069
89991111628
89107701628
89037333521
89991197169
89291195949
89036695949
89176504628
89196317169
89169974628
89169682521
89157529169
89198774628
89251177169
89166625949
89198444628
89251199169
89808119949
89056970628
89158577169
89991189949
89107419949
89106112521
89106102521
89039281521
89096089169
89158801521
89261184189
89261196476
89011172059
89057107610
89108207610
89169084076
89176364076
89066006476
89169128728
89291197610
89809264189
89069608728
89196054189
89198798728
89178321076
89167438728
89991199839
89156065376
89196159839
89169349839
89991165376
89107213076
89198668728
89099584276
89106442059
89159424076
89109373059
89058354059
89179463059
89806155189
89059785189
89156074059
89179883059
89179761959
89168650839
89106905189
89177028276
89771117376
89168215189
89196244276
89107645189
89096570839
89097077376
89168954276
89198920839
89038103059
89038556276
89198453059
89199587376
89096711959
89251111959
89067144059
89106123059
89196394059
89159214059
89196048276
89177272959
89991172959
89057753189
89037963189
89109227189
89109514959
89178814959
89807235276
89098755276
89167436189
89808237189
89109698476
89771178476
89158125276
89157369728
89067020189
89098080189
89199410189
89196652959
89059949728
89039741276
89177332959
89291183276
89167933189
89176283276
89107627276
89059372189
89108486076
89176740276
89991118376
89098040276
89039216376
89158440276
89167882189
89177786076
89109671189
89106634839
89198306076
89176334839
89199234839
89771189376
89166576076
89106317276
89159692189
89096056376
89167164839
89158531189
89156464839
89808723276
89199687276
89097479376
89069100276
89069868376
89057443276
89177100276
89806485476
89108357276
89159801189
89991193276
89991196728
89991118189
89038473376
89107815059
89198905059
89156505476
89068875059
89057135059
89251170476
89068435476
89771186728
89039155059
89057120476
89168138189
89068510476
89109199276
89058786728
89039232076
89179186728
89169365476
89199859276
89771184728
89057188189
89097860476
89196042076
89771116610
89166953959
89291161376
89096273959
89066650376
89107473959
89156229610
89156929610
89166204728
89808070376
89159327728
89157561376
89197634728
89198214728
89251176610
89176544728
89179845610
89068477728
89167108610
89198598610
89166998610
89809112839
89036424728
89039446610
89179299610
89107764728
89059110376
89067365610
89166659610
89107560376
89157447728
89106701376
89099972376
89157372376
89806707059
89169904376
89197304376
89169640728
89157140728
89251190728
89158307059
89251170728
89261189476
89167558959
89251199476
89039554376
89197299476
89169099476
89199231728
89251160728
89108301728
89991111728
89106341728
89169933839
89991193839
89199183728
89199996839
89106482728
89169640959
89176382728
89068075076
89098535076
89168266839
89197156059
89198516059
89991166839
89159718076
89069838839
89066070059
89108420059
89176125076
89168312728
89196478839
89198168839
89166360959
89169466059
89179300959
89069443728
89199293728
89156948839
89808928059
89109013728
89291196959
89068684476
89177784476
89806726959
89179051059
89057051610
89158294476
89168051610
89197505839
89196605839
89109091059
89067875839
89771186959
89168559059
89158025839
89196771059
89109254476
89806160076
89168210076
89011161059
89196281059
89199111059
89157911059
89991164476
89771181610
89167201059
89159660076
89157689059
89159443476
89198141610
89157081610
89177183610
89059073610
89067184610
89106662476
89167139959
89198391476
89158529076
89659917959
89677299076
89659387076
89869577076
89676147959
89686569076
89677979959
89636300610
89866819959
89687579959
89686101476
89679684249
89686807602
89697554089
89658634249
89857029776
89657128676
89657744249
89699775389
89857904249
89859451089
89699376489
89857034249
89667189776
89867836489
89647581089
89581164249
89646523089
89699088676
89867637602
89648584369
89869931089
89629473049
89698691969
89837963049
89869404369
89699958369
89679389249
89676954369
89856275249
89667754369
89659254369
89836108369
89656749249
89678359249
89658065249
89581186369
89696294049
89868113049
89856021969
89676134049
89859323049
89866623049
89868968369
89686585369
89627048369
89699294969
89838007249
89866807249
89696155369
89867295369
89689644969
89686445369
89669745369
89688877249
89859992969
89869170249
89627154969
89668930249
89869164969
89859286249
89361167249
89638553369
89689383369
89639762249
89636396389
89698261249
89678873369
89859323249
89669991249
89687227369
89867139389
89649726389
89868296089
89678497369
89666397369
89656476389
89839216389
89686846389
89657420369
89858897369
89868726089
89867476389
89639412249
89689756389
89859658389
89868269389
89866698389
89859220369
89866086389
89638079389
89678501249
89866787369
89867330369
89869511249
89688027489
89838748389
89836072369
89868029369
89866083389
89647345049
89698908249
89659855489
89867563389
89667420489
89659698249
89839290489
89859726676
89698969369
89657232089
89867709369
89857569369
89689930489
89858637489
89859446676
89859802369
89669362776
89629232369
89626493389
89869647489
89686127676
89858642089
89628562776
89669351389
89858829602
89581195602
89699336602
89676445602
89856844676
89868144676
89648356602
89361186602
89696580389
89689732776
89668459602
89866537676
89629365602
89637348602
89649483776
89648497049
89867068602
89698218969
89581162389
89581183776
89646640676
89856867676
89858284389
89657975676
89867018969
89666635676
89868203776
89857327049
89639677776
89857670676
89636912389
89647602389
89836264389
89656332389
89657208089
89866360676
89679173676
89856560676
89658095089
89867283676
89857096776
89626403676
89639970969
89857771776
89859476049
89629145089
89698655089
89699370049
89581118089
89858770969
89866118089
89866836049
89689242676
89699742676
89869986776
89867020049
89869138089
89698981776
89687168089
89837843676
89868832676
89867401776
89638394489
89361174489
89656655776
89867266969
89639800089
89868145776
89639988049
89698811602
89857321049
89858520089
89857046969
89856878049
89636589049
89866531602
89867552602
89638458049
89678668049
89676981602
89856712602
89638797089
89867032602
89628493489
89666085969
89869193489
89628707969
89637763602
89678294602
89836962489
89869984602
89688674602
89866950602
89869429089
89639435969
89676559089
89869551489
89658225969
89581170602
89868599089
89858520602
89838659089
89838410602
89636567969
89639784159
89677584259
89698573159
89678351159
89649018702
89637527589
89687351976
89868039789
89648905402
89857784159
89581183159
89628774159
89838516502
89839229789
89636417589
89668508702
89656455402
89637849789
89649059789
89866724259
89859089789
89667121976
89657365402
89649761159
89866813159
89636214159
89869634159
89859729259
89867039259
89838304289
89677126289
89677358289
89361192976
89838990789
89867590789
89581197402
89866076289
89581198289
89689342976
89867124289
89868056289
89857980789
89361160789
89678468289
89666122976
89858812976
89859978289
89867049259
89696129702
89677850259
89697804876
89837747402
89648573259
89638582876
89867423976
89859667402
89869818502
89686634876
89669828502
89686763259
89859762876
89629250259
89581171289
89866104876
89628751289
89659892876
89688370259
89856715289
89866415289
89869836259
89667719702
89689852876
89857945289
89668630259
89857776259
89859246259
89639221289
89361187259
89676665289
89866356259
89867252876
89859710259
89627131289
89361188502
89867759702
89361167259
89689818402
89647896402
89839732876
89687996159
89676363289
89868933259
89867667259
89628161259
89646471259
89858473289
89856503289
89648946402
89678038402
89837090289
89678310289
89857908402
89866876402
89696087289
89626852259
89361178402
89698130289
89657330289
89867186402
89868156402
89639523289
89857487289
89857780289
89627260289
89699262289
89361184976
89866813289
89859148402
89867223289
89197003610
89196827076
89251197959
89168897959
89808702476
89058087076
89057531476
89109742476
89176212476
89056242476
89167160610
89197179959
89771162049
89808029776
89178423610
89166222476
89158481476
89056307602
89166996489
89156395389
89097974249
89099551089
89058916489
89038294249
89177994249
89807376489
89097236489
89108593089
89069376489
89067458676
89177524249
89196837602
89158878676
89991165389
89291179776
89011196369
89056923089
89108079776
89057168676
89808174049
89156047602
89991194089
89178996369
89177529249
89806105249
89991118369
89056194369
89157661969
89197094369
89199191969
89808125249
89108314369
89058204049
89167914369
89179426369
89199645249
89167108369
89106009249
89261199249
89199937389
89166156369
89109587389
89198530776
89107944049
89069741969
89038139676
89157184969
89176182969
89991185369
89991195369
89808244969
89057561369
89179116249
89158255369
89108026249
89059855369
89159315369
89199236249
89166008489
89197025369
89178198489
89159210249
89168119676
89991165369
89068787249
89106459676
89198121369
89098011369
89169843249
89198668489
89196200249
89167000249
89159860249
89176647249
89178948489
89991118389
89098286089
89169696089
89198673369
89196104776
89291174776
89167461249
89991116389
89106616089
89176703369
89157771249
89198303369
89158736389
89177308389
89156208389
89199620369
89097837369
89159680369
89156630369
89177086389
89991119389
89106087369
89808183389
89771162369
89158900369
89177579389
89158032249
89807327489
89109033369
89108439369
89109362369
89806305489
89197362369
89197472369
89166985049
89806666676
89057195489
89066163389
89066492089
89099352089
89199735049
89199205489
89109536676
89058015049
89059426676
89069855489
89167735489
89177958249
89197825489
89169269369
89107480489
89099938249
89169225049
89159280489
89106759369
89069300489
89108343389
89108813389
89156723389
89197357489
89177013389
89098307676
89156539602
89038904676
89167761389
89251163969
89107551389
89097628602
89771192776
89771197676
89167363969
89167214676
89107215602
89251197676
89157945602
89169808602
89177570389
89178125602
89069554676
89108956602
89197521389
89069543969
89197449602
89806950676
89108693969
89036573776
89156027776
89199494389
89098094389
89106715676
89198014389
89808609489
89106067049
89096555676
89157827049
89196527049
89198425676
89199925676
89199008969
89991117776
89109354389
89058354389
89806365676
89059738969
89157498969
89158919489
89166810676
89261178969
89068331676
89039159489
89198302389
89199602389
89107172676
89178630049
89109196049
89176153676
89168796049
89196716776
89158550969
89197235089
89157015089
89166575089
89178490969
89168516049
89096006776
89807938776
89059676049
89068590049
89096698089
89197298776
89098870049
89159046776
89801111776
89178902676
89057622676
89191111776
89059068089
89197641776
89196313676
89199684489
89196672602
89991116969
89098914489
89159934489
89058726969
89038592602
89809210089
89177855776
89168235776
89157356969
89168324489
89166164489
89107638049
89809341602
89169531049
89159388049
89108211602
89106901602
89199413489
89108283602
89771174602
89159162489
89169497089
89158407969
89176839969
89199740602
89037471489
89107363602
89036615969
89106667089
89106775969
89067989969
89199799089
89059724602
89039647089
89037387089
89106399969
89808242489
89159447089
89166124602
89177387089
89107437969
89068259969
89198019969
89109021489
89198522489
89197565969
89156865969
89106067969
89106184159
89096873159
89109673159
89159907589
89096451159
89167085402
89168227589
89177734259
89177255402
89167315402
89036345402
89106893159
89066575402
89109389789
89809331159
89176099789
89199938702
89179124259
89196886502
89991186502
89261165402
89291178702
89106019789
89056681159
89159513159
89156964259
89809341976
89096565402
89991168702
89771118289
89066494159
89179901159
89167323159
89991167589
89179941976
89156014159
89011194289
89038039259
89291182976
89291191876
89097351876
89198634289
89199891876
89991174289
89771198289
89198976289
89177608289
89166508289
89109458289
89167086289
89198399259
89178410789
89099119259
89167687402
89106559259
89058000789
89066167402
89106533976
89107818502
89169093976
89198781876
89067261289
89039229702
89107734876
89109914876
89167226259
89168292876
89169198502
89157789702
89197609702
89178769702
89197269702
89199869702
89167599702
89807943259
89109780259
89068642876
89169249702
89179478502
89106865289
89177888502
89991179702
89057301289
89097901289
89156879702
89039867259
89197483289
89197184789
89067883289
89806006159
89177796159
89991182259
89106806159
89069363289
89011192259
89807936159
89199206402
89169944789
89098676402
89167126159
89159236159
89158838402
89106280289
89198164789
89168031259
89058702259
89809481259
89098260289
89807023289
89806767289
89176822259
89169966159
89157643289
89291196702
89196983402
89176457289
89169083402
89656150502
89647506702
89867440502
89856104976
89836204976
89859440502
89868258259
89868817502
89866370502
89869137502
89869419289
89687460502
89639957502
89839849289
89869649289
89657048259
89699707702
89859243402
89361172789
89866957502
89659250402
89656751402
89866783876
89638308589
89666745589
89868034702
89361192789
89859575589
89856589589
89686087702
89867680402
89581168589
89628859589
89858365589
89669283789
89868211402
89837093876
89361182402
89699461702
89697016976
89866984402
89859296976
89868427789
89857234402
89867494402
89866566976
89699854402
89656377789
89688077789
89637256976
89648080702
89638230702
89686665702
89856646976
89867077789
89626686976
89868478876
89867612402
89361181702
89669248876
89631111702
89637585159
89869447789
89667550876
89866172702
89857585159
89867883702
89696915976
89696245976
89669158789
89696278159
89679925976
89867798159
89649948159
89866669976
89838886789
89838486789
89629231789
89667343702
89859065976
89868752702
89867130876
89867330876
89836584502
89836972589
89859372589
89667044502
89696290976
89838763502
89697298976
89859775789
89657046876
89628990159
89638960159
89647722589
89656613502
89868120159
89836687976
89696248976
89639648976
89639041589
89868643502
89361162502
89836057976
89686573589
89638063589
89857707876
89649094589
89678394589
89858307876
89857273589
89838271502
89868405876
89628094589
89839503589
89868127159
89868227159
89869977159
89678059876
89658119876
89698302502
89689389159
89636200589
89858164589
89581187876
89648141502
89697249159
89857260589
89867479876
89839232502
89839533589
89858793589
89361162039
89638827621
89858954102
89676944239
89676897621
89659397621
89858026510
89837915428
89656619849
89668613102
89857089849
89628299849
89869611102
89866665428
89687718310
89857501102
89686474039
89866557621
89838882039
89868274039
89698966310
89657817428
89666558310
89637877428
89687424310
89869775239
89866858310
89667403039
89657711889
89869421889
89866665239
89647427239
89687850239
89361161310
89647228510
89866704889
89688608510
89866882889
89679445310
89856275310
89639920239
89837126239
89628008510
89688199689
89859770239
89677665310
89668465310
89677500239
89669400239
89581160239
89679653310
89869757239
89677474849
89677544849
89648369428
89696820310
89868451239
89838214849
89628917310
89638342239
89627402239
89648813310
89648432239
89666601239
89698241239
89659418239
89646695510
89699615039
89867639310
89657436689
89868250510
89867628239
89836336689
89626875510
89658080510
89838545510
89867158239
89869208239
89628458239
89686037510
89867546689
89867125039
89581119310
89699622310
89659122310
89859887510
89859987510
89646583889
89698527689
89688673889
89688216621
89669416621
89868818621
89627653889
89688334689
89666634689
89698290428
89637971428
89858829621
89638455621
89836640428
89867840428
89666089621
89699809621
89679754689
89666646621
89856415621
89636152849
89666252849
89857508621
89627069621
89867720428
89868738621
89628364689
89677000428
89649330428
89859610428
89689793889
89659523889
89636523889
89857479621
89857379621
89696528889
89867007849
89867418889
89696527039
89867405689
89838674428
89859503849
89857297849
89677321689
89657702428
89856354428
89679511689
89677643849
89858587039
89866587039
89867887039
89647208102
89837878889
89867800689
89867543849
89657982689
89666273689
89648405102
89866413849
89868008102
89699775102
89646006039
89867886039
89677236849
89869540889
89866015102
89698288102
89667832689
89651111849
89858938102
89629721849
89867166039
89858888102
89626188849
89867722689
89839632689
89687448849
89856668849
89639053510
89686255849
89649826889
89638954510
89659225849
89868736889
89867251621
89869359039
89676588039
89836254510
89688831039
89636912621
89867831621
89867860102
89057495502
89159795502
89991118259
89058605502
89167194976
89176552159
89809446702
89067092289
89166235502
89168635502
89178308259
89197409289
89991169289
89809902289
89037509289
89167789289
89167810502
89106464976
89179419289
89158710502
89178456702
89158065502
89291179289
89106188259
89156979289
89159912159
89059257502
89177932289
89176142159
89177293402
89178867502
89156467502
89069962789
89058929589
89109016589
89196734702
89108863876
89096770402
89108498589
89196745589
89196125589
89069677702
89261186589
89097059589
89167210402
89176564702
89808041402
89176012789
89176787702
89107957702
89177901402
89197993876
89106395702
89036027789
89109540702
89199004402
89197916976
89291163789
89261191702
89068661702
89176491702
89099290702
89108466976
89159671702
89166644402
89291176976
89807999502
89106697789
89179725702
89809231702
89109298876
89159925702
89068924402
89066569502
89261186976
89179210702
89198210702
89807623789
89159079502
89197147789
89108801702
89056101702
89178518789
89011171789
89108185159
89199996789
89991183702
89068585976
89068261789
89179628159
89158261789
89037375159
89106991789
89178475159
89198628789
89177805976
89037736789
89157075976
89991175976
89809555159
89156226789
89166358789
89058725159
89178820876
89058710876
89197855159
89807622702
89808681789
89169649976
89177511789
89101111789
89057832702
89056860876
89036748159
89179011789
89178832702
89036201789
89166881789
89159548789
89177140159
89991162589
89291195789
89156540976
89157261589
89991171589
89059874502
89176994502
89809110159
89809424502
89167236876
89199726876
89261170976
89176717976
89199808976
89106270159
89807320159
89179270159
89159017976
89177724502
89198576876
89036420159
89109337976
89178731589
89156756876
89109212589
89037842589
89158452589
89991187976
89107711589
89809950589
89157848976
89159823502
89198948976
89196541589
89168557976
89058982502
89771167159
89158119159
89156653589
89991184589
89177340589
89069305876
89169634589
89177090589
89251177159
89097797876
89158592502
89196245876
89177309159
89167225876
89291199159
89177599159
89158269876
89159047159
89261165876
89806507621
89108432502
89199700589
89108081502
89011174239
89066396510
89197749159
89251162039
89177439849
89166684102
89196884102
89807817621
89159751102
89196815428
89036866510
89176791102
89291197621
89066246510
89196221102
89169221102
89176698689
89177446510
89261164239
89039881102
89806712039
89169486510
89991119849
89106949849
89107259849
89168349849
89991165428
89068444102
89169812039
89179678689
89198568689
89097768689
89177014102
89098729239
89156124102
89197784310
89199196310
89176029239
89167996310
89068183039
89199183039
89179804310
89251164039
89069661889
89158351889
89808576310
89067871889
89037275239
89178664039
89176990849
89196464039
89196928310
89157755239
89168126310
89291177428
89156235239
89158076310
89291180849
89038220849
89036346310
89037398310
89158198310
89066210849
89831111889
89108465239
89106633039
89107944039
89156323039
89106307239
89066918510
89991172889
89107804889
89179428510
89108944889
89198871310
89991175310
89807352889
89196326239
89011199689
89059770239
89108286239
89177238510
89179969689
89167146239
89109812889
89059431310
89157521310
89991199689
89039787239
89158765310
89168522889
89106688510
89156360239
89199057239
89156741310
89196323239
89157448510
89099718428
89066372239
89039107310
89158639428
89198762239
89098550310
89168161239
89107506102
89199116428
89771177310
89096990310
89168574849
89096236428
89036192239
89056169428
89058189428
89179646102
89179977310
89809621239
89107480310
89179412239
89108811239
89196522239
89059768428
89198047310
89159368428
89806315039
89106183428
89068716689
89056053428
89808572102
89168462310
89159039310
89109627510
89168762102
89167250510
89167815039
89157635039
89261170510
89176825510
89068820510
89066658239
89099698239
89809765039
89179720510
89169177510
89167538239
89109025039
89199120510
89261178239
89808888239
89197159310
89097549310
89036822310
89157788239
89057432310
89169468239
89177848239
89108867510
89067782102
89109933428
89108253889
89166418621
89198683889
89109591428
89157034689
89068390428
89176375621
89199003889
89196192849
89291169621
89097624689
89037689621
89179354689
89167925621
89156946621
89039419621
89176480428
89991164689
89168742849
89196237689
89251188621
89771162428
89106279621
89058543889
89156800428
89158300428
89068841428
89198207849
89158772428
89169173849
89199050689
89097414428
89156674428
89068958889
89097645689
89108409510
89158225689
89069777849
89096877849
89197609510
89198238889
89037787039
89168137849
89168380689
89198831689
89058743849
89199960689
89191111689
89809896039
89158893849
89991167849
89107141689
89806606039
89168248889
89169881689
89809590889
89036873689
89108573689
89158973689
89158006039
89059336849
89771165102
89991116039
89177670889
89099878102
89176890039
89158120889
89011168849
89036438102
89159760039
89167788102
89107432689
89109611849
89199230889
89156568849
89057248849
89808341039
89067893689
89166401849
89251162621
89109584510
89037581849
89057048849
89159484510
89158695849
89058391621
89039814510
89177329039
89106015849
89176976889
89771165849
89057490102
89806220102
89059878039
89069424510
89807260102
89168790102
89039031621
89159931621
89198288039
89059342621
89196902621
89629532621
89688095889
89838413510
89679214621
89628491510
89679277102
89668644621
89699044621
89858571510
89677499102
89698877102
89638645889
89856297889
89857459102
89858524621
89857352510
89669432510
89361111510
89639267889
89857087889
89581111510
89668474110
89858084228
89627504228
89678244228
89656904110
89859804228
89867152028
89629704110
89649671110
89857055421
89868966528
89866171110
89867071110
89698403110
89688161110
89639847576
89677744110
89678365421
89648347576
89647768721
89658547576
89637688721
89858553110
89856144110
89656261902
89637604321
89869024110
89859796321
89581183028
89689993028
89686058321
89689638321
89698646321
89647824321
89857026321
89629308321
89646120802
89689788321
89859353028
89859811902
89838088321
89679653228
89648714902
89698895321
89581118528
89667575321
89649336228
89868227228
89839940228
89669292902
89669409721
89686164902
89839035321
89838208528
89858358528
89867045321
89361164902
89648452902
89639878528
89679778528
89866280228
89676350321
89866533228
89361184802
89666686110
89836048528
89667563321
89637506110
89667803321
89676416110
89687276421
89666656110
89869016421
89636892228
89837771228
89867874802
89628866421
89626390321
89628492228
89696098421
89856046110
89867836110
89629024802
89837964802
89676081228
89858102228
89858188421
89668995528
89638872321
89867057321
89858141228
89866962321
89839840528
89646809321
89868335028
89687577528
89858745528
89658502321
89856138228
89677388228
89839856721
89867252321
89649829576
89869500528
89676218576
89679904721
89868132321
89648163902
89689306576
89699070421
89857791421
89698670421
89868203902
89868475576
89687164721
89696064721
89688109576
89676152802
89581198576
89637449576
89838956576
89859864721
89858186576
89867856576
89858521421
89666501421
89869230421
89676857721
89699595721
89859713902
89838507802
89866529528
89627604421
89646463802
89628792421
89687780721
89637031721
89667565721
89866857028
89869602421
89858042421
89581172721
89637073721
89867448902
89857340028
89698616028
89697276802
89646216028
89868395110
89667338802
89858545110
89867498110
89858276802
89627926028
89866800028
89361188110
89867668802
89869283528
89838716902
89626916902
89866385802
89868251028
89866751028
89637099028
89666690110
89676510110
89697410110
89869575802
89687988028
89689088028
89836859028
89859325802
89839054528
89859339028
89637632576
89869700110
89581179028
89637268028
89869112576
89361111576
89668881576
89859789028
89361183576
89689595902
89669639902
89838869028
89628658028
89696904576
89656417110
89637894576
89581195902
89686645902
89857715902
89839763576
89857090576
89867637110
89361189902
89698887110
89581199110
89646193576
89677013576
89869801528
89667272002
89697172002
89867567902
89868363128
89627929828
89647166539
89658074269
89668128710
89868052002
89856406539
89668324269
89699309828
89581193128
89361177649
89698378710
89866532002
89858356539
89636023128
89646539269
89676895269
89649727459
89868614128
89696691928
89697891928
89858363002
89866584002
89696226328
89687090828
89638409269
89668217459
89666819269
89857608328
89666019269
89658503002
89658113002
89868877459
89581180828
89659611928
89669547459
89858243002
89696784928
89859111928
89688461328
89666991328
89858518539
89626863269
89636370269
89647324928
89839655328
89856875328
89836906269
89838336269
89676387269
89629789710
89669723269
89868399710
89628549710
89858747269
89858832928
89867100269
89838713269
89869941328
89836013269
89626173328
89658208459
89688370328
89697976459
89866363328
89627336459
89697126128
89697458459
89869616128
89859503328
89859226128
89809443510
89807084621
89107343510
89158801039
89158680102
89251183621
89036319102
89097472510
89251161510
89158085889
89199173621
89179361510
89807444621
89106227889
89097191510
89196834621
89011169889
89808720621
89099014621
89038134621
89179674621
89038497889
89169797889
89168897889
89177392510
89166570621
89196989889
89251189889
89809832510
89176602510
89037813621
89171111510
89168660621
89991173110
89011164110
89038233621
89806605421
89167354110
89056892028
89109092028
89198505421
89179752028
89159652028
89107452028
89056328721
89066666528
89991191110
89058817576
89159393110
89157945421
89158308721
89771119802
89197464228
89251199802
89058253110
89069953110
89157487576
89196932028
89059449802
89108647576
89199478721
89176487576
89068679802
89169334110
89039724110
89069348721
89096784028
89037784028
89106183028
89991174321
89251175228
89038844321
89068806321
89167690802
89809849228
89179477421
89167431902
89808267421
89107664321
89036713028
89011172902
89109230802
89106388321
89157811902
89179188321
89107227228
89771190228
89098128528
89176251321
89157874902
89169815321
89807145321
89039336228
89179106228
89099092902
89038809721
89771186228
89197345321
89159397228
89156389721
89176746228
89251187228
89058764902
89011172228
89107260228
89108732902
89169568528
89098132902
89106943228
89057467228
89069081321
89066641321
89179957228
89036163321
89291171228
89291191228
89108806110
89108214802
89159894802
89809309421
89059906421
89168066421
89099326110
89159936110
89179598421
89109776421
89198324802
89056652228
89099099421
89107752228
89167849421
89056930321
89039578421
89106022228
89038067321
89176757321
89157085028
89166696721
89058453421
89177085528
89098473421
89106140528
89056750528
89066192110
89176428228
89197590528
89991192110
89157763421
89107575528
89107170528
89169497528
89177708228
89057277528
89069035528
89159877528
89167620528
89177855028
89038665028
89059365028
89196586721
89808568228
89806013421
89179065528
89199902321
89109413421
89159688228
89991188228
89067188228
89177088228
89157502110
89068172802
89059985576
89157982802
89199627721
89158127721
89158014721
89157815576
89058797721
89057370421
89198792802
89991169576
89156338576
89177938576
89199656576
89179931421
89166165576
89059778576
89166942802
89198560421
89168679576
89291181421
89807440721
89197867721
89159918902
89169472421
89199762421
89067873802
89197704421
89038217028
89109450721
89106682421
89159474421
89197814421
89196063802
89197414421
89196263802
89039190721
89176807028
89109644421
89809452421
89177658902
89157908902
89199847028
89156347028
89069209528
89177120721
89011172721
89158142421
89176830721
89176678902
89107130721
89091111721
89197943802
89171111721
89168981721
89261193802
89067467802
89109133802
89178681721
89169681721
89198618802
89106753721
89067140028
89196396028
89067228110
89097551802
89058345110
89068336802
89176936802
89991170028
89991198802
89178020902
89039630902
89169038110
89176742721
89197688110
89057042721
89199321802
89156930902
89251168110
89806061576
89059823721
89199311802
89991181802
89096496902
89991183528
89176684528
89068085802
89038441028
89107661576
89039994528
89068305802
89178529028
89199329028
89771190110
89991166902
89809786902
89107598028
89066025802
89038199028
89066810110
89197546902
89176186902
89058556902
89068302576
89156179028
89177301028
89157801028
89109369028
89098533528
89107949028
89097081576
89038768028
89199913528
89169483576
89199572528
89291171528
89808155902
89068027902
89108882528
89198350576
89991195902
89166514576
89056667110
89261197902
89771199902
89066547110
89066431528
89178557110
89159857110
89056030576
89178912528
89037442528
89058332528
89159300576
89176732528
89771194269
89157983128
89169827649
89056383128
89058726539
89107472002
89156392002
89198128710
89056536539
89059897649
89096108710
89179097649
89261198710
89108498710
89196538710
89991189828
89057399828
89037386539
89099437649
89109949828
89808994128
89097043128
89196612002
89168368710
89179547649
89107814128
89011185269
89197514128
89771185269
89108584328
89059618328
89159284328
89069463002
89108505269
89166550828
89199305269
89251175269
89039451928
89036255269
89106990828
89166066328
89261170828
89057608328
89991176328
89178498328
89159589269
89156120828
89771168328
89109864328
89107999269
89039664328
89167864328
89178880828
89096003002
89179460828
89291194002
89108957459
89197024002
89057872928
89156272928
89177907269
89179672928
89011166269
89808014928
89179883269
89178304928
89107851328
89169116269
89157705328
89166805328
89168191328
89168128539
89056145328
89291198539
89166724928
89177246269
89167038539
89807047269
89179478539
89098878539
89108379710
89168879710
89039239459
89099053328
89199407328
89167884828
89177153328
89168850328
89179350328
89159940328
89011170328
89196706459
89177176128
89167903328
89158866459
89176966459
89066636128
89056758459
89037820328
89157746128
89179689459
89697256459
89698478459
89689431269
89667002269
89699712269
89697552269
89656179459
89646378459
89868146459
89866599459
89858980328
89647413328
89697468459
89669843328
89869637328
89629778459
89659081269
89868142269
89838479459
89639372328
89647016710
89636063459
89859735002
89858352128
89647110539
89837115539
89869425539
89696856710
89678349328
89659780539
89679080539
89856109328
89696179328
89676565539
89867710539
89649379328
89659482128
89636233459
89669584710
89857565539
89839300539
89858832328
89868122328
89867167539
89869602128
89626272828
89657573928
89856582128
89687574710
89668705649
89838307710
89869783928
89867995649
89696997710
89668197710
89866705649
89836166649
89626724710
89656242828
89667879649
89869268649
89856442828
89361172459
89838083828
89868018928
89636755710
89637037002
89838917002
89867063828
89668792459
89868574459
89637987002
89687652459
89666199539
89648352459
89867692459
89638142459
89868298928
89697265710
89869289539
89639447828
89868987828
89679496828
89856523828
89857901710
89836196828
89637816002
89361186002
89669551828
89668636002
89581190928
89656786828
89639756828
89628690002
89699978828
89867352710
89868566002
89687333710
89628896928
89636751002
89866983539
89868472649
89866023710
89699129002
89859716928
89858985828
89638566928
89679306928
89838341002
89687270128
89689235828
89669825828
89857534539
89627755828
89649210128
89839498002
89869976928
89857875828
89836976928
89866098002
89581181002
89648879002
89659350128
89686460128
89837910128
89688561002
89869931649
89669923539
89838902649
89859031002
89866680128
89637704649
89699814649
89649603649
89696490649
89626694649
89658897928
89637925928
89648459128
89868603649
89857007128
89637165928
89837477928
89667902539
89859220649
89626402539
89627979928
89636733649
89658193649
89581111539
89668829859
89678507639
89667396569
89678916569
89856893649
89659255439
89638975439
89678591139
89837751139
89627474202
89647697639
89868128769
89647754202
89697486569
89667869859
89636454202
89867675439
89697937639
89857545439
89868135439
89867454202
89866823139
89869744139
89638207439
89859041989
89699314359
89649594359
89629295202
89581116359
89697206359
89638403989
89678303989
89678525202
89867163989
89688177439
89659776359
89839606359
89866415202
89581197439
89696431939
89666479202
89677459202
89856299202
89836664359
89856530859
89856012989
89629049202
89836511939
89581181939
89646595359
89836257439
89629062939
89867183202
89857284939
89626850202
89698103202
89658066202
89857873202
89856973202
89626128569
89666824939
89857355359
89857597202
89868409769
89858954939
89687743202
89657500202
89858677202
89637413202
89866430202
89361167202
89697953359
89869432939
89677382202
89676786139
89838923202
89689763359
89637166439
89627240359
89361166439
89687346139
89698417359
89666769439
89697389439
89361189439
89639186439
89658610359
89637478439
89629280359
89638211202
89649868439
89859252202
89868956439
89837186439
89698501202
89866612202
89836187359
89639396769
89867130359
89857543359
89647828202
89647044989
89868172139
89638070569
89869106769
89868906769
89836692359
89676022139
89868699359
89679893439
89697739639
89699484769
89687484769
89626082139
89867713439
89679628639
89678227769
89868583939
89867004769
89637945639
89697215639
89686092859
89856905639
89858844769
89698969639
89857617769
89858935639
89687665639
89866120439
89866964769
89868530439
89866078639
89839387769
89837902859
89676484439
89867423939
89687191769
89859172439
89836996989
89679266989
89868085769
89866027859
89629394439
89676510769
89867276989
89859697859
89866470769
89856254439
89868558939
89689730769
89858010769
89659933859
89676867859
89868649569
89859130769
89677218859
89699562769
89657405139
89868423859
89629872769
89667428859
89859983769
89868062769
89839662769
89857583769
89868208139
89686075989
89647275989
89689545139
89869585989
89856095989
89679675989
89656775989
89866328139
89658538859
89676510939
89867875989
89697259989
89866498859
89869709989
89581199989
89867852769
89686422769
89858965139
89629068859
89647101859
89658230139
89627758139
89581183569
89666585859
89699273569
89679794569
89677228989
89689374569
89696914569
89838472639
89581191639
89868663569
89807030328
89039819459
89106569459
89806968459
89808668459
89179030328
89166321269
89096560328
89177157328
89196862328
89251195002
89808397539
89177905539
89106955539
89107955539
89108503459
89196190539
89198303459
89197426710
89808310539
89179917539
89809756710
89097898269
89177770539
89011168269
89099125002
89107910539
89197455002
89178886710
89108712328
89107359328
89771182128
89291160539
89106430539
89109830539
89166665539
89109702128
89198182128
89011195649
89108548269
89038372828
89169872828
89196839649
89169684710
89106391459
89157694710
89059466649
89066825649
89066420459
89109620459
89166424710
89096337710
89168099649
89198912828
89158387710
89108249649
89039160459
89109942828
89168532828
89159388649
89177900459
89108768649
89058843928
89057813928
89806572459
89809004459
89067618928
89156818928
89169518928
89108195710
89106714459
89198363828
89261163828
89037428928
89109451710
89157551710
89261197828
89011187002
89099898928
89067609539
89179498928
89197624459
89831111710
89011181710
89096602459
89261179539
89099578928
89196888928
89178568928
89178247828
89291181710
89166493828
89037072710
89056857828
89167172710
89169985128
89991172710
89058908128
89158872710
89097475128
89039016828
89106235128
89107528828
89156716002
89067906828
89198270928
89158492710
89098758828
89066290002
89771180928
89169946002
89291190002
89159390002
89179046828
89157538128
89011193710
89809248828
89806701828
89168178828
89106560928
89809858128
89061111828
89099622710
89038480002
89159748128
89199111828
89011182649
89011119002
89037332710
89159168128
89168523710
89156193710
89179568128
89158519002
89168262649
89097395828
89806036928
89197773539
89159091649
89069944539
89291171002
89199366928
89177891002
89808431649
89057046928
89196000128
89107986928
89066511002
89037052649
89097638002
89169611002
89156364539
89177638002
89058550128
89177731002
89158079002
89178342649
89176450128
89198322649
89157768002
89011117128
89106072539
89176462539
89157104649
89106429128
89107429128
89169117128
89158117128
89067255928
89167727128
89108535928
89156247128
89196219928
89159479128
89058702539
89176930649
89178759928
89159365928
89177121539
89156047928
89991111539
89806885439
89108257928
89176067928
89806305439
89039207639
89198284139
89159154139
89177674139
89098564139
89067991139
89806064202
89158444202
89097989859
89168277639
89176989859
89066769859
89059311139
89176769859
89109288769
89069565439
89108121989
89179421989
89251181989
89068444139
89158668769
89159414139
89057424139
89056581989
89196441989
89167367639
89177701989
89168694139
89261162989
89108639202
89097953989
89196673989
89058114359
89109974359
89068806359
89096703989
89176097439
89991176359
89038235202
89109054359
89291187439
89011193989
89771162939
89168811939
89196688359
89261111939
89036701939
89109911939
89771171359
89808627202
89157113989
89106039769
89106153202
89069440202
89109773202
89167661359
89168216202
89056055359
89196055359
89098626202
89037444939
89177390202
89106535359
89159145359
89168045359
89156025359
89167965359
89167647202
89158311359
89107679769
89057748569
89099162202
89199123202
89097653359
89177662202
89066974859
89108974859
89167940359
89178474859
89771197359
89108251202
89156834859
89771169439
89169906439
89196856139
89167103359
89251192202
89808999439
89109289439
89166017359
89806466139
89059277359
89038124859
89039219439
89158702202
89198247359
89771195569
89771185569
89159232202
89198757359
89771174989
89107796769
89177172359
89261162139
89057253439
89198939359
89199018202
89059473439
89106882359
89198963439
89179916769
89038905569
89199815569
89168344989
89178928202
89251170569
89059206769
89157075569
89067792359
89037125569
89167308202
89167977569
89159097569
89066620569
89108698202
89168324989
89166654989
89167338202
89106580569
89196722139
89806707769
89107212139
89109568202
89771196639
89156212139
89156102139
89261184769
89066582139
89196953939
89198818639
89991172859
89107540439
89106582859
89107940439
89197782859
89196694769
89159951439
89806017769
89097103939
89058051439
89039697769
89166915639
89036838639
89198677769
89069237769
89107856639
89167680439
89166102859
89107700439
89108043939
89169422859
89991188639
89056948639
89159967769
89197284439
89179418939
89158618939
89199107859
89196794439
89067615769
89107403859
89176215769
89196525769
89011119569
89178819569
89177746989
89038349569
89099278939
89178186989
89158602439
89167456989
89108743859
89057865769
89196202439
89167560769
89167500769
89158493859
89991160769
89039933859
89176408139
89176023859
89069983769
89057896859
89159153769
89179218859
89106973769
89177028139
89056635139
89166105989
89068503769
89156266859
89156466859
89196026859
89291189989
89168846859
89156989989
89039952769
89178120939
89097521859
89057656859
89156731859
89096688859
89037688859
89156022769
89169579989
89109101859
89106758139
89011191639
89107418989
89107107989
89069961639
89177953569
89198784569
89156330139
89038050989
89167861639
89037091639
89168205859
89688315859
89698315859
89677176939
89697015859
89867644569
89638287989
89666380989
89866146939
89656267989
89638853639
89679867989
89868222639
89688773639
89647104639
89869284639
89867982569
89638959139
89857851569
89689439139
89646524639
89639824639
89867344639
89866027139
89628209139
89869070639
89648102569
89688543639
89647343639
89867180639
89638660639
89856787939
89859179939
89638939810
89866293639
89866784210
89857484121
89856014210
89626655449
89687877659
89679264210
89626909810
89698378759
89637543121
89659961121
89866719810
89867856549
89676467659
89647482021
89869813121
89868549810
89666867659
89869533121
89679285210
89837302021
89836418339
89869084021
89868639210
89628973021
89866829210
89627714339
89699644339
89678906339
89658008339
89669599210
89698410810
89697009210
89869070810
89866708339
89676156339
89858797449
89839858339
89856080810
89361111921
89669914021
89666679210
89668483210
89678695339
89361185339
89636240210
89679216210
89696890210
89667175339
89869361339
89866585339
89669315339
89686666210
89867405339
89679277210
89867890210
89689754921
89647264921
89647486210
89866044921
89867346210
89696130210
89639647210
89668160210
89856110210
89867059759
89859421339
89868588549
89868601339
89869548549
89628253339
89658308449
89361166449
89638044810
89656408449
89858474810
89667946449
89676054810
89688124810
89867908449
89581169449
89669864810
89669030339
89667623339
89638333339
89868030339
89869479449
89658018210
89868347339
89856943339
89856879449
89647063449
89637826759
89699597549
89639738210
89646089339
89666445549
89866006759
89868175549
89869645021
89688655021
89687156759
89636542339
89857765021
89858422121
89688042121
89679633449
89628002121
89677618659
89859502121
89361173921
89666304759
89868442121
89581173921
89838673921
89856085659
89659208659
89667892810
89836305659
89856006659
89626117759
89866358659
89857608659
89839692810
89627789659
89656565659
89668988659
89689942810
89859446659
89581119659
89869680449
89838687759
89667323921
89868565659
89868965659
89629832810
89837547759
89858132810
89699440759
89856172449
89856353810
89626404449
89836039549
89637292449
89656103810
89839582449
89629634449
89696708921
89857128921
89838544449
89866517810
89628945759
89678810759
89856858921
89639349549
89648602449
89697387810
89667342449
89688911759
89689859549
89836510759
89627722449
89628468921
89698457810
89869811759
89856765759
89656730021
89839043810
89667695121
89656582759
89867767810
89686066810
89676598121
89698903759
89698898121
89857990921
89868346021
89868490021
89869625121
89869755121
89856800021
89856352759
89858052759
89361188810
89698181810
89638384549
89626481810
89698085810
89361196921
89697951021
89581119021
89666105810
89628041021
89646015810
89657845810
89667444549
89688592659
89581166921
89837934549
89868926921
89858735810
89868225810
89836599021
89696002659
89687212659
89868586921
89676789021
89866311659
89866189021
89867748021
89647240659
89867468021
89667063659
89869458021
89836162549
89666014659
89361190659
89868363659
89361177121
89866303659
89866955921
89867067121
89856725921
89668321549
89658687921
89657665921
89857124659
89866854659
89699167921
89649293659
89866052549
89867279121
89838099921
89866457121
89669354149
89667262010
89637783149
89698394221
89839654149
89869107669
89859463149
89689664149
89638426559
89699636559
89699015469
89856274221
89629276559
89838597669
89668556559
89626554221
89699068749
89657588749
89626587669
89689461149
89646447669
89856387669
89657802010
89689284349
89836449821
89859913149
89867294149
89858444149
89859724149
89649240821
89836648749
89628196349
89866716349
89867816349
89869491910
89648946349
89676056349
89866617469
89698553010
89361186349
89658556349
89698253010
89857189221
89626969221
89869999221
89697923010
89866723010
89866611910
89628023010
89677361349
89628381910
89668773221
89688550221
89659450221
89679534910
89858750221
89639308559
89856351349
89678024910
89687877221
89859990221
89858135349
89866369749
89666479749
89648388559
89857464910
89699357221
89687968559
89669568559
89866079749
89868957221
89771175859
89197206939
89199825859
89179345859
89197958989
89156517989
89039420989
89069376939
89157054569
89176110989
89157900139
89158800139
89991180989
89031111639
89036178989
89037150139
89157660139
89166765859
89179722639
89056801639
89057901639
89159432639
89036667989
89198457989
89179283639
89169453639
89176329939
89251185939
89261174639
89291171569
89038461569
89039827939
89179004639
89177117139
89168350639
89806109139
89098394639
89807447139
89166527139
89991190639
89107477139
89771164639
89991189939
89178157139
89178737939
89199957139
89806122569
89196657139
89809884210
89057489139
89099022569
89166723639
89809652021
89156392021
89057414210
89056374210
89056491121
89169752021
89166074210
89168504121
89108855449
89199717659
89168571121
89099298759
89196411121
89166581121
89106103121
89056659810
89157043121
89066131121
89106633121
89108948759
89066048759
89099985210
89158583021
89166864021
89037936339
89166115210
89291169210
89107870810
89169670810
89197177449
89179470810
89168346339
89159280810
89198398339
89106010810
89177049210
89057911921
89098500810
89199300810
89011191339
89057062921
89159496210
89106150210
89168329759
89991182921
89176440210
89179673210
89179890210
89106008549
89156817210
89178058549
89039289759
89198535339
89168298549
89156425339
89261180210
89099754921
89108286210
89169386210
89036742921
89098078549
89098865339
89177549759
89198360210
89098367210
89107613210
89156641339
89178881339
89099572210
89097853339
89109318449
89066884810
89179407339
89178339449
89199307339
89991183339
89097386121
89106250339
89261171210
89166594810
89038716121
89097034810
89058114810
89197256121
89808938449
89806424810
89066826121
89168598449
89166709449
89806087339
89098486449
89036510339
89159324810
89059319449
89109331210
89176937339
89196564810
89177212210
89991179449
89771118210
89177468449
89106748449
89156357339
89197473449
89167395549
89156995021
89169016759
89178452121
89251166759
89107145021
89067303449
89158503449
89196175549
89106735549
89107126759
89197170549
89167645549
89808330549
89991165021
89991186759
89251165549
89038932121
89261188210
89107247549
89199679339
89109123449
89166867549
89167913449
89156183921
89199923449
89096139659
89179404759
89177972810
89179485659
89261195659
89177904759
89066794759
89169214759
89109944759
89098615659
89059026659
89107475659
89809954759
89109958659
89109835659
89199077759
89251165659
89057178659
89771183810
89807233921
89011197021
89176343921
89251172449
89157241449
89169484449
89177018921
89107714449
89156204449
89057827021
89096903810
89098535759
89068225759
89156277021
89199058921
89168145759
89198235759
89039554449
89067519549
89107837810
89036924449
89099237810
89167064449
89169637810
89177210759
89108912449
89107542449
89809681759
89098432449
89196060759
89178847810
89167888921
89166948921
89178047810
89158701759
89106596810
89036453759
89179572759
89156073759
89036295121
89036071810
89037973759
89176473759
89069691810
89991166810
89807252759
89067570921
89096018121
89177908810
89109525121
89069220921
89178490021
89036738121
89038321810
89179312759
89097148121
89108211810
89058248121
89161111810
89166548121
89991111810
89806862659
89109860921
89166901810
89261183549
89059540121
89057708021
89168953549
89991184549
89291182659
89809205810
89156741021
89168351021
89176173549
89167982659
89991119021
89167116921
89176629021
89099151659
89178606921
89106171021
89156354549
89251199021
89068631659
89108231021
89196365810
89068611659
89068111659
89107222659
89168648021
89156011659
89158389021
89168922659
89159043549
89067141659
89806085921
89159793549
89199758021
89159558021
89176597121
89251195921
89179373659
89168840659
89107275921
89098267121
89098703659
89156075921
89098375921
89058770659
89107877121
89096137921
89069987121
89809757921
89057049921
89159949921
89251179921
89011118749
89178523659
89158232549
89196879921
89991167921
89059833659
89809129821
89166149121
89179567921
89106118749
89167573149
89066129821
89069316559
89099641149
89169785469
89108783149
89169328749
89058136559
89179058749
89197308749
89176408749
89197958749
89809464221
89107746559
89066038749
89158909821
89809633149
89109032010
89107587669
89109488749
89106931149
89991161149
89011184349
89809639221
89157368749
89158484010
89038954010
89066095221
89809128349
89159274010
89166050821
89991185221
89158774349
89057855221
89107197469
89196425221
89106638349
89096046349
89177869221
89197056349
89807123010
89066437469
89099019221
89167503010
89158849221
89251160821
89809024010
89291167469
89261167469
89101111910
89059401910
89179944010
89169579221
89176267469
89011195349
89109648349
89168718559
89011163221
89108061349
89771175349
89107540221
89106240221
89179661349
89011170221
89106735349
89158208559
89771165349
89156458559
89156776221
89066702910
89179087221
89176330221
89156659749
89158247221
89156013221
89991181349
89058818469
89166496469
89176062221
89669439469
89698429469
89699461221
89859061221
89859950349
89581116469
89629373349
89646306469
89869973349
89697546149
89669326149
89629408469
89868836149
89686566149
89839724821
89866238469
89868842221
89697657349
89839778469
89869832221
89667972349
89628757349
89361182349
89668272149
89699363469
89667782349
89869653469
89699177559
89858336749
89858315559
89686032149
89648119349
89869645559
89668887559
89868389349
89659913469
89678107749
89676729669
89639162821
89696804749
89626172821
89839557559
89856362821
89837362821
89648934749
89859514749
89867682821
89869728669
89628328669
89679409669
89361180469
89857445669
89678112821
89866752821
89867452821
89669341469
89869087749
89361181469
89636472469
89677397010
89666614469
89678671749
89581117010
89361169559
89667599559
89626245749
89677664469
89627324469
89581187010
89677779559
89868457010
89679857821
89689241749
89649518821
89869512469
89836688910
89666086010
89697950910
89687073749
89677871821
89869630010
89688775149
89637006821
89869963749
89636378149
89857258821
89657380910
89698460010
89628102749
89629252749
89857160010
89867621821
89689173559
89866941821
89857548821
89636214559
89639594559
89867108010
89638566910
89869704559
89629414559
89857105821
89859534559
89677510149
89869115821
89629025821
89581198010
89696124559
89698286910
89869235821
89696331669
89856954559
89867654559
89668081669
89869765821
89836480149
89629248010
89658991559
89581195910
89581117149
89629063669
89636507149
89868682559
89866682559
89628275910
89837934669
89581190669
89649389910
89637354669
89667524669
89867227149
89677587149
89677612559
89659780669
89637942559
89668741559
89658022559
89646157910
89859712559
89657073171
89869422559
89858949149
89667116520
89657114183
89647115413
89836451171
89859862071
89647609871
89646638742
89638364183
89666281171
89629498742
89627737633
89699223171
89629279871
89696442071
89869212071
89859433171
89858533171
89648604300
89637685183
89689261950
89638850871
89648694300
89837548742
89857596300
89646314300
89697717413
89836450871
89677709183
89638509183
89869755183
89836476300
89676110871
89867925183
89869846300
89836835183
89581164300
89669765183
89868524300
89838754300
89628413071
89657688300
89626787413
89658294071
89869278300
89868178300
89868668300
89857841950
89859201950
89869341950
89699591300
89697163183
89859984950
89649674950
89649475300
89648571300
89629594950
89627927183
89658875300
89667535300
89647654950
89648831300
89677010183
89857398520
89637411300
89659421300
89867669742
89626186183
89646741300
89647623183
89646313183
89859043183
89361173300
89677450300
89699851183
89688406171
89361190300
89869791183
89639254871
89658509413
89649986413
89667220300
89689956413
89859308413
89628858413
89866309413
89839742183
89637667300
89869648413
89636115071
89866653413
89361195071
89667706742
89698336742
89869573413
89679345520
89657817520
89698645520
89646497520
89867435071
89677709300
89868806742
89867366742
89677377520
89676732171
89677937520
89686459300
89688859300
89858499300
89869959300
89857178183
89696384742
89837700520
89857842300
89866743413
89697139633
89866147520
89636327742
89676673950
89836682171
89859707742
89868818633
89361161413
89657971413
89677234742
89869073950
89656270413
89696738633
89639120413
89646652871
89837176633
89857745633
89699730413
89666865633
89867769633
89867899633
89866502871
89857587742
89627360413
89836479633
89838768633
89639640742
89666773871
89656167071
89666163871
89639537071
89699375742
89868271742
89866894413
89869371742
89679138950
89666954413
89868717871
89698587071
89668164413
89866635742
89858997871
89639687871
89697901742
89836421742
89687985171
89868700742
89866800742
89638540071
89638840071
89858181742
89867867871
89856718871
89859296871
89647673742
89867953742
89869495171
89666346871
89856276871
89689156871
89647512742
89649902742
89867278871
89858502742
89159207349
89157961221
89199761221
89158274821
89169828469
89991166469
89771177349
89107592221
89059536469
89156890349
89176426469
89198336469
89991116149
89251176469
89198346149
89037889469
89169446469
89159798469
89991177349
89991189469
89196199469
89197980349
89177464821
89059278469
89157680349
89058111221
89036200349
89158279469
89011118221
89198860349
89199460349
89177801221
89176460349
89178639349
89106139349
89109929349
89199672349
89291195010
89068882349
89991116749
89196845010
89068717559
89178075559
89036458221
89176797559
89156409349
89176417559
89806487559
89066255010
89068189349
89176255010
89157109349
89107399349
89199832149
89038530559
89106278221
89158578221
89166600559
89169812149
89108613469
89178523469
89261196669
89099853910
89098283910
89168983910
89157007749
89806463910
89156951469
89991194749
89011197749
89011192821
89069028669
89096503910
89196006669
89166744749
89199070469
89261177749
89169535669
89036446669
89037810469
89196109669
89177810469
89058131469
89168656669
89167310469
89069865669
89011118910
89159381469
89037133910
89109084469
89057697010
89169484469
89036961749
89098604469
89056382469
89177951749
89169471749
89177155749
89806320749
89991177010
89806457010
89098698910
89098989559
89198877010
89771187821
89106999559
89167699559
89157587010
89261188910
89011185149
89156800749
89159147821
89106048910
89199748910
89176333821
89106918821
89808966821
89069236821
89036292749
89158818149
89991116010
89096458821
89771111821
89039588149
89197580910
89261160910
89197430910
89176866010
89991168821
89108460910
89107660910
89036760910
89196813749
89157988821
89251183559
89109048821
89106733749
89159401821
89196833749
89991193749
89011191669
89157653559
89991182669
89099244559
89107166910
89177615821
89057455821
89158959010
89179145821
89251170149
89036946910
89261186910
89057531669
89098912669
89197850149
89109743559
89156379010
89198822669
89176242669
89156169010
89251181669
89196741669
89196813559
89991111669
89059123559
89106597149
89108284669
89166940669
89097951559
89809909149
89068737149
89197667149
89107559149
89157892559
89169270669
89057247149
89176724669
89196769910
89107099910
89177299910
89176831559
89168765910
89261167910
89107193669
89167867910
89156007633
89261174171
89107604183
89168039871
89167714183
89196405413
89011169871
89178005413
89178715413
89108944183
89809509871
89196966520
89097458742
89156425413
89251189871
89037299871
89098437633
89156481171
89158681171
89038949871
89166903171
89168422071
89199101171
89159001171
89156423171
89197214171
89197257633
89166094171
89808064071
89067934171
89169954071
89068763071
89197554071
89098650871
89808597413
89109404071
89098490871
89056726300
89158190871
89156375183
89106558300
89107876300
89806178300
89058069183
89158020871
89066910871
89108880871
89166603071
89107903071
89069687413
89066421950
89178500871
89196800871
89106867413
89106181950
89098907183
89198983183
89011190183
89106627183
89107495300
89159916183
89991161300
89196227183
89196614950
89807298520
89106790183
89196674950
89771180183
89069745300
89156298520
89158309742
89096342950
89806833183
89807472183
89058132950
89196801300
89166741300
89169123183
89198801300
89196433183
89196062183
89157383300
89261173300
89057053300
89159504871
89177291183
89057344871
89157214871
89156771183
89196090300
89106966413
89178192183
89011186413
89059446413
89196810300
89038949413
89806157300
89178212183
89156649413
89179942183
89251167300
89809196742
89058011183
89069843300
89167560300
89108357300
89771116742
89806628183
89098185071
89169672300
89176896742
89251182300
89176262171
89158382300
89097652171
89169963413
89158135071
89167335071
89261166742
89108645071
89176328183
89169990520
89011180520
89097197520
89197555520
89037117520
89109858183
89157017520
89179989300
89107877520
89098010520
89807648183
89096422300
89806329633
89109182171
89169443413
89169188183
89167102171
89178062871
89179472871
89106785633
89096995633
89069604742
89097027742
89059651413
89107751413
89167174742
89178263950
89058255633
89107444742
89166455633
89167517742
89157245633
89168269633
89199538633
89808942871
89178099633
89158499633
89168031413
89809022871
89177964742
89196249633
89178500413
89251181413
89178879633
89011171742
89168483871
89197572413
89808537071
89039040742
89199082413
89167351742
89108007071
89057527071
89806477871
89158644413
89059877071
89037845742
89166592413
89159245742
89168445742
89991170742
89809549520
89177969520
89251199520
89107619520
89108787071
89159810742
89178521742
89179730742
89158830742
89251179520
89251168950
89108811742
89061111742
89166765742
89178743871
89991188950
89107067871
89178593871
89166813871
89097296871
89106508171
89058396871
89179628171
89106316871
89067582742
89037761871
89199186071
89158815171
89069051871
89158635171
89109476871
89199226871
89199092742
89251178171
89059920071
89166938171
89169878871
89659600950
89647493742
89649433742
89679281871
89626322742
89649119071
89868580071
89688891633
89659328071
89678971633
89857951071
89646875871
89867814520
89627206950
89687486950
89838826950
89837966950
89361199071
89866092633
89626890171
89669302633
89869254520
89866421071
89866024520
89636669071
89859886950
89581193520
89868701633
89638071520
89837853633
89857339950
89677627171
89868040633
89677317950
89667445950
89668559171
89869434633
89857463633
89686231520
89581180633
89636022520
89667922520
89859864633
89866580633
89666949171
89638841520
89868249950
89838289171
89669984192
89868769171
89361173083
89867901520
89687552056
89666494192
89686674192
89868151083
89627974083
89699608733
89867783083
89636621083
89667798733
89869191083
89867344192
89667564192
89638344083
89656282056
89838159842
89656234083
89657873056
89659563056
89657650842
89658161956
89696604283
89637727383
89679550842
89626207383
89859264056
89866105192
89657069192
89689970842
89838404056
89856204056
89647586283
89687331956
89688580842
89657521956
89866846283
89866889192
89637388283
89687100842
89857969192
89679296192
89859449192
89676516192
89581172956
89637227192
89857572956
89839862956
89837816192
89659494956
89856440192
89636045283
89696976192
89696024956
89686337192
89637167192
89699332956
89856331283
89858430192
89361181283
89677283283
89628723192
89676782192
89679371192
89687134842
89689774842
89581116383
89857040283
89637176383
89667876383
89581116083
89866766383
89868517283
89857997283
89867076383
89581199383
89696432192
89697288383
89667900283
89866386383
89867919383
89649541192
89678748383
89637448383
89361162283
89696485483
89679207483
89657650483
89648615056
89667863383
89839572283
89837416733
89688636733
89679126733
89869473383
89658925483
89686955056
89697009283
89858809283
89859780483
89638723383
89678113383
89658913383
89581188192
89627647483
89637396613
89857568192
89626402083
89867407733
89628282842
89668914733
89669703956
89868185613
89686744733
89689854733
89667852842
89666880383
89628120383
89679842842
89867909613
89867688613
89629857733
89361162383
89636095733
89689982383
89656604383
89869093956
89656075733
89629005733
89669044383
89839515733
89668569483
89639057056
89866508956
89856954383
89676488956
89856238956
89651111733
89868552383
89687901733
89869547842
89868413842
89628981733
89676773733
89696586056
89839796842
89868818842
89839482733
89839605083
89627066842
89699710056
89868156056
89858406842
89837803733
89866036056
89837136056
89698343733
89647233733
89869566056
89687153483
89856680056
89669982613
89688673483
89858296956
89697434483
89669091613
89858053483
89869130083
89639744483
89857604483
89361175842
89866844483
89678186956
89688731613
89627610083
89361186956
89687589056
89868786956
89656158056
89867331613
89857988056
89656695956
89647205956
89638503613
89866395956
89856527956
89656647083
89869867083
89698387083
89868259083
89867225956
89696649956
89867839083
89856320613
89838447083
89666411483
89666179956
89866080613
89839731483
89668433613
89637349083
89836487956
89649781483
89686684250
89688283092
89638084250
89698716492
89856273092
89638975392
89659972050
89659304092
89867673092
89858939783
89866441092
89836272050
89676045392
89836694250
89686076492
89868034250
89689938683
89627317600
89629809783
89689786492
89856358683
89696531092
89646522050
89858038683
89867798683
89696578683
89648812050
89637023092
89676102050
89659694092
89687082050
89838978683
89628744092
89837294092
89868182050
89657474050
89646940783
89857234092
89361194371
89869454050
89636455250
89679026371
89657817392
89837728371
89867166371
89629297392
89857598371
89867435250
89659221971
89668844050
89687388371
89659748371
89857443050
89837533050
89639453250
89689516250
89581162971
89656873250
89856307250
89859184971
89656390250
89868939683
89869516250
89866495371
89628591371
89679015371
89637476250
89678589683
89856606250
89856408492
89858346250
89771168171
89176522742
89037323742
89261162633
89097783520
89166504520
89106461633
89057128071
89169651071
89178171633
89178194520
89036975871
89158715871
89991166950
89809586950
89198336950
89809700171
89097590171
89808550171
89039839071
89177539071
89109652633
89158731633
89097102633
89157742633
89261111633
89809123520
89157069071
89991111633
89109368071
89099297171
89066583633
89166482520
89261191520
89066217171
89097861520
89178815950
89067675950
89058220633
89109357171
89156939171
89106087171
89039880633
89991119950
89809001520
89068942520
89199021520
89097893633
89096001520
89169893633
89159033633
89168013633
89159381520
89251184083
89011192056
89167318733
89096485383
89159804192
89261172056
89291194192
89109475383
89068276483
89098535383
89011119842
89037125383
89068169842
89098224192
89159699842
89991199842
89168653083
89156832056
89169211083
89178322056
89109182056
89057042056
89108048733
89098942056
89157657613
89166442056
89251163056
89058584056
89039163056
89166129192
89806328283
89106850842
89069294283
89037915192
89991175192
89808899192
89106908283
89011178283
89106045192
89261180842
89058719192
89056664283
89196037383
89991187383
89159021956
89177788283
89106447383
89151111956
89179301956
89176394056
89808594956
89199172956
89178834056
89036239733
89157672956
89056082956
89098261283
89036150192
89168904956
89168627192
89159427192
89197040192
89156291283
89106005283
89108106192
89806310192
89011187192
89809159733
89011160192
89059454956
89197364956
89196887192
89176949733
89036060192
89109481283
89109022956
89109257192
89169984842
89198707283
89011191192
89806971192
89809534842
89169963283
89038194842
89099476083
89158506083
89169406383
89991194842
89067316083
89107126383
89039826383
89176076083
89291176383
89169777283
89069819383
89069731192
89106110283
89066119383
89166310283
89179186383
89251166083
89261166083
89166442192
89159466083
89166078383
89771183383
89038611192
89198643283
89807282283
89066848383
89198001192
89176047283
89166701192
89038896733
89068807483
89097639283
89158148383
89159185056
89178362283
89168196733
89038772283
89166292083
89108092083
89167228192
89199955483
89196255483
89038203383
89108775483
89107617483
89067135483
89169298192
89097938192
89099946733
89056987483
89771193383
89198002283
89096343383
89166612083
89166468192
89167647483
89157032283
89156343383
89806895613
89159222283
89199142083
89158183956
89991172842
89159273956
89168383956
89038440383
89159294733
89108451383
89179290383
89176728613
89039666613
89179936613
89199870383
89196635613
89178709613
89059519613
89096109613
89058769613
89069849613
89178459613
89196221383
89039779613
89197479613
89178447733
89159222842
89991188613
89159122842
89156022842
89036641383
89158267733
89176901383
89291183842
89069853842
89177318956
89197395733
89991185733
89108594383
89178194383
89166290733
89157751733
89108708956
89098917842
89108289483
89098925733
89261189483
89038777842
89036109483
89808187842
89176057056
89169438956
89011167842
89037721733
89109502383
89801111733
89167531733
89056930733
89036878956
89198530733
89291160733
89291188956
89176388956
89991160733
89059518842
89991183733
89156950956
89011116056
89198535083
89106971842
89109803733
89196663733
89038008842
89167426056
89107226056
89107890056
89809131842
89169955083
89158910056
89159520956
89251180956
89108010956
89179820056
89991186842
89107102733
89067702733
89159166056
89058760056
89036680056
89169900956
89059283483
89057101842
89036096956
89108708056
89167784483
89099171613
89098371613
89197729056
89806178056
89168466956
89196366956
89178929056
89109998056
89196592613
89167571056
89291199056
89098399056
89176218056
89196410083
89156870083
89068850083
89108288056
89166381056
89198889056
89168150083
89198269056
89036189056
89069723483
89196943483
89191111613
89991181613
89176849056
89106881613
89059962483
89156793483
89176283613
89096174613
89109594613
89166885956
89261167083
89807959083
89067191483
89156494613
89806325956
89058755956
89169607083
89167707083
89261177083
89808020613
89169159083
89097799083
89058319956
89158137956
89991179083
89099789083
89199021483
89196221483
89991189083
89251167956
89261181483
89097523613
89196633613
89178193613
89198257956
89807152050
89168784250
89168684092
89167051092
89177905392
89107826492
89036791092
89178466492
89059558683
89199325392
89159945392
89808587600
89107954250
89771187600
89177065392
89156043092
89108368683
89069001092
89167131092
89198288683
89196114092
89011166371
89037627392
89166483050
89199929250
89158595250
89198340783
89166505250
89196171971
89251175250
89011189250
89098597392
89159497392
89068298371
89097317392
89097738371
89196876371
89069369250
89109669250
89107956371
89806444050
89771111971
89169356371
89156010783
89197119250
89177943050
89108260783
89101111971
89809729683
89168614050
89037334050
89107784971
89109153250
89108048371
89991162971
89107995371
89106053250
89991118492
89057116250
89196514971
89069603250
89069292971
89106177250
89198558492
89167917250
89176946250
89158570250
89667542971
89656765371
89856924971
89581178492
89698543250
89869337250
89836031371
89627887250
89659733250
89857942971
89869621371
89627332971
89866188492
89699286092
89869267250
89837848492
89646594783
89677734783
89868718392
89636806392
89646536392
89837096092
89869696092
89657617371
89637008392
89697108392
89866928392
89858206392
89697810371
89669399392
89866856092
89857770371
89869326092
89869586392
89869002250
89648913371
89669518250
89361181250
89677850492
89361182371
89677915492
89869005050
89676945492
89867835050
89838866683
89636449371
89868799371
89656868250
89657633392
89869202371
89669733392
89839565492
89676102092
89866930492
89866979371
89658282783
89696350392
89867893392
89868967492
89859933392
89638463971
89656844683
89626071392
89647869600
89629158600
89677210392
89869675600
89866025600
89839876600
89679580392
89837999600
89867359600
89628268600
89678297050
89697218971
89361193971
89646595683
89868413971
89676685683
89656140683
89688450683
89697895683
89856497050
89636674392
89866772392
89866862392
89839053783
89859673783
89866304392
89581191683
89647477050
89839251683
89869234392
89696398971
89696957050
89689587050
89838447050
89628452392
89679181683
89866088971
89667440050
89837013783
89678975092
89858967783
89698003683
89656235092
89677371783
89699895092
89676376050
89647090971
89857582683
89676498092
89679720050
89658286783
89867036783
89859176783
89668200050
89628670050
89866790050
89627920050
89659543683
89869765092
89689648783
89677733683
89677813683
89866166050
89581168783
89856800971
89836241783
89859719050
89869630092
89687803492
89696191600
89639871600
89866661600
89686198050
89868463492
89868506971
89689520092
89646624492
89626725783
89689552600
89866618050
89867390092
89858354492
89679665783
89839321050
89676643492
89678722600
89647501050
89836412600
89627142600
89659613492
89638268050
89649953600
89667372492
89657661492
89697240600
89869007971
89659427092
89361167092
89687044600
89638937092
89866474600
89647820600
89696220600
89869177092
89869697971
89669521492
89679010600
89857209092
89859709971
89857459092
89581164600
89638832492
89668449092
89859130600
89581160600
89646807592
89677339792
89686673156
89837069092
89869167971
89866763156
89867684256
89857318700
89647464156
89866961983
89858674156
89698346500
89697321156
89656886500
89629999792
89676447592
89638101156
89858219792
89627043156
89658401983
89669996292
89636996292
89639640792
89646714292
89646803983
89647770792
89858526292
89676224292
89696220792
89668012983
89676912983
89637822983
89859199256
89857099256
89689022983
89867665256
89869988292
89659253256
89868860792
89647416256
89839213983
89859223983
89688105292
89637363256
89667915292
89837550256
89857985292
89629763256
89868851292
89668477256
89837690256
89866045292
89658430256
89698187256
89839869700
89838538500
89581164883
89676300256
89647260256
89867380256
89839978500
89581179700
89679857256
89686516400
89657816400
89647339400
89639204792
89858467256
89696163292
89696863292
89866653292
89859840292
89659417292
89678670292
89857906156
89867334792
89581116156
89697038400
89859597292
89867292256
89636064792
89648556400
89687237292
89857046156
89667830292
89867489400
89867420292
89867024792
89866431256
89667818256
89868360292
89839859400
89689139292
89639139292
89688572292
89857660292
89868648400
89839583400
89867883400
89658206700
89697136700
89649435500
89658376700
89648908256
89637569292
89678299292
89698699292
89867097500
89838097500
89859935500
89629554983
89836509292
89869138256
89859286700
89667832292
89638182156
89698913400
89629100500
89869643400
89868922292
89839988256
89636773883
89638414700
89689691400
89869172792
89697506592
89856553883
89676044700
89858116592
89696225592
89869476592
89837026592
89688731400
89657186592
89676886592
89668521400
89839370400
89646649592
89679687700
89689960400
89679032792
89869237700
89658333883
89647853792
89637095700
89649395700
89628618883
89866518883
89698814400
89658306983
89857785700
89868985700
89628794400
89658492400
89679692400
89637546983
89858226983
89638319500
89669165700
89866335700
89856445700
89638979500
89867259500
89687693792
89869212400
89857168883
89627813792
89866500700
89859260700
89869793792
89626808156
89659228156
89867353700
89866753700
89806868492
89108059683
89807748492
89109542971
89059560250
89771184783
89156322971
89771118392
89176023250
89011116392
89097262250
89166340371
89198904783
89991118392
89291194783
89177814783
89771169392
89057276092
89808954783
89167228392
89166328392
89197016092
89179197371
89169146092
89196069392
89991117371
89057999392
89168586392
89199599392
89066302250
89066402250
89176380371
89109930371
89097488392
89159621250
89097868392
89809640492
89809950492
89168062371
89168267371
89199807492
89808892092
89097007492
89106883392
89199753392
89167418250
89809806683
89059416683
89108195492
89176473392
89011170492
89771170492
89069103392
89067290492
89198928250
89176836683
89251169371
89197852371
89069959371
89157237492
89108413392
89169460492
89178548250
89159093392
89198739600
89199096600
89179653971
89096550392
89109682783
89178082783
89106463971
89157391392
89106915600
89261176600
89066208600
89178697683
89179645600
89011187683
89106298600
89168309600
89177209600
89157969600
89106065600
89771167683
89809679600
89166721392
89097888600
89097611392
89167522783
89176979600
89057432783
89109679600
89096607783
89059183783
89166162392
89158241392
89156697050
89177497050
89011191683
89199973783
89167004392
89108494392
89109505683
89196234392
89039390683
89097027050
89196627050
89198637050
89166945683
89991192392
89261198971
89109989492
89168638971
89169047050
89179620683
89058512392
89096457050
89157812392
89157488971
89198711683
89169481683
89158981683
89108241683
89068730050
89058883683
89196772683
89179783683
89098840971
89058928783
89261190971
89291170971
89107856050
89011166050
89107425092
89169910050
89179246783
89157220971
89806388783
89108266050
89168630971
89159002683
89199188783
89809862600
89099493683
89199513683
89168158092
89068941783
89038041783
89107619050
89178162600
89196084492
89157862600
89177919050
89179004492
89166961600
89068706971
89178534492
89107976971
89166444492
89166855783
89038459050
89199092600
89807042600
89167770092
89196064492
89198060092
89178656971
89011193492
89109821600
89198265783
89251181600
89291162492
89039484600
89039684600
89097450600
89058691492
89991191492
89106975971
89166251492
89167234600
89106907092
89169259092
89157437092
89771119971
89167370600
89166177971
89169399092
89106309971
89168320600
89157124600
89771160600
89037287971
89176631492
89178210600
89158637971
89156337971
89069787971
89038113600
89196641492
89157581492
89011171983
89291161983
89037161983
89167585400
89169185400
89156941156
89037583156
89158861983
89169634256
89106155400
89167664156
89158774256
89167826500
89198615400
89159915400
89807424256
89107976500
89991171156
89108809792
89068309792
89167035400
89197145400
89166738700
89067338700
89108886500
89107613156
89169581156
89251168700
89056449792
89159268700
89156431156
89177121983
89011162983
89037761156
89176314156
89157607400
89771166292
89097127400
89158640792
89166327400
89169582983
89261174292
89108905256
89096974292
89991194292
89771117400
89106275256
89179790792
89261176292
89056717400
89038145256
89011187400
89108338292
89771178292
89771187400
89106756292
89108859256
89179565256
89178311883
89058843983
89109468292
89108523983
89107781883
89771116256
89168796256
89011190256
89109373256
89176873256
89177714883
89169761292
89771170256
89057375292
89808017256
89169103256
89991170256
89177177256
89176999700
89159519700
89109378500
89096979700
89176130256
89167643256
89806784792
89169243256
89011196156
89196962256
89096539400
89109218400
89096804792
89108772256
89036596156
89038704792
89176539400
89199218400
89166003292
89158114792
89096916156
89169990292
89099317292
89107370292
89159789400
89059586400
89177686400
89196431256
89177056400
89036219400
89069149400
89068987292
89098849400
89158342256
89179979400
89806472292
89179879400
89056518256
89159467292
89107995500
89058362156
89808028256
89066716700
89166827500
89168127500
89807470500
89108774983
89157872156
89178152156
89108403400
89058775500
89057366700
89809577500
89107945500
89069054983
89067809292
89037169292
89037870500
89156892292
89066998256
89106038256
89039999292
89056452292
89167780500
89179837500
89159256700
89991186700
89011167500
89039649292
89037465500
89806982156
89177378256
89176665500
89038188256
89099043400
89169743400
89109633400
89098932292
89808404700
89991193400
89011163883
89057996592
89099048256
89157984700
89808214700
89109229592
89107573883
89039682792
89196782792
89067571400
89166615592
89806089592
89096358592
89159897700
89106035592
89771199592
89158425592
89069719592
89176698592
89197769592
89199324700
89168237700
89176030400
89807218883
89098688592
89059868592
89809304400
89066257700
89176593883
89251162400
89179239500
89158061700
89056951700
89107603792
89039944400
89261197792
89106555700
89198644400
89991176983
89039325700
89169738883
89179035700
89039669500
89808559500
89159969500
89159256983
89107086983
89196831700
89096830700
89108942400
89251188883
89179332400
89109833792
89011191792
89108853700
89108139983
89158062700
89169208156
89177553700
89196753700
89991162700
89158595983
89157205156
89169140883
89639490883
89646403700
89639703700
89646745983
89666846792
89676525156
89867536792
89839255983
89636531792
89668209983
89637078156
89699702700
89687830883
89649765983
89656668792
89361188792
89361181792
89859012700
89858060883
89657107983
89858043700
89626448792
89647495792
89837718983
89676451592
89676851592
89658903500
89867027983
89867082592
89679945792
89699277983
89837566883
89696256883
89868292592
89868976883
89581190156
89678387983
89581180983
89686422592
89866886883
89686748983
89696081592
89868347983
89678697156
89669762500
89639204592
89677129156
89639891500
89679475883
89868395883
89856994592
89857807156
89639325883
89668177883
89689724592
89859144592
89679552500
89836145883
89361180592
89858599156
89637089156
89858310592
89361169156
89676923592
89868142500
89361184100
89679151100
89678927620
89837385433
89697006513
89678726513
89857051100
89858714242
89627115433
89696619850
89836925433
89677631100
89687887620
89649247620
89858437620
89677242042
89639495242
89689264042
89857007433
89696215242
89659956313
89647498313
89857170850
89679237433
89868508313
89697960850
89869564313
89678524042
89636607242
89677962892
89867757433
89866957433
89668263242
89658005313
89638894892
89628885313
89628840242
89857350242
89869050242
89656635313
89859955313
89581192892
89626598513
89647752892
89679132892
89868937242
89867010242
89858764892
89629142892
89659096100
89867181313
89868241313
89686651242
89649551242
89648626433
89687476100
89657106433
89868182242
89867096100
89646326433
89679609433
89868126433
89859946433
89837738433
89658702242
89866286433
89858387313
89666533313
89657101242
89858312242
89866260313
89869732242
89361183433
89696840513
89699816692
89838857313
89869183433
89638815513
89869782313
89859735042
89856415042
89626666692
89581192313
89859892313
89689165513
89688656692
89647742313
89869789313
89678947513
89679722313
89697022313
89858556692
89646283892
89668142100
89868979313
89666927692
89639163892
89668371433
89581185620
89866261433
89627563892
89687926620
89866603892
89867026620
89638699620
89859417692
89857535620
89581117692
89668331433
89679087692
89869254692
89648030433
89677057692
89636181433
89867137692
89867856620
89668297042
89638718892
89838168620
89667072433
89867648620
89628529513
89687351692
89868082433
89869055692
89859114433
89628527042
89698024433
89676109513
89868190692
89627892433
89687837850
89637010692
89859845692
89856477042
89857470692
89628869513
89696131692
89869447042
89687502433
89868169513
89838910692
89641111692
89869852433
89657901692
89836931692
89869787850
89868112433
89627659513
89621111692
89697496850
89659740042
89638918850
89669250892
89858857850
89581173692
89836383692
89637790892
89628763692
89648608850
89698746850
89857103692
89627910042
89677260042
89637688850
89668711850
89666332692
89669241850
89678396892
89699504513
89868523692
89646016892
89867381850
89837430100
89836530100
89637018042
89868409042
89686681042
89867225850
89679243513
89658122620
89656161042
89669980100
89696823513
89868502620
89858280100
89656417100
89659573620
89646194620
89646575892
89867103620
89856303620
89637577892
89699819892
89869667100
89869059100
89581117892
89659789100
89857864620
89869032513
89666362033
89636828720
89657275420
89867005420
89667686533
89686319800
89857738720
89866935420
89656931113
89839824233
89869869800
89836969800
89859599800
89858303113
89636914113
89697582033
89626594113
89636163033
89696163033
89867323113
89629234113
89639704320
89638383033
89868142033
89677891900
89867184033
89581195233
89688244320
89869514320
89699046320
89657299233
89697821900
89696559233
89859224320
89866737420
89856880800
89868380800
89838357420
89626324033
89097375156
89069228792
89809619983
89109076792
89108136792
89158192700
89067769983
89036920883
89166886792
89198786792
89059159983
89771111792
89991178792
89097642700
89159578792
89991160883
89097432700
89108313700
89109701792
89057158156
89107041792
89179433700
89176833700
89156381792
89251173500
89011163500
89106872592
89167583500
89159316883
89166834500
89157574500
89097992592
89156925792
89056020983
89039500156
89179852592
89059387983
89991160156
89108488983
89166422592
89991180156
89058843500
89106888983
89066888983
89156580156
89156122592
89291172500
89251193500
89806550592
89097919156
89067804592
89157007883
89991173592
89059527156
89068655883
89068625883
89158277156
89157545883
89039054592
89991177883
89109157156
89036799883
89991180592
89069902500
89196149883
89196430592
89261169156
89037260592
89107449883
89151111500
89991167883
89107649156
89198923592
89156496513
89011194242
89066973100
89177741100
89036874100
89058464100
89056228692
89178175433
89199864100
89059093100
89107145433
89166317620
89291169850
89106638692
89108946513
89107224242
89157389850
89197854242
89198219850
89058059850
89038431100
89166778692
89196644100
89168678692
89038144100
89167302042
89158567620
89198896313
89196263042
89807315242
89108266313
89099751892
89156626313
89179706313
89179370850
89261164313
89066246313
89109837433
89098031892
89107319242
89168510850
89108368313
89098788313
89168411892
89158888313
89807350242
89197314042
89067950242
89108404892
89197453242
89158973242
89169534892
89066990242
89196806242
89067766242
89096215313
89177717242
89069417242
89096535313
89106777242
89251165313
89807888513
89199522892
89291160242
89097247242
89058088513
89179900242
89179848513
89178541313
89011171242
89179839433
89107150313
89159196100
89177091242
89178906100
89166774850
89177366433
89167826433
89291197313
89808338433
89039192242
89199897313
89198997313
89261177313
89166698433
89159298433
89166438433
89176356433
89991189433
89159210313
89156219433
89169580313
89177802242
89011185042
89807762313
89059932242
89011182313
89098041242
89261162313
89099153433
89108196692
89199385042
89807445042
89176672100
89109336692
89109890513
89068903433
89106545042
89037592313
89156276692
89807319313
89069998242
89067069313
89197820513
89991169313
89198280513
89167746692
89037630513
89198652313
89196042313
89037913433
89068407692
89058782100
89038682100
89059739620
89177107692
89251182850
89177805620
89056034692
89166074692
89291175620
89011198620
89197415620
89098976620
89808188620
89107086620
89176337692
89179237692
89199365620
89176847692
89169249620
89038079620
89067668620
89159401433
89167884433
89179604433
89039917042
89068963850
89808967042
89011197850
89011177042
89168628892
89178151692
89109907042
89036435692
89176270692
89156892433
89167258892
89168289513
89109999513
89808893850
89099452433
89179452433
89158342433
89197612433
89066659513
89197868892
89036172692
89196141692
89169072692
89038730042
89109028100
89107916850
89771190892
89037795100
89011118100
89107290892
89158315100
89107536850
89177876042
89991190892
89037338850
89057980892
89109256850
89156400042
89109012692
89198100892
89156900892
89011195850
89771119042
89107693692
89159481850
89196558100
89991184513
89066895850
89108330100
89037562620
89167204513
89159972620
89806509042
89166761620
89196163513
89166255850
89158574513
89991175850
89806286892
89069359042
89291170100
89808681042
89157410100
89199559042
89991178042
89167690100
89158800100
89067212620
89806033513
89176742620
89156079042
89178569042
89176001042
89037841620
89166423513
89068858042
89198829892
89179484620
89159239892
89179505892
89178951513
89108690620
89069355892
89809125892
89159874620
89169134620
89251197892
89106497892
89197827100
89168797892
89991170620
89069235892
89167725892
89166054620
89167757100
89808993620
89109969100
89167847892
89179941513
89158913620
89166101513
89099884113
89157618720
89176439800
89108795420
89038634233
89106504113
89069864113
89108945420
89056617583
89109517583
89167371113
89037317583
89067699800
89158209800
89167822033
89157288720
89157103113
89011196320
89176879800
89177212033
89179594113
89099284033
89098996320
89097329233
89196263033
89108416320
89109327420
89166374033
89156504320
89179904320
89806766320
89169055233
89198408320
89039269233
89176720800
89156989233
89991117420
89108124320
89169146320
89159364320
89991199233
89011181900
89069119233
89058703033
89098103033
89107665233
89108343033
89106181900
89039379233
89107948320
89647673233
89666394900
89626618533
89669366233
89839682900
89869705320
89869214900
89648309720
89837444900
89866425320
89857926233
89668237233
89646279720
89866256233
89626511320
89837778533
89627948533
89658462233
89699153320
89689862233
89856993233
89867453320
89581171233
89639876113
89866927320
89697976420
89677576420
89669758420
89361192233
89646138420
89656598420
89866090320
89626876420
89646921233
89867909420
89677688420
89639693320
89646560320
89867721233
89677941233
89869868420
89626429320
89869033320
89836229320
89686836720
89836275033
89627828233
89869972113
89868075033
89839806720
89581170533
89628545533
89696886720
89868625533
89638212320
89856889320
89659160533
89856480533
89858052320
89667842113
89838622113
89859087533
89666153900
89638962800
89658639583
89648083900
89649339583
89869832320
89686991420
89678573900
89657714720
89856718583
89628904720
89637290420
89866553900
89581194720
89627526583
89649769583
89836936583
89866566583
89688319583
89628938583
89669949583
89857338583
89581119583
89646600420
89669311420
89628042800
89648581420
89838547720
89859760420
89637683800
89866423900
89859567720
89868193900
89657191720
89647363800
89658750720
89668228900
89867129533
89837073800
89678444420
89868951720
89666020720
89699165720
89646812420
89856545720
89659212420
89868438900
89856309533
89667879533
89696623800
89677493800
89868288900
89839211720
89866732420
89697406033
89856440033
89581176800
89689520033
89868766800
89581198800
89656456800
89637252720
89668978800
89646211800
89688081800
89856942720
89639396900
89638628033
89677182583
89867233720
89858568113
89857241800
89581183533
89668706900
89678075800
89859628033
89866991583
89627236900
89869715800
89866736900
89648952583
89667812583
89627400113
89626820113
89688242583
89858046900
89866365800
89856902583
89857912583
89868269033
89868261033
89637919113
89686897113
89581193533
89866013533
89626007900
89867383583
89696015900
89646070583
89699425900
89868251533
89866775900
89677279900
89697947900
89836769900
89856769900
89866677900
89858811533
89859800583
89668339833
89639595456
89859813583
89658341133
89657185456
89689662000
89859484271
89838939833
89866207650
89857254133
89361175456
89698091133
89627304133
89699721133
89637658713
89668609833
89836026542
89669832000
89648881133
89859054271
89866346542
89857887650
89659527456
89837161933
89697976333
89838964000
89687893000
89839175271
89638224333
89638338333
89658586333
89867970833
89629009271
89839754333
89867299271
89637794000
89659448333
89839611933
89666862933
89869741933
89667174933
89859595333
89866385333
89867340271
89678597271
89688726271
89686897271
89859750271
89647409713
89627106271
89867236271
89868536271
89869544933
89869625333
89857376271
89869792933
89626649713
89626387271
89678423271
89668607333
89647518456
89859800271
89637727333
89697573333
89696161271
89868193271
89647171271
89678151271
89868518456
89867583333
89859961271
89868150333
89866473333
89648292271
89658192271
89581176133
89838051271
89658899456
89868797333
89837809456
89689343333
89868949456
89698048456
89667029333
89659218271
89649453456
89698418271
89868393333
89858457333
89699295000
89361185542
89869705000
89669158271
89867975000
89869552133
89658858271
89697369333
89648520542
89837563456
89637246713
89638919333
89866838271
89699847542
89856086713
89581119333
89626522133
89639222333
89637779333
89857688271
89868943456
89636095650
89679395650
89857402133
89626972833
89627414713
89696870456
89869234713
89581166650
89698589650
89866566650
89636238650
89868270456
89867125650
89678830456
89839046650
89659901456
89866787713
89639457713
89866242833
89869522833
89857021456
89856878650
89658439542
89626557713
89867541456
89869518933
89857018933
89857603833
89627555713
89676798933
89638731713
89689531713
89839052456
89037684900
89056984900
89159372900
89011166233
89808715320
89166782900
89991171320
89991195320
89177275320
89178174900
89991191320
89011198533
89198090233
89011164900
89098358533
89106508533
89169076233
89096309720
89057754900
89157986233
89198877233
89199886233
89176819720
89199202900
89108800233
89109511320
89058500233
89196611320
89159943233
89158723233
89159579720
89109448533
89038153320
89169083320
89157196113
89069706113
89037873320
89198628420
89156416113
89166366420
89158344800
89168966420
89178126420
89199890320
89011164800
89261177320
89169154800
89199689420
89198598420
89057686420
89178586420
89199037320
89109402233
89199380320
89176566113
89197442233
89011172320
89806467320
89069260320
89807996720
89177481233
89806373420
89159807533
89261195533
89011175533
89196783420
89991118233
89108340533
89158316720
89179140533
89157575033
89809577533
89806355033
89106297533
89109045033
89059976720
89177276720
89251192320
89168269320
89157577533
89106465533
89157949320
89197130533
89037548233
89157923420
89168467533
89067582113
89198933420
89169185583
89808597720
89099351420
89169705583
89109905583
89099871420
89097251420
89066074720
89056415583
89176166583
89159651420
89178475583
89169690420
89808410420
89067297720
89156144720
89169397720
89291197720
89157520420
89159097720
89808742800
89097577720
89038877720
89178754720
89158024720
89291165583
89197456583
89039765583
89166360420
89291167720
89197813900
89157833900
89067962420
89261185720
89107985720
89099174420
89107994420
89109715720
89167774420
89057417800
89156345720
89179909533
89807813800
89097037800
89106813800
89158360720
89196043800
89177881720
89157857800
89261185113
89178396800
89169608113
89261171800
89168391800
89156451800
89291170900
89066136800
89069826033
89159998113
89159010033
89037500033
89196855113
89178920900
89199352720
89011111800
89039166033
89199902720
89106242720
89168621800
89291111800
89058211800
89806896900
89069523720
89036181800
89159041800
89166781800
89806429033
89158030113
89167482583
89991182583
89179394533
89809218033
89066375800
89197718033
89057225800
89178070113
89106021033
89039812583
89991165800
89198088033
89251161033
89809341583
89168511583
89166532583
89179765800
89991180113
89107543533
89057561033
89109889033
89157023533
89991197113
89069185900
89036491533
89808717900
89058515900
89157914583
89291197900
89156597900
89157225900
89179720583
89771111533
89197899900
89771181533
89109702533
89091111533
89176600583
89197300583
89176843583
89168011533
89251167900
89059343583
89196660583
89167057900
89251173133
89196584271
89057816542
89106863133
89291174271
89068051133
89158004271
89167475456
89169434271
89059693133
89058409833
89178693133
89156598713
89807313133
89109921133
89167838713
89807147650
89107899833
89038703133
89291161133
89011173000
89058868713
89057333133
89056014133
89159294133
89197861133
89109284000
89196263000
89168329271
89176395271
89198361933
89291174333
89807426333
89991194333
89056590833
89157791933
89197706333
89156515271
89097666333
89177375271
89038017456
89109635271
89159670833
89169389271
89169338333
89178724333
89156956333
89991119271
89807067456
89168565271
89291194000
89011163271
89807071333
89097234000
89157284933
89196196271
89157029713
89196953271
89261182933
89096161333
89166640271
89106591333
89109216271
89159216271
89066434933
89056671333
89066155333
89199166271
89808077271
89038397271
89169075333
89109197271
89176269713
89807168542
89176789713
89038510271
89197500271
89107001333
89808873333
89168713271
89198548542
89199301333
89176157271
89066307333
89056796456
89159896456
89159939456
89196829456
89199096456
89069728456
89176534833
89809546133
89068306456
89038203333
89058358456
89059044833
89156144833
89176008456
89036524833
89199208456
89169026133
89179770333
89196389456
89067120333
89199486456
89198546456
89156220333
89098278456
89059564833
89107521271
89036278456
89167337333
89168702271
89991179456
89108047333
89197143333
89038123333
89176181271
89179681271
89251172333
89058272333
89291173456
89771190542
89176982333
89058295000
89096363456
89196495000
89099075542
89068536713
89068826713
89198736713
89168315542
89039899333
89067799333
89251178271
89058019333
89168302333
89291160542
89066578271
89168347542
89196422333
89156560542
89806673933
89106582133
89158442133
89166218650
89991182833
89107374713
89067628650
89198705650
89196494713
89771164713
89179608650
89168008650
89156935650
89197745650
89809259650
89167789650
89159738650
89177109650
89039364713
89177280456
89178877713
89771188650
89159552833
89177621456
89157400456
89178759650
89196300456
89178711456
89096593933
89178057713
89196423933
89178872456
89097773833
89991117000
89251191713
89109371713
89168807000
89059344456
89108915713
89158790713
89156537000
89057770713
89167392456
89179725713
89261169542
89808430713
89107238933
89107638933
89097447000
89157620713
89179677833
89159454456
89158599542
89991164456
89096119542
89666859542
89699567833
89857532456
89867765713
89627443833
89678772713
89867747833
89869668933
89629757833
89699940933
89669906000
89649663713
89687663713
89668945133
89867940933
89866091833
89869863713
89636820933
89856876000
89626955133
89646720000
89656952713
89858526000
89626378133
89361165133
89361186833
89677722713
89839010933
89679693713
89869530933
89668619000
89637408000
89857260933
89869593713
89868860933
89688406933
89669706933
89867672650
89361191650
89636866933
89678735833
89839373542
89626051650
89838651650
89869803542
89867806933
89839891000
89858415833
89697079000
89867121000
89697569000
89866838000
89867288000
89697123542
89669719133
89837539933
89867029933
89868007933
89581161542
89679771542
89656059133
89657315933
89857382542
89856394650
89698892542
89669399133
89626270650
89656499933
89857575933
89836892542
89867420650
89678532542
89626187933
89679033650
89858649933
89629360650
89667239856
89677307642
89627449133
89638485442
89859301542
89869901542
89867418771
89868607642
89659975442
89676366571
89868185442
89686725442
89868394200
89867494200
89858851992
89637009856
89647009856
89836604142
89679949856
89858435442
89649101142
89639181992
89867349856
89839178771
89866887642
89867787642
89869431142
89581167642
89677639200
89698262992
89868688771
89636528356
89637205200
89361163992
89626528356
89687215200
89646215200
89868127442
89856014356
89869128356
89657924356
89867717442
89626558356
89676401942
89638093992
89636883200
89649796200
89859679200
89837623992
89856913992
89626085356
89668906200
89856382942
89687735356
89699992942
89857503200
89627725356
89656959771
89666549771
89658965356
89656865356
89866446200
89868464942
89836037200
89868530200
89858549771
89667039442
89678562200
89658273356
89697096142
89838913200
89868118442
89629963356
89869561200
89581163356
89677058442
89646317356
89869651200
89869956142
89649698442
89678599442
89866697356
89859589442
89696479442
89868777356
89686988442
89837752200
89657033356
89698007571
89637767356
89648467356
89869966142
89361182356
89856339356
89867795571
89688597571
89698697571
89637325571
89838563442
89678754992
89628025571
89866576771
89667878200
89626819356
89646130571
89629449356
89698813442
89868359356
89836730571
89649153942
89668995642
89859402142
89698094771
89868383942
89646215642
89867294771
89867673942
89677709642
89361190442
89647846642
89659024771
89869297771
89687000442
89687322856
89656079642
89656788642
89856619642
89689557771
89658932856
89869549642
89839402856
89626788642
89628881442
89648994442
89626385771
89646590771
89689255771
89856085771
89867804442
89629514442
89658444442
89687544442
89868791771
89869391771
89867694442
89857434442
89699209571
89361192442
89669109571
89646769571
89867058942
89667742442
89638552442
89626564442
89688843856
89677332442
89699141771
89687533856
89626133856
89867881771
89869857856
89626562771
89866595142
89687925992
89698109992
89678710942
89868798142
89869958856
89657965142
89868625142
89658122771
89647658142
89866768856
89857243771
89649034571
89836607992
89869640142
89361163571
89868027992
89859027992
89627975856
89866228992
89868803571
89696631642
89636437992
89657921642
89836386942
89869554571
89838821642
89628311642
89361111642
89699362571
89646619142
89869468992
89658117142
89648967142
89628563642
89669709142
89637759142
89868174642
89856551571
89859794642
89677325942
89868755942
89627270642
89687689142
89856924642
89659633642
89687401571
89666747942
89869457142
89581160642
89677184213
89866732571
89638627656
89677951120
89646563120
89689084120
89836232571
89837001571
89856533642
89628018756
89637034213
89686434213
89638906550
89698404120
89858095450
89668397656
89626375450
89667021120
89657499813
89647956550
89869776550
89867576550
89696478756
89858809813
89857677656
89626711120
89656378756
89856186550
89697778756
89581178756
89657534120
89688957656
89867565450
89629912020
89648596342
89361194120
89638629213
89697767656
89647527450
89687085213
89667174020
89867444120
89697274342
89869496342
89866696342
89627218342
89581183020
89668771920
89108549542
89011185133
89261167833
89039357833
89169860713
89056618833
89068618833
89251161833
89168486000
89197096000
89011190933
89199682713
89991175133
89179095133
89157006833
89167136833
89109470933
89097970933
89106336000
89807520000
89156992713
89156536000
89991118133
89251178133
89108625133
89169270000
89196120933
89108956833
89808860000
89261178833
89166211833
89251181833
89106232713
89196448133
89059323713
89108681833
89179668133
89106340133
89099182650
89069395833
89807074542
89168153542
89196030133
89039851650
89168351650
89098475833
89991166933
89807510133
89067159000
89156136933
89168492650
89158909000
89169721000
89991198000
89056090133
89107339000
89059678000
89198956933
89108781000
89011181650
89099488000
89057665833
89108531000
89176950133
89196450133
89106989000
89107480133
89159243542
89068181650
89156468000
89178358000
89167633542
89196519133
89176472542
89991172542
89106985933
89176182542
89251163650
89806009133
89196882542
89197894650
89166494650
89197363650
89196729133
89809570650
89107855933
89176059133
89198497933
89109435933
89057999133
89199077133
89168599133
89056077933
89177124650
89199047133
89166319933
89108102542
89197230650
89156049933
89058822542
89107513650
89199857933
89056854142
89809836571
89167527642
89197685442
89197627642
89166416571
89991161992
89809693142
89098614200
89176016571
89177471992
89039391142
89159491142
89196191142
89167774200
89176336571
89067476571
89991197642
89069521142
89167189856
89991177642
89067677642
89169246571
89158331142
89106933142
89011161942
89107734142
89196194142
89198324142
89199234142
89176024142
89109929200
89066050856
89158540856
89159585200
89991173992
89069891942
89057151942
89108994356
89166691942
89808469200
89168255200
89158166356
89159366356
89067099200
89199537442
89771167442
89179359200
89196665200
89069301942
89161111942
89198447442
89291193992
89771185356
89179681942
89196093992
89991183200
89037139771
89166184942
89059950200
89179940200
89167882942
89177050200
89038251356
89179274942
89167905356
89109506200
89167158571
89107598571
89196320200
89176920200
89991117200
89196810200
89169364942
89107102942
89056330200
89177179771
89179678571
89097748571
89167272200
89991183356
89056583356
89096161200
89991118442
89807336442
89157861200
89067571200
89036771200
89179314856
89011189442
89178066442
89807286442
89036336142
89169646142
89807621200
89166998442
89037886442
89177910356
89168012200
89158830356
89809062356
89991160356
89991179442
89038513356
89196779442
89196579442
89157181200
89157081200
89056548442
89056339356
89199972356
89177040571
89159714992
89011197571
89058328200
89808824992
89107366771
89039526771
89036936771
89176535571
89069309356
89167446771
89159654992
89057886771
89199164992
89179956771
89167552356
89251178200
89039049356
89106322142
89066042356
89179922142
89166087571
89179465571
89771196642
89991160571
89108267571
89771118642
89156813442
89109318642
89056783942
89196085642
89059116642
89176340442
89106328642
89198258642
89176976642
89068370442
89166208642
89178419642
89291178642
89068512856
89169122856
89108613942
89037757771
89107141442
89199213942
89166048642
89168518942
89166684442
89808874442
89107282442
89157329571
89177761771
89991182442
89099663856
89107874442
89096003856
89067403856
89011180771
89108906992
89096258942
89167992442
89198897856
89156609571
89168145771
89196254442
89109280771
89099610771
89107480771
89109599571
89057110771
89107780771
89177210771
89199556992
89158319571
89057049571
89108488942
89808893856
89166449571
89177765771
89199960771
89167965771
89261167856
89038622442
89198732442
89177347856
89171111771
89197741771
89197593856
89159148942
89107953771
89039472771
89109453771
89196883771
89097018856
89991182771
89177005142
89109991856
89068090942
89177790942
89196526856
89176058856
89067309992
89196509992
89179498856
89807888142
89157225142
89166119992
89176388142
89108942771
89807193771
89198659992
89067468856
89066823771
89199911856
89176888856
89067941856
89168596942
89198033771
89991162642
89991173571
89807608992
89106494571
89807635856
89196263571
89056990992
89069463571
89178303571
89196166942
89179344571
89291176942
89166135856
89069017992
89177290142
89806522642
89198324571
89157264571
89261160142
89108880992
89107864571
89196178992
89158212642
89167388992
89198347992
89058741642
89011185942
89196893571
89159841642
89158597142
89059039942
89108829942
89037184642
89156797142
89991182571
89099795942
89806937142
89056217142
89176527942
89038451571
89198391571
89991174642
89158937142
89168855942
89179945942
89158192571
89158877142
89108347142
89057239142
89196499142
89109680642
89807649142
89179843642
89108469142
89177781571
89108473120
89099573120
89107385450
89107683120
89168427656
89057215450
89169855450
89169706550
89069217656
89198997656
89179417656
89167308756
89991164213
89261165450
89108722020
89179413120
89106179813
89069167656
89169994120
89808340813
89108818342
89176048756
89069361920
89056229213
89179274020
89109783020
89099694342
89166374020
89251166342
89099571920
89056170813
89158306342
89198115213
89157476342
89166136342
89036758342
89199598342
89197335213
89669889213
89657937450
89637365213
89696359213
89688543020
89667103020
89637044020
89651111920
89667801920
89866021920
89627994020
89628101920
89666773213
89668803213
89697976213
89676497213
89659476213
89686106213
89858673213
89869216213
89868351342
89659954920
89649545342
89667277213
89687376213
89666280213
89866192920
89581198550
89656847213
89868010213
89628102920
89658367213
89697833213
89839102920
89857479756
89658883342
89688986120
89837748550
89361196120
89699616120
89676692213
89698136450
89857891213
89659826120
89669169450
89836676120
89856492213
89867666450
89838692213
89866977342
89857254813
89856108450
89639700342
89868832213
89869222213
89857857342
89686715020
89696895020
89867939342
89687835550
89857352120
89678938213
89868097550
89688680550
89658749342
89687388213
89676288213
89687288213
89868799342
89869046756
89857319342
89866932120
89867702342
89687842120
89687467550
89687118656
89859413450
89866088213
89857333450
89866623450
89581162813
89677694756
89839218656
89866234756
89689376656
89639746656
89581117756
89667787756
89638978656
89638521450
89656959656
89858289656
89689088656
89658865656
89866110450
89637107813
89626553813
89629583813
89689505756
89657037020
89697397813
89648817813
89837528920
89627744450
89638398920
89637209550
89657409550
89858027020
89639287020
89676337813
89868635756
89639288920
89867837813
89858319550
89688981756
89666343813
89867642450
89676667813
89688557813
89859659550
89866867813
89869862756
89858196020
89866328120
89859063756
89669936020
89837806813
89867351813
89679938813
89649665120
89859278120
89679678813
89676348813
89667580020
89581188813
89649840120
89868778813
89839021813
89857488813
89669030120
89686330120
89678963550
89868141813
89581174550
89629891656
89858444550
89638156920
89666586920
89866676920
89856899020
89868831656
89836964550
89869379020
89581180120
89666507920
89648195920
89637685920
89677504656
89859368020
89689861550
89638914656
89687707120
89687703656
89698344656
89678014656
89859082550
89698609120
89686555920
89869794656
89627503656
89628934656
89867874656
89858175920
89866992550
89657554656
89687380656
89868069920
89856277920
89836999120
89656289120
89647942550
89839287120
89857209920
89661111550
89677479920
89648189120
89581169120
89679249120
89866987920
89866112550
89658354150
89859579920
89859379920
89851111550
89656416556
89679285471
89361185471
89866083150
89666797671
89688436556
89858883150
89858334220
89868504150
89668924220
89581181150
89666412013
89581119820
89866922013
89867847671
89627448750
89868067671
89839718350
89656371913
89669434350
89638971913
89581183013
89699755220
89687206350
89656693013
89646025220
89676115220
89636576350
89869926350
89581177471
89696178350
89859389220
89869009220
89697878350
89686041913
89698324013
89677295350
89698153220
89686184913
89857867471
89647440220
89859334013
89628804913
89647471350
89361191350
89857561350
89869985350
89581174913
89678935350
89677545350
89657598556
89581176220
89837692913
89639742913
89868469750
89696588556
89857031350
89866252913
89868302913
89859012913
89361181350
89666239471
89628648556
89627484820
89649294820
89649116471
89659927350
89636091220
89839027350
89859606150
89869436471
89838708471
89868326150
89857636150
89628546471
89699312220
89859338471
89866524820
89839189471
89867156471
89581187350
89627366150
89581179471
89677967350
89647081220
89637453471
89669053471
89859293350
89837222220
89697250556
89856448471
89636695013
89638328220
89868083471
89628927556
89647726750
89646790556
89857373471
89867975013
89361176750
89639425013
89866945013
89628370556
89678456750
89581177556
89658512350
89859377556
89696547556
89658588220
89649760556
89658168220
89668384750
89689096671
89699242150
89857068220
89639404750
89627482820
89688574750
89867127750
89361190471
89639508671
89637417750
89638877750
89838915671
89647656671
89666659671
89856412820
89838419671
89839510471
89858230471
89666139556
89657739556
89676133913
89677307820
89666807820
89839947750
89869067750
89869140750
89866474471
89859905750
89039469213
89179269213
89168998342
89801111920
89057110813
89099764342
89157603020
89197319213
89068888342
89179188342
89196600813
89056548342
89108481920
89109741920
89109585342
89178750213
89066175342
89808589756
89197534920
89157966213
89097277213
89036819756
89168564920
89156686213
89157631342
89167849756
89157722920
89198468550
89167222920
89176079756
89097181342
89198157213
89166948550
89109196450
89159083342
89037473342
89179827342
89807617342
89107028450
89197928450
89156106450
89197106450
89056116120
89291169450
89771178450
89036820342
89166398450
89196226120
89099410342
89058654813
89178554813
89106580342
89108849450
89168452213
89807401213
89099011213
89107947342
89159222213
89011173450
89011162120
89066193342
89167657342
89197781213
89156748450
89168967342
89177518213
89198767342
89057483450
89178729342
89178462342
89157683450
89108885550
89106040550
89251163450
89291163450
89771197550
89158552120
89198035020
89198475020
89179715020
89108206756
89159663450
89056445550
89168609342
89196165020
89107652342
89106456756
89039500550
89109068213
89056579342
89036157550
89807604756
89097862813
89261161450
89011166656
89156616656
89036451450
89196528656
89168806656
89159892813
89011187756
89108338656
89107309656
89198198656
89809979656
89097959656
89156002813
89261168656
89808484450
89156488656
89157711450
89197488656
89807862450
89808907813
89097257756
89197443920
89108541450
89067961756
89176353813
89197897020
89169717020
89106450756
89108271756
89059391756
89177394450
89097903813
89808369550
89057703813
89197555756
89109625756
89166845756
89066989550
89096838920
89159889550
89056131756
89159921756
89176412450
89199002450
89156330756
89059122450
89156147813
89159122450
89107113813
89066448920
89991183756
89058430020
89157872756
89167975120
89159363756
89107471813
89038971813
89096795120
89038976020
89159028813
89099366813
89106690920
89176926813
89179492756
89291192756
89011186813
89056270920
89096258813
89197670920
89179508813
89196692756
89809288120
89291165120
89057720020
89107252756
89106210920
89176238120
89178031813
89179412756
89261188813
89098448120
89109268120
89168058120
89168168120
89291183550
89109296920
89098681813
89291195813
89158361656
89178995813
89106605813
89196805813
89059534550
89199175813
89807399020
89066409020
89157826920
89291198020
89166310120
89166470120
89178699020
89166746920
89807322656
89198781020
89168038020
89069631020
89291111656
89011183656
89098021656
89176069020
89159611656
89107701656
89106949020
89251172550
89159353656
89199283656
89177253656
89099691550
89168827920
89167163656
89178973656
89178715920
89059775920
89159945920
89169170656
89096925920
89106077120
89166489920
89177970656
89991117920
89251199120
89291189920
89106587120
89168689920
89156087120
89251169120
89057465920
89037321550
89108649920
89169559920
89169979920
89198779920
89167969120
89158569120
89261193656
89056357920
89109881550
89178813656
89169093656
89157523656
89991181550
89251184220
89109284220
89991184150
89291183150
89107483150
89806772013
89159174150
89179064150
89991192013
89068791150
89058536556
89179491150
89099244220
89068444220
89157535471
89771165471
89157354220
89068356556
89099009820
89198577671
89108919820
89179232013
89036249820
89196243150
89809907471
89108212013
89991188750
89011116350
89058267671
89067063013
89108163013
89158573013
89168729220
89198484013
89059485220
89176995220
89177485220
89806070820
89069327471
89068605220
89058814350
89291166350
89037806350
89107444350
89197093013
89169025220
89109498350
89059146350
89039799220
89177399220
89177854350
89168278350
89176731913
89169594013
89156444013
89038101913
89771195350
89066807220
89167794013
89991196220
89261185350
89809875350
89107161350
89199795350
89291194913
89176214913
89177215350
89168236220
89159890220
89169070220
89166370220
89179817220
89037709750
89178989750
89197389750
89156458556
89806088556
89056731350
89156837220
89177610220
89168159750
89156687220
89197237220
89109160220
89169942913
89176700220
89099267220
89037813220
89176423220
89011116471
89058281350
89066760220
89157881350
89056318471
89158884820
89991118471
89771116150
89107474820
89991196150
89178563350
89197366471
89096070350
89806887350
89039289471
89096998471
89179946471
89098910350
89199037350
89157752220
89096702220
89807748471
89991168471
89011118220
89808383471
89291172350
89109548471
89806175013
89168996750
89179857350
89176023350
89157939350
89251175013
89108715013
89806566750
89196028220
89197297556
89196258220
89099570556
89167498220
89098235556
89057199350
89067519350
89196525556
89198998220
89178419350
89107137556
89991180556
89166442150
89179193471
89808195671
89179123471
89097216671
89157407750
89158361471
89261173913
89176461471
89261163913
89069034750
89197163913
89291192820
89107615671
89108866671
89156506671
89199336671
89096370471
89178709671
89159680471
89106349671
89109160471
89106622820
89158541471
89108153820
89261171750
89157383820
89166018913
89099351750
89037628913
89098905750
89666177013
89669037013
89679709556
89679935750
89868175750
89639547013
89666131750
89868635750
89659168913
89678660750
89688143820
89686343820
89839137820
89638013820
89676208150
89698240013
89676096820
89676618820
89866941750
89867133820
89629953750
89857030013
89867296820
89867330013
89866473750
89627428820
89646536013
89677556013
89859335150
89667278150
89868775150
89868115150
89868636820
89856326820
89857176820
89699010913
89696380913
89696086820
89867236013
89656700913
89856960013
89836856820
89636093750
89647193750
89858722750
89856758150
89627804556
89676791671
89696534556
89679063556
89628241013
89869482671
89858561671
89628074556
89361191013
89857271671
89839371671
89857563556
89866166913
89856503556
89656464556
89677702671
89839210150
89686743556
89858086913
89869039013
89856152671
89626289013
89857550150
89687419150
89859801671
89869461013
89636640671
89838201671
89859441671
89629350671
89698544671
89696455913
89869985913
89857527913
89658092556
89679035913
89667809150
89867629150
89866129150
89669217913
89686919913
89697643671
89679579150
89628931556
89868964671
89581189150
89646133671
89859965913
89581111556
89626147913
89666704177
89869293671
89866769150
89636474177
89636227632
89659504177
89639275412
89646205412
89677074177
89869218737
89859684177
89677636522
89648571168
89647145412
89839055412
89639589868
89859276522
89639124177
89668353168
89647465412
89697687632
89659265412
89669019868
89869024177
89677468737
89837986522
89868081168
89868319868
89688779868
89699874068
89647316301
89866384068
89869863068
89839595177
89627964068
89629174301
89639404068
89696970868
89627666301
89676320868
89678837412
89686999177
89626109177
89696523068
89869764301
89868964301
89697014068
89649314068
89636434068
89678948301
89839159177
89857421948
89648983177
89636048301
89646307177
89856888301
89868323068
89658753177
89667834948
89637405301
89856318522
89867553177
89866085301
89581191301
89866473177
89867371301
89647117177
89647435301
89658017177
89867374948
89638020177
89668524948
89867492948
89687287177
89668086177
89679464948
89649930177
89857324948
89866077177
89836789737
89581165301
89857521301
89858456177
89666433177
89676957177
89687983301
89837860177
89859193177
89647174868
89859162177
89868653301
89666716168
89856996168
89667244868
89656609412
89676898412
89638624868
89689952177
89697166168
89638919412
89839126168
89866809412
89667366168
89666466168
89669679412
89628349412
89628668412
89868843301
89656005068
89666762168
89647862168
89698055522
89626263412
89689570522
89837763412
89698325522
89868255522
89866155522
89628876737
89667856737
89649242301
89669760522
89581179301
89839542301
89838942301
89856022168
89647340412
89858183948
89648034737
89638963948
89656805632
89866384737
89867072868
89858329632
89686155632
89839295632
89699706632
89859361412
89836895632
89581163948
89856194737
89856155632
89687286632
89659059632
89856069632
89667778632
89636201412
89697132868
89866602868
89868487737
89628688632
89647483868
89699718948
89837267737
89868911412
89627833948
89668594412
89656873868
89638785737
89581118948
89657674412
89648074412
89857418948
89689708948
89646169522
89676352412
89859317868
89628554412
89697780737
89656730737
89647765737
89636559522
89866552412
89638723868
89628121737
89639950948
89658440068
89659372737
89868779522
89867267868
89856423868
89581172737
89696295168
89361196068
89868940068
89866862737
89666570948
89867516068
89838763737
89628326868
89868945168
89677250068
89859970068
89651111868
89687680068
89836502737
89668933737
89639508068
89859788868
89858760948
89837893737
89859193737
89668451068
89638382632
89866430168
89626872632
89856553522
89699226948
89679315868
89668171068
89669825868
89838751632
89856515868
89581198068
89667881068
89696679068
89659088068
89689142632
89836668068
89626819168
89361195948
89858729948
89869285948
89679817948
89679744632
89857951522
89836094632
89629359168
89867444632
89869755948
89679119948
89626147168
89669343632
89647247948
89678822522
89676800632
89656560632
89697449168
89658029837
89677096477
89868189168
89581167948
89629554077
89689628732
89656927612
89868904190
89581172058
89677497612
89647309837
89867904077
89867664077
89658259837
89868871077
89866858732
89859421077
89581199837
89646113077
89697457612
89677514077
89857643077
89626502058
89868702058
89011177820
89036890750
89159471750
89198090750
89991175750
89109508913
89199775750
89156408913
89251169556
89199925750
89166970750
89108877820
89107980750
89197057013
89106899556
89806679556
89179580750
89991165750
89197087820
89806483750
89179888913
89177879556
89991111750
89068181750
89198818820
89178340013
89158053750
89159430013
89109696013
89809035150
89169761820
89177416820
89178896013
89166891820
89196882750
89166835150
89107003750
89179575150
89167845150
89771180913
89037092750
89169808820
89198170913
89057570913
89098610013
89196820913
89196858820
89771188150
89096256820
89771160913
89107310913
89098080913
89068765150
89039830913
89067142750
89197450013
89106243750
89069222750
89771185820
89178893750
89167584556
89771191671
89168053556
89197104556
89198773556
89179104556
89198273556
89067951671
89069191671
89178263556
89168905820
89159063556
89168891671
89069863556
89098706913
89179615820
89107575820
89771181013
89106818013
89156090150
89196925820
89199376913
89807401013
89107970150
89036956913
89109411013
89108788013
89107688013
89177512671
89058579013
89166121671
89101111671
89177068013
89809782556
89159693556
89808614671
89109782556
89036514671
89169385913
89196261556
89069694671
89066834671
89168929150
89036767150
89771177913
89771180671
89067720671
89159820671
89156459150
89196177913
89806811556
89099087150
89196577913
89097931556
89251189150
89806381556
89037622556
89808384177
89036060671
89099859913
89039947913
89157832556
89158233671
89771166522
89196084168
89771171168
89197651168
89169675412
89096425412
89037676522
89097589868
89036977632
89066346522
89771188737
89168086522
89097019868
89156703168
89251168737
89159988737
89037634168
89156879868
89159944168
89771171948
89038324168
89098882068
89169363068
89198984068
89808266301
89166663068
89176604301
89037085177
89106827412
89099583068
89168974301
89057614301
89059464068
89771197412
89991190868
89036017412
89771186301
89199317412
89068398301
89097209177
89038554301
89156998301
89197646301
89251165177
89069113068
89176830868
89991178301
89991165177
89807884948
89199988301
89108367412
89106614068
89108348301
89057201948
89056794068
89108253177
89096427177
89176595301
89991161301
89198091301
89169605301
89056390177
89039928522
89159855301
89066376177
89771186177
89168235301
89199520177
89168589737
89067320177
89178938522
89169956177
89159937177
89159152948
89809048522
89808201301
89056112948
89037330177
89198365301
89108800177
89177322948
89011118412
89177057177
89196493177
89196067177
89199393177
89291184868
89169482177
89771192177
89156506168
89158194868
89059463301
89107056168
89166506412
89198736412
89039226412
89038708412
89108508412
89167992177
89157289412
89106124868
89179737301
89157852177
89068778412
89039700301
89198311177
89067285068
89251196737
89251172301
89067162301
89068472301
89178362301
89196696737
89057805522
89011177522
89106206737
89099897522
89169270522
89168908177
89157015522
89251189301
89039698177
89179025522
89807542301
89097146737
89167020522
89167352301
89199419301
89261186737
89167652301
89176212301
89198759301
89168712168
89166459301
89169842301
89159068177
89011118632
89099713412
89771118632
89158547522
89069882168
89108993412
89106513412
89167333412
89011194737
89771163948
89178907737
89178972868
89067582868
89179204737
89157204737
89159227737
89291194737
89038963948
89808177737
89159690412
89196344737
89097492868
89107135632
89166108632
89198477737
89157698632
89059710412
89806600412
89068388632
89099622868
89166878632
89196722868
89771197068
89197001412
89176981412
89037418948
89197753868
89178439522
89167307868
89196197068
89197317068
89199427868
89291194412
89056251737
89199251737
89809038948
89158127068
89037045737
89066317868
89158035737
89176058948
89199977868
89991177868
89991164412
89108059522
89099212412
89167512412
89109288948
89158611737
89158378948
89037713868
89176813868
89166141737
89098785168
89097930068
89808075168
89169572737
89178540068
89096896068
89059686068
89068176068
89197603737
89066376068
89068203737
89199390948
89179726868
89178276868
89056455168
89167065168
89169431868
89196721868
89197142737
89291180068
89771196948
89159711868
89057880068
89066593737
89039533737
89068296948
89107530168
89106785868
89108004522
89197253522
89291175868
89011192632
89098751632
89159571632
89109125868
89039676948
89167978068
89156290168
89057600168
89808448068
89166381068
89261188068
89097088068
89056565868
89036601068
89199722632
89157501068
89097533522
89069881632
89059641632
89056333522
89178084632
89196819168
89158183632
89261195948
89037217168
89108974632
89199873632
89806399948
89107177948
89991177948
89169689948
89199124632
89011179948
89057687168
89069319948
89168187168
89157159948
89058369168
89199011522
89157732522
89011118732
89107513632
89179841522
89158067948
89067529837
89068339837
89167429837
89169439837
89261162058
89156085377
89179604190
89011176477
89058451077
89179172058
89159164077
89178764077
89168066477
89158206477
89107846477
89108135377
89058645377
89108309837
89169771077
89771187612
89068038732
89168769837
89177456477
89099703077
89056812058
89179249837
89167749837
89991187612
89097888732
89176088732
89179333077
89157712058
89039702058
89636154058
89867139190
89868207377
89688366277
89647925190
89856574277
89836104058
89867375190
89859398277
89637633058
89857519190
89856938277
89857046277
89868456277
89867137377
89687341958
89639194058
89628067377
89657285277
89667884958
89867733058
89836541958
89858048277
89867324058
89868353190
89859384958
89698106190
89657090190
89698506190
89627528477
89668845277
89581169732
89636421277
89628938477
89666600190
89869577190
89649813190
89859456190
89858430190
89636441277
89667767190
89638984837
89837247190
89867022958
89657127277
89689963277
89839467190
89857462190
89646236377
89696408377
89868696077
89866973277
89858886077
89361190277
89867794837
89868106077
89637146377
89866206377
89581170277
89629798377
89658331190
89658630277
89837189377
89687500277
89869310277
89836464837
89627702190
89636093277
89647393277
89361167277
89678283377
89859522190
89361183377
89638572277
89857001190
89866693277
89667682277
89837857277
89678226732
89657745058
89868662077
89867827477
89859828190
89866355477
89689689277
89679838190
89867592277
89679159277
89856320477
89656843377
89626259277
89626068190
89867743377
89697096612
89626533377
89639982837
89647029612
89869357477
89581184732
89698594732
89361174732
89647228612
89678134732
89636028612
89698608612
89866805612
89867475612
89696646612
89698710377
89636699612
89639221377
89658730377
89687447732
89676760377
89658241377
89666923958
89866565612
89857049612
89656581377
89659005732
89857483837
89857104377
89698037058
89668675732
89869894377
89361177058
89637098958
89837314377
89866725732
89658759477
89857480732
89867638958
89688760732
89641111732
89697979477
89856199477
89697423837
89638448958
89627047837
89677140058
89646883732
89867688958
89837848958
89869993837
89859953732
89869340058
89581173732
89656115077
89698806837
89867475077
89867415077
89689826058
89637470958
89668798837
89686552732
89678221837
89699578837
89868731837
89869220058
89626180058
89628666058
89657393732
89688768077
89866366058
89867488837
89648462612
89627283477
89688763477
89688151612
89836983477
89686406958
89836782612
89859473477
89868791612
89866351612
89627003477
89669170077
89646838058
89639924477
89581118058
89658038058
89699480077
89866678058
89868400077
89626964477
89857012612
89856031058
89631111612
89659972477
89676683612
89866022612
89869561058
89858558058
89637503612
89867627958
89668425958
89666709958
89639999077
89837790612
89856627077
89659080612
89361199958
89656102477
89868739077
89361179077
89629287958
89647769077
89869680612
89857402477
89866359958
89649796490
89869822477
89836167958
89867113612
89869018677
89657114248
89657276490
89689226490
89676526490
89867674090
89637576490
89636535390
89656321090
89657909777
89628945390
89656812048
89858731090
89627931090
89859965390
89678504368
89866144090
89687974368
89689940777
89859984368
89868463048
89627844368
89858844368
89656586368
89658943048
89856519248
89837419248
89859747390
89637118490
89856348368
89866307248
89698125368
89858426248
89869369677
89856698490
89859224968
89656543248
89866052968
89869919677
89868499677
89858464968
89628387248
89867712968
89696784777
89867643248
89857179677
89868560248
89646516390
89638118390
89679640368
89858301368
89581184777
89659316390
89678491248
89686628390
89646003368
89869904777
89668926390
89636608390
89676697368
89867294777
89857314777
89637286390
89627424777
89627554777
89636168390
89648042248
89659168390
89856564777
89639781248
89658013368
89869987368
89869630368
89838102248
89646739368
89868048390
89867657368
89361173390
89836716677
89869415048
89867975048
89361176677
89648435490
89866115048
89679510490
89867045048
89627858248
89646252368
89867838248
89859298248
89698388248
89659712090
89839699368
89857252368
89626268248
89686857490
89859759368
89837565490
89668007677
89637362777
89866043390
89626202090
89678940390
89839342090
89858107677
89839007677
89668755601
89668790390
89857450390
89698745601
89669489601
89649169601
89658302777
89697456601
89771191958
89106007377
89157473058
89991196277
89011190837
89109261958
89168204277
89991174058
89809370837
89807225190
89107790837
89806125190
89068604058
89159193058
89198945190
89197593058
89159176277
89067676277
89177698277
89159217377
89176376277
89169369190
89167424277
89771168277
89157924277
89261178277
89107487377
89197910837
89991119190
89107843058
89109611958
89011118477
89037660837
89179444058
89158241958
89196241958
89178134058
89991194058
89771194958
89166218477
89198107190
89198429732
89108561277
89156573190
89011176190
89098144958
89058366190
89167526190
89156890190
89196790190
89806080190
89176635277
89068669732
89166289732
89098999732
89176431277
89069037190
89109119732
89058521277
89991119732
89771172190
89199865277
89057057190
89771173277
89056579732
89167741277
89169348477
89067767190
89166857190
89251184837
89251173277
89808828377
89771191190
89167627277
89196491190
89177540277
89251166377
89057574837
89157771190
89037856077
89167926377
89167176077
89099908377
89809686377
89176392190
89806466077
89106189377
89807149377
89159909377
89156046377
89157120277
89109910277
89167999377
89159712190
89291160277
89109300277
89179549377
89157532190
89166579377
89197281190
89177801190
89058148377
89291162077
89261173377
89011166732
89109318190
89057805058
89108627477
89159362077
89991182277
89158973377
89178275058
89771192277
89806508190
89166003377
89109092277
89057576732
89168008190
89179245477
89167776732
89158720477
89198525058
89057365058
89109886732
89058452277
89156899277
89197565477
89106500477
89038168190
89109847477
89108043377
89169049277
89261167477
89068768190
89059332277
89098082077
89011116612
89109942077
89039784732
89806608612
89177904732
89176861377
89991116612
89156191377
89058392837
89169976612
89808156612
89098789612
89108069612
89106280377
89168338612
89197164732
89807847732
89068412837
89166437732
89179342837
89168402837
89991187732
89177400377
89176360377
89099723958
89109948612
89109441377
89179729477
89109229477
89098018958
89037462377
89097734377
89166750732
89198605732
89177794377
89109114377
89037067058
89199028958
89158267058
89059477058
89011165732
89037624377
89806847837
89037937837
89106531732
89106464377
89169552377
89107979477
89101111732
89771162732
89167032377
89196713837
89166841732
89096418837
89106018837
89199282732
89291163732
89011170058
89177663732
89198166837
89156756058
89038456058
89157008837
89178326837
89108598837
89039676837
89167470958
89179118077
89991170058
89197810958
89068452732
89059656837
89177712732
89157580958
89157030958
89108760958
89056968837
89991111837
89038468077
89039130077
89109830077
89166472612
89156453477
89108751058
89199861612
89179151058
89099171612
89177334477
89107344477
89168129058
89198826958
89291192612
89991192612
89261178058
89991190077
89168221058
89106920077
89098065837
89069221612
89069201058
89159831058
89098122612
89179148058
89168113477
89107253612
89159562477
89157572477
89771190612
89036967077
89107967077
89251197958
89039675958
89109920612
89178399077
89156087077
89038587958
89068779077
89097200612
89166021477
89011118677
89069343612
89198243612
89157569077
89107707601
89771185390
89196149077
89159833612
89158984090
89196857958
89291162048
89291183090
89066385390
89168754090
89198714248
89991172048
89037304090
89176652048
89177628677
89196472048
89166291090
89196915390
89157646490
89106437601
89166487601
89291161090
89106033090
89198544090
89198533090
89106642048
89166357601
89168144090
89291173048
89011175248
89807464048
89197985248
89169054048
89067650777
89109683048
89179851968
89771117390
89067771968
89098593048
89039208368
89169054368
89178520777
89067677390
89801111968
89107564368
89156510777
89167437390
89991119248
89098043048
89177587390
89991178368
89991179248
89291167390
89106860777
89198324048
89099807248
89771163248
89168457390
89178495368
89038705368
89261175368
89807570248
89107003248
89198806248
89199066248
89176014968
89168763248
89099090248
89177170248
89199176248
89157966248
89168397248
89036398490
89096624968
89109724968
89771168490
89107359677
89166202968
89037679677
89107393248
89198593248
89168913248
89198339390
89166418390
89167183368
89169607368
89066373368
89068571248
89108471248
89068191248
89771116090
89806409390
89056490368
89168606390
89166590368
89036508390
89198466390
89167897368
89168036390
89807587368
89096509390
89199470368
89157846390
89178238390
89158046390
89107478390
89036580368
89807679390
89096478390
89036059390
89166756390
89166059390
89068012248
89056212248
89251188390
89056900368
89056647368
89067132248
89158160368
89109267368
89771195490
89156467368
89199423368
89176581248
89196423368
89156867368
89809872090
89198962368
89991118248
89291163390
89809236677
89178395048
89178075048
89198355490
89168203390
89109208248
89106097490
89097825490
89808037490
89106177490
89166458248
89038980490
89166020490
89108649368
89106722368
89107142368
89198459368
89179179368
89179930490
89806329601
89809218601
89098868248
89098523390
89036333390
89099782090
89156402090
89159242090
89168882090
89067440390
89991195601
89038963968
89097728601
89178414677
89179114677
89167671390
89156528601
89108606601
89168935601
89291189601
89158154677
89166354677
89099080390
89179952777
89991119601
89638632777
89698432777
89361179601
89839659601
89867130390
89866948601
89688540677
89868548601
89837583777
89869939490
89361174390
89676077048
89867074390
89687638968
89678247048
89868544390
89699487048
89856297777
89867158968
89867245677
89628624390
89647430677
89659542390
89697959490
89859154390
89659122390
89669633777
89868521677
89669408777
89657236777
89581195090
89648098090
89858015090
89837763677
89361192677
89637198777
89628398777
89657921777
89839278090
89866838777
89628620048
89678643677
89868031777
89676541777
89856743677
89859832677
89629958090
89648714490
89639791601
89856141777
89866968090
89689829048
89646151601
89687871601
89859994490
89649109048
89837729048
89627976968
89648790090
89688870090
89857644490
89869498048
89838436968
89838415777
89676111048
89698960090
89868024490
89678901048
89697601048
89859156968
89637749048
89686493490
89628469048
89687007968
89856948048
89629168048
89866081601
89628129968
89581173601
89666374601
89867640601
89639837090
89629971490
89649389968
89867034601
89648870601
89869037090
89581117968
89677412490
89868499090
89656079090
89867547090
89858287090
89667369090
89667700601
89858580601
89867319968
89628949968
89686533601
89647163158
89648404258
89658683158
89857263158
89629095401
89656075401
89867404258
89856105401
89659269790
89657353158
89856875401
89866244258
89858236501
89858345401
89649488701
89637659790
89658121977
89856353158
89868999790
89629456501
89667579790
89869019790
89648194158
89679757590
89866365401
89868023158
89666250790
89668350790
89839934158
89859048701
89657334290
89867053977
89657736290
89866050790
89656208290
89649226290
89658376290
89667925258
89867736290
89856203977
89686577401
89676554290
89676120790
89869225258
89696859258
89868824290
89869837401
89869224290
89689660790
89628912977
89678101877
89658796258
89686039701
89658129701
89656885290
89699105290
89647163258
89858539701
89866353258
89667366258
89868673258
89629034877
89629814877
89646775290
89667892877
89868914877
89867315290
89678237258
89866254877
89857619701
89696101290
89839012877
89867019701
89868502877
89669667258
89689857258
89839549701
89869765290
89646467258
89698772258
89868257258
89859262258
89629173290
89698363290
89837118401
89629127290
89649344790
89676408401
89837527290
89866594790
89858290290
89868256158
89867256158
89627692258
89657252258
89676324790
89866308401
89856176401
89658030290
89659912258
89866389401
89668959401
89869419401
89637922258
89678813290
89866764790
89837312258
89627532258
89667681258
89679248401
89361193290
89639162290
89679695501
89839548401
89868616701
89857805501
89627794977
89639358258
89667920501
89858090501
89657632158
89649464977
89869398258
89859224977
89867620501
89668700501
89698243401
89867012290
89649196590
89868479290
89857147501
89668040401
89866618590
89866362790
89628627701
89658055590
89668044701
89678375590
89858204701
89679245590
89866571401
89867328590
89668949590
89676478590
89696188590
89869812790
89837380401
89857721401
89678667701
89668313877
89678313877
89859630401
89867921401
89629033877
89678361701
89836167701
89868893877
89858667701
89657091701
89697074401
89656414401
89628185701
89658763790
89838105701
89686709501
89868666977
89678199501
89688931701
89581119501
89581178877
89658132401
89856165701
89856137790
89361111701
89866600701
89686208158
89866181701
89868541701
89869157790
89696975158
89647005977
89868250877
89698798158
89858975158
89698876790
89857875977
89581198790
89678780877
89698059977
89638712701
89689921790
89656693701
89869859977
89867342701
89867700877
89867011790
89867001790
89666314501
89657815790
89858304501
89869627977
89647145790
89869163501
89581166877
89581175790
89838503501
89867244501
89659646877
89867417977
89858597977
89581198977
89361180977
89638580977
89866238977
89867410977
89679301590
89837552590
89859602590
89581160977
89697850590
89859693501
89626282501
89647271501
89678875877
89856385877
89646177877
89698387158
89697957158
89647364590
89868135877
89868045877
89687221501
89686765877
89628365877
89669723590
89866065877
89859042501
89687884237
89696594237
89699428690
89667766512
89057100390
89991160390
89056741390
89166543968
89167281390
89158541390
89196433968
89068804390
89167562390
89198084390
89176984390
89168084390
89808203777
89169395677
89177773777
89196874390
89198271677
89158374390
89157355677
89991175677
89106177048
89039025677
89198458968
89156577048
89167189490
89199277777
89291187048
89771188968
89037731677
89157087048
89157764390
89101111677
89156532390
89199749490
89169911677
89109301677
89109623777
89291173677
89096805090
89156785090
89011116048
89107028090
89066491777
89771116048
89197096048
89178450968
89158461777
89037695090
89056315090
89167971777
89807490048
89157656048
89199746048
89159326048
89158526048
89067070048
89198755090
89056952677
89199438090
89166656777
89159120048
89037842677
89159102677
89037268777
89197500968
89059693677
89058943677
89099401777
89158419048
89159284490
89166585777
89158695777
89251194490
89176028048
89178729048
89159129048
89176809048
89991176968
89099035777
89197376968
89011160090
89107921048
89106421048
89037839048
89066778048
89177378048
89066131601
89196612601
89157850090
89261111601
89057722601
89158901048
89261193490
89096932601
89097981601
89261183601
89771174601
89099695968
89991185968
89059691490
89109614601
89157917090
89166414601
89166074601
89098214601
89176571490
89179790601
89197515968
89198737090
89157190601
89261170601
89198575968
89177075968
89011165968
89106709968
89199199090
89178024601
89097899968
89157831490
89198064601
89106511490
89179993601
89167241490
89291184158
89011164158
89166284158
89156429790
89096174158
89106164158
89096251977
89197205401
89808277590
89107664158
89168134258
89109036501
89057036501
89167875401
89167393158
89011119790
89106309790
89178531977
89991178701
89056865401
89178043158
89011184290
89099423158
89199901158
89177034158
89177514158
89059962977
89176784290
89261194290
89068414290
89069251877
89177734290
89011198290
89771189258
89038975258
89168890790
89067946290
89169870790
89177776290
89168770790
89069824290
89157438290
89169731877
89107756290
89809579258
89098178290
89159349258
89168302977
89108822977
89167388290
89808783258
89196643977
89161111877
89168747401
89991188290
89057272877
89038248290
89179733977
89807605290
89058796258
89179696258
89011166258
89066004877
89199795290
89107934877
89056474877
89067463258
89106725290
89037997258
89067145290
89108545290
89178008501
89039770258
89291186258
89107842877
89039742877
89167380258
89166959701
89036559701
89167249701
89168000258
89037481290
89066848501
89196211290
89991167258
89291183290
89108584790
89156833258
89176581290
89806651258
89158096401
89807226401
89177161258
89167694790
89197251258
89176444790
89197226158
89251177290
89261169401
89107746401
89806642258
89169424790
89177654790
89991198401
89991186401
89198912258
89991119401
89991187290
89808407501
89158688401
89108341258
89068584977
89178418258
89057427501
89156705501
89176782290
89039463401
89109775501
89099025501
89158697501
89176435501
89177976701
89068777501
89177224977
89106252290
89096252290
89156237501
89179052290
89109949290
89169732290
89771173877
89177713401
89106907701
89109539590
89158682158
89168307701
89806166590
89808826590
89068727701
89176050401
89991174701
89097134701
89167328590
89179303877
89069817701
89176444701
89196797701
89097398590
89109486590
89169838590
89167509590
89108864701
89808932790
89058142790
89991178590
89011162401
89107247701
89109501401
89108081401
89196793877
89991193877
89106272401
89198967701
89179950701
89197961701
89096963790
89991194401
89991191701
89196515701
89168828877
89196771701
89108644401
89771198877
89168808877
89106192401
89039299501
89107737790
89097710701
89177599501
89168799501
89156102401
89156259501
89108368877
89108413790
89106623790
89106441701
89066072701
89106539977
89177483701
89809315158
89158940877
89097335158
89109075158
89056303701
89166563701
89167603701
89156298158
89169936790
89057620877
89159489977
89159745977
89178810877
89109865158
89036138158
89108131790
89156031790
89199452701
89067449977
89109388790
89178765977
89168912701
89291168158
89158332701
89156311790
89057518977
89099901790
89807740977
89156330158
89196418977
89109095790
89198304501
89198382590
89251194501
89011197977
89039428977
89177163501
89167571590
89196236877
89197426877
89067958977
89058254501
89069925790
89197090158
89176180977
89037612590
89106752590
89199552590
89809467977
89198665790
89166130977
89158912590
89177822590
89161111590
89167713501
89179468977
89057739877
89098841590
89771194590
89156307877
89098195877
89067240590
89067591501
89106394590
89099451501
89198891501
89157277158
89011165877
89098254590
89059947158
89771169158
89107899877
89107399877
89197252501
89011111501
89068721501
89198359877
89991165877
89291169158
89291189158
89098449877
89109979877
89178122501
89106295432
89198129848
89169229848
89011191101
89011171101
89809771101
89198614237
89991192037
89169614237
89197906512
89169115432
89097493101
89039045432
89199335432
89991193101
89637238690
89677354237
89637137622
89627521101
89629424237
89867709848
89689979848
89688179848
89687014101
89869068690
89696084037
89688394312
89658091890
89866563037
89859591890
89626066312
89689025237
89658935237
89678870848
89837614312
89689889237
89648546312
89867075237
89857215237
89678353037
89638031890
89859935237
89859045237
89838970848
89867109237
89678811890
89838353037
89858464312
89687148312
89839643037
89648496237
89686416237
89669939690
89657095312
89867814037
89629934037
89638016237
89867134037
89629285312
89697390237
89696928512
89869318512
89866685312
89839626237
89668737237
89859726237
89699310237
89866769690
89629837237
89628899690
89649960237
89837886237
89869010237
89361179690
89838630237
89837559690
89859578512
89646629432
89858060237
89867068512
89646027312
89676296101
89649772237
89837723237
89856781312
89657671237
89627873312
89677817312
89866914848
89866244848
89636552237
89646680312
89689959432
89856338432
89858552237
89677681237
89678757312
89658693312
89628579432
89677339312
89858723312
89659482312
89869613312
89686975512
89839273432
89689835512
89688670512
89638458237
89657632101
89856608237
89669432101
89836425037
89581180512
89649622101
89679122101
89647087512
89626265512
89628565512
89869588237
89581188237
89856413432
89869623432
89856323432
89666594690
89869707690
89626604690
89647644690
89867695622
89857916622
89689292848
89659338622
89636117690
89859075622
89658910432
89838258622
89636831432
89628120432
89698947690
89639878622
89647778622
89859699622
89647501432
89676188622
89628542848
89656953848
89686933890
89656518890
89638940690
89667840690
89868457690
89866657690
89581197037
89656734432
89867107848
89659908890
89869694432
89667917848
89648624432
89686077848
89869675690
89869058890
89867145690
89866809512
89647130690
89668330690
89688330690
89697659512
89689788890
89627078890
89667968890
89676322432
89868642432
89696696848
89858778890
89866688890
89866022432
89667495101
89688761848
89626083690
89856030037
89687256037
89656536848
89867016848
89699810037
89866195101
89626903690
89637156848
89647031848
89839708848
89699888848
89856465101
89698162622
89627793690
89867932690
89867093690
89581184512
89867330101
89637125848
89697524512
89629835848
89697942622
89837921037
89697389037
89361180101
89636001622
89627343512
89688497101
89669223512
89858289037
89856701037
89627048037
89838633512
89868141622
89627272512
89676163622
89658429101
89647217101
89837407890
89869562512
89866082512
89839129890
89869440622
89869117101
89868805890
89866671512
89859437101
89867324622
89866899101
89866280622
89686532512
89656232512
89677969101
89866357101
89867399890
89658123622
89646274112
89687727577
89697773112
89838957890
89868541512
89687451112
89647405422
89837133622
89628895422
89869474112
89857241112
89688698722
89638069801
89659609801
89699198722
89858636532
89647838722
89867576532
89859277577
89869325422
89869925422
89686261112
89638694112
89857179801
89856749801
89869465422
89836488722
89636784322
89867861112
89626257577
89647904322
89856324112
89699264032
89867839232
89687590801
89696771901
89639258322
89659817422
89869528322
89669489232
89856255232
89836128322
89869744322
89666286322
89699553032
89638237422
89867317422
89856217422
89657284901
89866149232
89836913032
89581188322
89696129722
89689895322
89687526232
89839704901
89626505322
89657777232
89636178532
89866838532
89686021322
89648665322
89657878532
89657467232
89649841322
89636507322
89857522901
89639581322
89581181322
89857211322
89858813232
89858407322
89679551232
89857184801
89859773322
89867791232
89668869422
89636809422
89867666422
89868876112
89649531232
89856597322
89868026112
89656649422
89866846422
89857554801
89837089422
89866577322
89858899422
89646367322
89858452232
89656557322
89858079422
89867172322
89868148422
89857196722
89839529322
89699992112
89627240532
89678615532
89658308232
89361197532
89656898232
89837735532
89868692322
89867097532
89679749322
89659002322
89659322112
89678648232
89859922112
89361182112
89646084722
89677684722
89646539577
89649682112
89866147532
89866813422
89629418577
89696240422
89581182801
89039554237
89157238690
89261181101
89058956512
89261187622
89197743101
89177003101
89168013101
89157213101
89809382037
89039644101
89168533101
89196512037
89058594101
89109402037
89106634101
89168244101
89156134101
89807519237
89058255237
89169915237
89039325237
89199508312
89109224312
89156224312
89179369237
89991198312
89291164312
89058180848
89068953037
89106380848
89108119237
89177231890
89038513037
89179921890
89011184890
89066811890
89169647432
89991168312
89261194037
89106001890
89109801890
89991194037
89037448312
89108124037
89156657432
89067704890
89809428512
89059204890
89098250237
89808875312
89807908512
89038634890
89196934890
89166955312
89106855312
89157015312
89169744890
89166025312
89107989690
89106889690
89106164890
89159469690
89058031312
89108331312
89159310237
89199802890
89197600237
89011196432
89096179690
89096811312
89096379690
89057948512
89169713237
89097639432
89198829432
89991184848
89179773312
89169344848
89807302237
89809049432
89166189432
89159386432
89169280312
89807688432
89068886432
89109537312
89199537312
89036300312
89157012237
89038460312
89166601237
89168557312
89196807512
89169796690
89197485037
89808275512
89107752101
89067872101
89038505512
89196782312
89159492101
89109726690
89807325037
89156615512
89196890512
89198663432
89169075512
89771198237
89011199312
89068875512
89771119312
89807049312
89159225037
89107422101
89166765037
89991186690
89199219312
89158332101
89059142312
89097187512
89196222101
89168400512
89159832312
89198543432
89179079312
89011116622
89068972848
89057829622
89261173890
89058950432
89107704690
89097329622
89178061432
89169750432
89179763890
89178540432
89106034690
89178794690
89168451432
89067555622
89771199622
89039645622
89109035622
89179776622
89156924690
89177446622
89059789622
89059186622
89098454690
89197200432
89059593890
89176301432
89198313890
89098697037
89169941432
89159384432
89168697037
89059581432
89098282432
89167439512
89197653848
89058795690
89056094432
89039194432
89169204432
89179673848
89158005690
89771170690
89179663848
89806354432
89066815690
89109567037
89109703848
89251197848
89107517848
89198227037
89261177848
89107077037
89199789512
89166777848
89196587037
89168157037
89169502432
89098488890
89167380690
89098947848
89109111690
89199887848
89066953690
89199141690
89179072690
89106362690
89057728848
89106315101
89156526848
89058776037
89106718101
89168808848
89166845101
89096190890
89057746037
89068846037
89168676848
89157200037
89261166037
89038166037
89807150037
89156820037
89197320037
89169452690
89109802690
89808993690
89108866037
89178593690
89198148101
89167848848
89108340101
89057781848
89068484512
89198348848
89991183512
89198996890
89261161622
89771174512
89198540101
89167885848
89251195848
89991173512
89991163512
89196503512
89167561622
89178251622
89011190101
89158566890
89179655848
89158998037
89099178037
89157192622
89197154512
89066045848
89039239037
89058600101
89167499037
89011169037
89036721622
89156521622
89251160101
89108632622
89107065848
89808493512
89809441622
89177131622
89176542622
89169302622
89108501037
89106322622
89808997101
89809815890
89198029890
89251191512
89097134622
89167327101
89039170622
89177009101
89097639101
89167947101
89159799890
89196421512
89291169101
89097411512
89107249890
89161111512
89196557890
89198641512
89196141512
89177062032
89198729801
89807844232
89197384112
89157795422
89158364112
89068514232
89809609801
89096976532
89109617577
89199176532
89159193112
89068421112
89196576532
89196546532
89156177577
89109787577
89198686532
89156056532
89159453112
89167368722
89166349801
89807473032
89011174032
89097742032
89058767577
89099634112
89169394112
89179594112
89176448722
89159114112
89251184032
89036673032
89069039232
89199884032
89197061901
89991118322
89059171901
89807945232
89107815232
89106205232
89197715232
89197466322
89991193032
89036798322
89771179232
89159554322
89167556322
89198337422
89168643032
89098844032
89771118532
89251172901
89199772901
89097839722
89038814901
89167950232
89157063232
89096916232
89167534901
89011189722
89991175322
89261170232
89806949722
89108538532
89107156232
89177820232
89807043232
89109978532
89176487232
89991187232
89196822901
89169021322
89107481322
89059111322
89066547232
89159039422
89806806422
89199186112
89157482232
89056761232
89059896112
89176640322
89166416422
89037191232
89159314801
89806417322
89011164801
89107576422
89991189422
89066810322
89106302232
89066037322
89806832232
89066030322
89098378422
89158130322
89177960322
89156633322
89167957322
89251183422
89069062322
89177596722
89109772322
89067995532
89198883422
89991118232
89068605532
89196175032
89167027532
89159216722
89261175532
89067226722
89807586722
89157038232
89808100532
89036852322
89196122112
89056332322
89106357532
89168379322
89291196577
89198039577
89251173901
89057507722
89107339577
89806694722
89251171422
89058561422
89167794722
89176514722
89679314722
89658825577
89669035577
89838463901
89679577722
89361164722
89857870422
89628056577
89869454722
89688143901
89857656577
89856110422
89361168577
89658523901
89867300422
89868443901
89636295722
89867823901
89866213901
89627397032
89648714422
89676973801
89836507801
89688167032
89856961722
89638655722
89627390722
89626090722
89868603801
89647164422
89868992422
89669259532
89629978901
89688179532
89859031722
89869302422
89698448901
89679033801
89868259532
89868387801
89637396801
89689072722
89867979532
89837260722
89858293801
89866833801
89838567801
89856967801
89837305112
89659278112
89868871801
89626736032
89656256801
89648370032
89636646801
89858418112
89699565112
89868555112
89868410901
89628742722
89866186801
89688848801
89867300901
89869811801
89628968801
89679708032
89858081801
89839596901
89689634532
89677663532
89648163532
89648851577
89859953532
89866608032
89581173532
89668975801
89667515801
89869785801
89581166901
89868644532
89837644532
89627444532
89656124532
89836992577
89837890112
89838310112
89628160112
89837252577
89868138032
89581161032
89689584577
89869069032
89699104577
89868649032
89856581577
89856407901
89627162532
89689734577
89656574577
89636134577
89636637112
89657655901
89868805901
89639954577
89656277901
89839155901
89836935901
89686512532
89581187112
89689579112
89839337901
89856231532
89858612532
89636841532
89639296537
89867818712
89869223577
89858118712
89867685458
89698008712
89656869832
89626897648
89581117648
89867976537
89656781132
89627709832
89637444132
89868511132
89689661132
89689014132
89686567648
89686048712
89688684001
89668773001
89858333132
89361183001
89859782001
89868657648
89857396332
89629804332
89699214332
89696597458
89857590832
89658558332
89639298332
89647554332
89628158332
89361177458
89686203001
89836245268
89856317458
89696119268
89637465268
89699203001
89657233001
89859131932
89859380832
89657481932
89696994001
89688457458
89697983268
89866662932
89361185332
89658006268
89638406268
89666615332
89869685332
89668126268
89858290268
89857806268
89696609712
89637898537
89868966268
89581117268
89658587268
89697511332
89697488537
89856152932
89866924932
89856752932
89867119712
89698047268
89857802932
89646848537
89866649712
89639983332
89628211332
89657329458
89627729458
89659250332
89659014832
89696774832
89866573332
89867474832
89868694832
89659208458
89837606458
89836536458
89669970332
89656498458
89637952268
89656231268
89687012268
89867864832
89866019458
89868931268
89839921268
89696596712
89866960332
89858288458
89687783458
89628293332
89867679458
89657772332
89639072132
89857893332
89676782332
89868285001
89639428268
89859705001
89867883458
89626192132
89648645001
89859550537
89628615537
89646555001
89658638268
89699786712
89627970537
89659910537
89669522132
89629056712
89658579332
89868632132
89858742332
89361178268
89581168268
89659302132
89857779332
89857022332
89866693458
89858348268
89637885648
89866396648
89658136648
89656674712
89866685648
89639190458
89867894712
89869914712
89837234712
89868390458
89866636648
89699380458
89839369648
89688060458
89637247712
89859912832
89867823932
89678661712
89868284458
89581118932
89868662458
89869918932
89629940712
89858574458
89647245712
89866291712
89677787001
89629227001
89667087001
89869777001
89648557001
89698078932
89859287001
89687188932
89859178932
89856202458
89868487832
89649581712
89836678932
89869088932
89867293832
89361185132
89689873712
89868286001
89659691832
89839396001
89837773712
89687510001
89669110001
89659352712
89869156001
89677010932
89581116001
89658065132
89866536001
89689910932
89626300932
89621111832
89581111832
89856021832
89697819001
89647884537
89696153537
89677883537
89677462648
89857760932
89867104537
89866384537
89868594537
89649366932
89857816932
89857004537
89867791648
89657770132
89857425832
89869271001
89868045832
89647288001
89857264537
89636148001
89859865832
89867611648
89869169001
89646783648
89866893537
89581197132
89361182537
89629291537
89361195932
89686005932
89856595932
89687007132
89636127132
89698803648
89646755932
89698209132
89697435932
89696735932
89857644648
89866867132
89867535932
89859107132
89686377932
89636019932
89867454648
89361199932
89638112537
89866024648
89837947132
89857552537
89677413648
89629881537
89857149132
89867593648
89859357932
89808955577
89808269577
89159506577
89198314722
89107476577
89177915577
89197455577
89109097722
89106520422
89109776577
89166192801
89197397722
89771168577
89807013901
89808667722
89166802801
89196442801
89156365577
89251168577
89809983801
89158832801
89058181422
89198923901
89771194422
89066972422
89098685722
89096627801
89107250722
89809497801
89056205722
89198737032
89108970722
89166689532
89108721722
89097978901
89198510722
89157399532
89261111722
89059911722
89178843801
89178043801
89039741722
89098640032
89291196801
89159208112
89106473722
89067240032
89167061801
89179706032
89158928801
89011170032
89039703722
89108526801
89039356032
89178751801
89196315112
89178990901
89159756032
89157798112
89197076801
89158055112
89158455112
89167060032
89106631801
89108086801
89196812722
89056500901
89107523722
89169101801
89057701801
89178513722
89179619032
89991173532
89168482577
89158428032
89011118032
89106405801
89178551577
89251175801
89107598032
89107044532
89096421032
89068571032
89107646901
89771165801
89011169032
89056424532
89808750112
89159924532
89176624532
89167656901
89178188032
89176912577
89179632577
89096513532
89199432577
89177932577
89156701577
89771195901
89067941577
89038233532
89178241577
89197262532
89807934577
89156062532
89108473577
89099973577
89167217112
89167795901
89056815901
89069974577
89011177901
89058370577
89056025901
89199437112
89157559112
89991117901
89806931532
89097064577
89108410577
89159280577
89199652532
89099987901
89176612532
89197702532
89011163132
89097042532
89156147901
89168381532
89808405458
89158149112
89157183132
89106795458
89036974132
89991116537
89168974268
89179462001
89177094268
89158844268
89156915458
89261193132
89159758712
89109045458
89198654268
89036953132
89036411132
89039043132
89108803132
89098332001
89196049832
89098487648
89167159832
89196894132
89178123132
89166467648
89167248712
89107239268
89196163001
89179907458
89038940832
89168416332
89179583001
89176474332
89166705268
89036428332
89106406332
89059134332
89806946332
89166055268
89169551932
89291197458
89771164332
89066845268
89991176332
89157270832
89771119268
89067858332
89808830832
89159458332
89196709268
89809247458
89156664332
89011167458
89179087458
89157678332
89178300832
89107014001
89291184932
89011174932
89109994001
89108572932
89166284932
89177662932
89991118537
89106050268
89197150268
89991166268
89098655332
89098797268
89158044932
89166115332
89177870268
89251189712
89097089712
89168420268
89261186268
89096637268
89991178537
89097142932
89096530268
89198822932
89011183332
89066730268
89158512932
89177542932
89099693268
89168793268
89261172268
89991183332
89178233268
89166816458
89067916458
89167303332
89107770332
89056698458
89058389458
89107754832
89166769458
89177731268
89199086458
89168610332
89159612268
89807301268
89108957332
89179511268
89069781268
89178001268
89107485001
89176985001
89107062132
89156705001
89108772132
89156427537
89159675001
89038572132
89178426712
89098575537
89059045001
89156326712
89157817537
89099398268
89166799332
89168010537
89806547537
89038742332
89179822132
89808567537
89011183932
89107932332
89106547537
89039582132
89037272832
89771195648
89098607712
89176784712
89157153932
89169761458
89168116648
89167082832
89261194712
89176874712
89156663932
89108051458
89036475648
89157655648
89039735648
89109158648
89177808648
89167617712
89156056648
89056786648
89108831458
89169364712
89166587712
89806257712
89166630458
89057168648
89991179648
89057623932
89099560458
89068132832
89251183832
89261185712
89058153832
89109372458
89156982458
89169482458
89991182458
89168571712
89991194458
89039655712
89011164458
89177451712
89156655712
89991177001
89167989537
89168298932
89807993832
89069788932
89038800712
89056888932
89168160712
89168432458
89167741712
89169460712
89177468932
89991111712
89991181712
89178093832
89197940001
89197282712
89177908132
89251186001
89991175132
89157540932
89197440932
89196995132
89261195132
89097528832
89169091832
89157028832
89156375132
89159971832
89771118132
89771198832
89178303712
89179476001
89106206832
89199436832
89036692712
89168398132
89039092712
89068938832
89157010001
89056410932
89771111832
89199412712
89069100932
89157966001
89178593712
89167211832
89169368832
89199948832
89178740132
89106761648
89169851001
89178904537
89261176932
89107544537
89177906932
89806011001
89158292648
89011188001
89167571001
89991198001
89156490132
89179086932
89038120132
89178100132
89106365832
89177150132
89251189001
89771162537
89169180132
89151111648
89067501648
89109969001
89197913537
89159323537
89039372537
89106917132
89196550648
89177382537
89251174648
89157450648
89197494648
89179874648
89166574648
89058251537
89177129132
89157707132
89991190648
89196527132
89056675932
89106297932
89038870648
89057899132
89176177132
89991180648
89199864648
89199552537
89167722537
89178559932
89156289132
89168049932
89199322537
89096301537
89169093648
89647457932
89647529858
89678441137
89697994201
89677141137
89639991137
89626994201
89649421137
89867051990
89858615437
89676586568
89697387637
89698937637
89856545437
89658349858
89868737637
89628949858
89361168768
89857237637
89856637637
89837265437
89666348768
89687194137
89668257637
89869288768
89639684358
89679696358
89626757637
89688550858
89659973990
89649182990
89686751937
89669306358
89856229201
89859440858
89867091937
89658770858
89361176358
89638169201
89659498358
89867297437
89667849201
89837386358
89837856358
89858349201
89361181937
89677172937
89679018568
89838733990
89866384937
89668336201
89658103201
89859271358
89676117201
89629209768
89868198568
89857069768
89689400201
89699249768
89698201358
89676067201
89839442937
89858353358
89638934858
89688334858
89858896137
89856891201
89857703358
89857106437
89668437358
89859476437
89867026137
89859858437
89696856437
89857154858
89658643358
89629422201
89688818201
89657963437
89677050568
89636952137
89636340568
89659063437
89869783437
89626250568
89639808201
89856882358
89859973437
89866955568
89679054990
89658377568
89657232137
89837976768
89656278201
89659812358
89697468201
89677113437
89657167568
89361182137
89637353937
89657527768
89647829637
89867493437
89659974768
89859272858
89696134768
89686806637
89856385637
89869004768
89647597768
89658158637
89867650437
89647589637
89658269637
89859815637
89627817768
89857915637
89868797768
89666442858
89646742858
89856138637
89867519637
89581119637
89696779637
89639533937
89678307858
89639572437
89581162437
89361195768
89647561768
89361185768
89837753858
89646158937
89866882437
89639254437
89648208937
89858706990
89867651768
89867876990
89866620768
89629602437
89867564437
89699648937
89856722437
89677496858
89646428137
89866641768
89581185137
89689028858
89649425990
89866591858
89837661858
89361192768
89868526858
89859206858
89628445137
89628998858
89657080937
89659288137
89837318137
89866720937
89627865137
89636968858
89639058137
89686943768
89856665137
89696023768
89697158137
89638313768
89857388858
89656096937
89859958137
89626333768
89838448858
89869023768
89686171637
89686414568
89637771637
89856740990
89677406937
89686892637
89838651637
89659720137
89686020990
89857444568
89839345858
89676611637
89868500137
89858686937
89668967990
89361167990
89868678990
89621111637
89658072568
89648173637
89659482568
89361172568
89869747990
89629923568
89866401637
89839767990
89699734637
89657134637
89688255937
89649944637
89361171568
89666744637
89667955937
89858685937
89836850637
89869405937
89866661568
89678197937
89856007137
89659919937
89659787937
89868277937
89628964637
89679029812
89637029812
89866713637
89361183122
89836193637
89669694212
89866362022
89628155448
89629745448
89856208758
89868521122
89868389812
89626432022
89668848758
89869113122
89858587658
89868265448
89858213122
89656273022
89696618337
89857012022
89629034122
89677974022
89636674022
89697706337
89639766337
89656293022
89857774022
89649036337
89856827448
89686708337
89638725212
89648645212
89636025212
89677798337
89867755212
89858575212
89856176337
89658465212
89699100812
89868110812
89659924022
89868378337
89838711922
89629994022
89648395337
89676350212
89639085337
89361173212
89677340212
89836134022
89646290212
89869253212
89678755337
89857363212
89866274922
89857175337
89656638548
89361189758
89628619758
89647500212
89856364922
89856159758
89629888548
89639283337
89697062212
89838511337
89697340337
89647027337
89677714812
89658974812
89638414812
89859407337
89656303337
89867053337
89857182212
89699026448
89667576122
89859191212
89868844812
89866128448
89677769448
89656669448
89696924812
89581169448
89836536122
89669149448
89858469448
89699043337
89668760337
89696867337
89698281212
89858459448
89639983448
89696396758
89869432212
89581118212
89361185548
89361162122
89637592122
89686875022
89361172122
89669826758
89868185548
89869416758
89836827548
89858372122
89658976758
89869435022
89836035022
89699225548
89869426758
89687755022
89647359337
89859576758
89868776758
89581165022
89108396568
89109496568
89167384201
89156829858
89106995437
89168229858
89176274137
89176583137
89197251990
89196334201
89037204137
89108515437
89157434201
89011168768
89108737637
89159577637
89168719858
89991164201
89801111990
89059031990
89108365437
89067268768
89096578768
89011183990
89109844137
89156868768
89197079858
89159861137
89179333137
89157448768
89157341990
89179653990
89991162990
89069304358
89251163990
89806445201
89991194358
89067866358
89168835201
89809080858
89108989201
89197498358
89156509201
89991169201
89107686358
89107769201
89168224358
89158646358
89157677437
89176856358
89168437437
89809041937
89291111937
89096422990
89157568358
89196223990
89167233990
89198753201
89039182937
89156304937
89291174937
89069291358
89099434937
89176251358
89806538568
89806925358
89106806201
89057076201
89156966201
89166692937
89809437201
89098999768
89197637201
89056287201
89106052937
89168278568
89178621358
89069465358
89179442937
89168388568
89097732937
89106001358
89166513201
89056748568
89809486137
89198407358
89069139437
89037083358
89036553358
89197907358
89199940358
89157340358
89178140358
89067206137
89097163358
89196734858
89011177358
89096736137
89066758437
89807842201
89178269437
89806060358
89068610358
89058286437
89197419437
89176037358
89158656437
89108779437
89196541201
89039667358
89038629358
89056953437
89199796768
89169213358
89067616768
89158239358
89156039358
89158562358
89158063437
89806624990
89158840568
89099544990
89109044990
89991190568
89177544990
89066035568
89991192358
89068486768
89196989358
89198186768
89199856768
89806443437
89109760568
89198412137
89178612137
89156600568
89261182137
89159282137
89991167568
89291172858
89198684768
89159385637
89068503937
89178894768
89156274768
89157966637
89156674768
89991117768
89036945637
89096025637
89058917768
89038038637
89176309637
89166498637
89176077768
89251186637
89168799637
89991178637
89039042858
89106347768
89771196990
89038022858
89059496990
89179748637
89771166990
89991172437
89251182437
89197895768
89291171768
89291194437
89106891768
89096155768
89196566990
89176808937
89167480768
89198789568
89168924437
89109831768
89809033858
89179178937
89037765768
89167549568
89179912437
89066423858
89771195137
89179296858
89038983768
89057539990
89196933858
89196581768
89991185137
89291185990
89807863768
89099205137
89168039990
89991173768
89059405990
89097266858
89167582768
89156806858
89176445137
89038025990
89096298137
89168998137
89107998858
89167269990
89261180937
89098538858
89808488858
89178855137
89291178858
89108665137
89037949990
89156256858
89197138137
89156943768
89809285858
89069881858
89157358137
89179323768
89167340137
89179084568
89096085858
89066930137
89159005858
89156004568
89176004568
89198105858
89991191637
89169055858
89108292637
89069154568
89107970137
89771160137
89158558990
89166490137
89177770137
89178038990
89261178990
89261160137
89039152637
89058800990
89199365858
89169112637
89199488990
89261111637
89061111637
89169122637
89261197137
89158984637
89197793568
89199819137
89058762568
89159619137
89107019137
89096873637
89109327937
89197082568
89159027937
89176640637
89069375937
89167555937
89036875937
89771164637
89808019937
89109369937
89156299137
89179647137
89178554637
89167287137
89991119937
89157802568
89809173122
89806854122
89807054122
89158843637
89179669137
89169969137
89196047937
89169167937
89067581568
89176557937
89199441568
89771164122
89809434212
89039951122
89166218758
89197351122
89199592022
89011193122
89771117658
89097644212
89168206548
89808311122
89098325448
89168808758
89168508758
89177624212
89199538758
89098153122
89156353122
89109813122
89066622022
89199987658
89991119812
89108412022
89106801122
89199049812
89261182022
89099579812
89106848758
89179748758
89156284337
89109654022
89056018337
89808664022
89157754022
89156016337
89809670812
89198151922
89098615212
89179958337
89059658337
89056870812
89011187448
89178246337
89036556337
89059453022
89109359212
89109288337
89166487448
89059900812
89056300812
89166859212
89168468337
89197647448
89771118548
89069514022
89058384922
89177457448
89198448337
89057995337
89108427212
89179561337
89159528548
89808792922
89808445337
89806177212
89157028548
89251170212
89178508548
89179598548
89179458548
89197809758
89158532922
89291167212
89038901337
89069439448
89167457212
89991196448
89251173337
89167139448
89168196122
89991196122
89808976448
89156216448
89177634812
89159903337
89176803337
89108026448
89808238448
89098397337
89167966448
89196016122
89098017337
89261164812
89099420337
89109538448
89108710337
89177754812
89168746448
89991164812
89991180337
89199419448
89157752212
89057312212
89199802212
89177659448
89109000337
89176611212
89156147337
89807195022
89096927548
89159415548
89167403448
89196703448
89039708212
89808286758
89159555548
89251198212
89096089337
89107165022
89168038212
89169419337
89251186758
89197612337
89167502337
89676678212
89697900548
89676667548
89856412122
89839012337
89656707758
89836100548
89638816658
89637814758
89869584758
89677638658
89646346658
89859798658
89646186658
89697437758
89869154758
89866864758
89856564758
89626465658
89639413922
89677433922
89866811448
89856722812
89649783812
89669840758
89868853812
89627095758
89637414448
89656228922
89699728922
89669767022
89656044448
89699915758
89856128922
89868107022
89629107022
89627507022
89857155758
89667480758
89837720758
89638630758
89837189548
89857738922
89361178922
89868020758
89857810758
89668211758
89656013812
89621111758
89676818812
89636072758
89696996812
89627393812
89657508122
89856043812
89836313812
89677030022
89629023812
89628353758
89859667812
89669416812
89679550922
89659995122
89639495122
89646490922
89869650922
89686745122
89868540922
89859175122
89581191812
89699326812
89868390922
89626698122
89857118122
89837692758
89868918122
89859776812
89657888122
89628338122
89866365122
89677922758
89869011812
89858822758
89837232758
89581111812
89696972658
89688762658
89649382658
89868030122
89836061658
89868416922
89581191658
89647506922
89678636922
89859515812
89638545812
89867675812
89626290122
89869424548
89856788022
89869812658
89699680122
89677013548
89668941658
89867407922
89858519122
89689573658
89687650658
89859962548
89868982548
89869485922
89686477122
89637497922
89638820658
89637989922
89581170658
89858675922
89856103658
89869915922
89687754658
89839692548
89699102548
89869747122
89869109922
89361179122
89678422548
89656379922
89867080658
89629387922
89581169122
89657739822
89837257922
89856700658
89686339822
89686983148
89639773148
89639862012
89649828748
89699664148
89699375468
89837751148
89866344222
89857166558
89857958748
89859524222
89697122012
89581119822
89629587668
89627556558
89866003148
89669263012
89687496348
89361182012
89856047668
89838148748
89668264012
89678155222
89648251912
89627774012
89637836348
89626934348
89669336348
89858127468
89666458348
89688077468
89628535222
89859393012
89697699222
89658278348
89628869222
89669811912
89696779222
89868865222
89581111912
89867247468
89657474912
89639834912
89856650222
89628185348
89858871348
89657608558
89837263222
89838651348
89581166222
89857655348
89667125348
89639177222
89626535348
89866938558
89839009748
89869924912
89698188558
89658032912
89677922912
89868342912
89636122912
89857430222
89868012912
89581168558
89698923222
89687472222
89866433222
89581181348
89659616468
89869983348
89658886148
89869467222
89581118468
89696516148
89857027348
89858940348
89679326468
89837106148
89648097348
89658092222
89637289468
89869476148
89647069468
89859156148
89866970348
89627299468
89859280348
89581119468
89697968468
89856187348
89669913348
89867060348
89689363468
89669306748
89859062148
89869040558
89858927558
89668745012
89658917558
89838695012
89869945012
89668008222
89646525012
89659877558
89869708222
89698265558
89869686748
89856786748
89636432348
89866030558
89867649348
89666972822
89637044748
89636298668
89666670468
89678980468
89869077748
89647212822
89698465668
89686742822
89867521468
89657932822
89649379668
89676818912
89697407822
89859688668
89838083822
89857153822
89626604468
89668882468
89647890748
89639475748
89629044468
89698231748
89838725748
89868654468
89838324468
89868649558
89856231748
89628219558
89657323822
89868943822
89679933822
89581193822
89838893822
89869885148
89627453748
89857113822
89689406012
89866961822
89859540912
89859616012
89629706822
89669218148
89699858822
89669390012
89867708822
89868536012
89869370912
89627470012
89868525148
89676632748
89649811822
89839686822
89659660912
89658222748
89667584558
89856922748
89626823748
89837913748
89646941012
89836072668
89866304558
89839441012
89698871668
89867071668
89679998012
89658335822
89689611012
89868521012
89657512668
89628956912
89857720148
89858021012
89868020148
89866312668
89866960148
89868912668
89866201012
89656682558
89858584668
89686263668
89868684668
89666651558
89869073668
89628155912
89866805912
89698297912
89867107148
89866067148
89869855912
89261182122
89106947548
89097342122
89159142122
89106285658
89179118658
89108950448
89037974758
89097874758
89157871448
89167714758
89177363922
89179136658
89169574758
89197990448
89036758658
89196297758
89158792812
89036609658
89037925658
89107077758
89167809658
89068499658
89196769658
89771188658
89199902812
89011183812
89809967758
89056659658
89096532812
89106759658
89179523922
89096433922
89097513922
89067941448
89198893922
89199667758
89177841448
89039829548
89157929548
89991182448
89011190758
89807727022
89178950758
89176661758
89106994448
89166103812
89157955758
89176155758
89251197812
89156297812
89167708922
89808780758
89177477812
89109737812
89059352448
89176757022
89157831758
89039465758
89058530758
89167019548
89176002448
89058600758
89156300758
89179500758
89261111758
89109332448
89106823812
89156713812
89057023812
89099985122
89179096812
89056218812
89177240022
89167085122
89196106022
89057503758
89196190922
89159106812
89106836022
89157692758
89199446022
89196770922
89251190022
89291180922
89099510922
89168065122
89806813758
89807541812
89807308022
89097411812
89179221812
89098232758
89809951022
89177132758
89179633758
89056023758
89038283548
89178558122
89037261658
89807976922
89199382658
89056791658
89037055812
89156706922
89098803548
89107226922
89109555812
89196415812
89178998022
89196576922
89109354548
89196224548
89261186922
89058400122
89806211658
89039202658
89098512658
89068212658
89806849022
89178702658
89196412658
89807807922
89039011658
89167432658
89166380122
89167580122
89106941658
89037272548
89057839922
89806574658
89106482548
89058173658
89176373658
89166485922
89011192548
89771177922
89167159122
89109970658
89109209122
89159545922
89157999122
89159654658
89197737922
89179552548
89159019922
89991119922
89291187922
89058600658
89177443658
89177879922
89038293658
89097901548
89159623658
89166749122
89109173148
89107718748
89039654148
89158318748
89158854148
89178233658
89167474148
89178051148
89167205468
89038564148
89057266558
89057336558
89106215468
89156525468
89179308748
89057871148
89038998748
89167598748
89157871148
89806601148
89067554222
89167669822
89771161148
89197053148
89107065468
89196543148
89196787668
89251167668
89068401148
89056088748
89039718348
89158950822
89177674012
89196550822
89099066348
89058345222
89106376348
89108576348
89098337468
89808534012
89108021912
89108079222
89176188348
89158033012
89159679222
89157667468
89179262912
89168996222
89156404912
89108250222
89179082912
89157204912
89156050222
89808070222
89158151348
89069590222
89196335348
89196745348
89771187222
89159558558
89198977222
89166389748
89199156222
89291178558
89058552912
89098059748
89157680222
89069268558
89166668558
89991188558
89166367222
89056053348
89158383348
89168418468
89991161222
89178294822
89991186148
89108951222
89059163348
89176951222
89099356148
89261164822
89156399468
89109068468
89771173468
89169848468
89261162348
89109581222
89158941222
89157607558
89197295558
89167162148
89197263468
89056305558
89106905558
89198105558
89179466748
89099897558
89169035558
89036609348
89107877558
89166238222
89168925012
89179046748
89177210558
89159380558
89177280558
89809232348
89771182148
89057102348
89039612348
89198542348
89291188222
89807296668
89198765558
89099282822
89167572822
89058894748
89108163912
89771117748
89167334748
89158490468
89178390468
89169836668
89291198668
89108969668
89177389668
89037386668
89109452822
89169886668
89197778668
89156800468
89199960468
89197143912
89038281468
89199460468
89198941468
89261197012
89158362468
89098972468
89771175748
89806097822
89108971748
89038344468
89069214468
89107055748
89809320748
89177945748
89058935748
89166558912
89176377822
89261199558
89807400748
89156659558
89161111748
89198068912
89096957822
89036096822
89038172748
89176416822
89261171822
89068191822
89156956012
89176106822
89069608822
89168456012
89167418148
89167398822
89197326012
89809242748
89771180012
89108855148
89167078148
89196600012
89166020912
89261166012
89166456822
89169210912
89107342748
89108888148
89199960912
89991168822
89109732748
89108022748
89199248148
89291181822
89106781822
89168513748
89197158148
89109053558
89056119012
89159762668
89291173558
89109973558
89011176912
89038105822
89179914558
89178729012
89809354558
89109815822
89177815822
89036309012
89991118012
89098039012
89039620148
89199921012
89177454558
89197800148
89096938012
89771111668
89159364558
89108550148
89096431012
89196212668
89156501012
89991161012
89069569012
89159613558
89179111668
89261172558
89059423558
89168913558
89179384668
89196207912
89056561558
89036927912
89176634668
89159707148
89166144668
89068592558
89697709912
89657354668
89696587148
89666869912
89689659912
89697260668
89679279912
89839987148
89649513668
89836657148
89839457148
89678133668
89856921558
89697404178
89677241170
89867657912
89859113668
89857384178
89628618738
89648505411
89581174178
89696191170
89869974170
89698797631
89836264170
89869114178
89679198738
89657298738
89857144178
89626197631
89626345411
89659677631
89646577631
89866897631
89856558738
89659687631
89629831170
89687818303
89859012070
89658384070
89628496303
89676851947
89699574070
89637355178
89638504070
89686655178
89867050870
89856904070
89669713070
89856277411
89838309178
89627431947
89651111947
89866210870
89647014070
89858765178
89666581947
89361172947
89678672947
89869257411
89697691303
89689951303
89678291303
89696028523
89677103178
89678615303
89859240178
89667376178
89676889738
89857717178
89659959738
89869908523
89867745303
89657987178
89866338523
89839424947
89837337178
89859531303
89626487178
89689353303
89859743178
89859047178
89867367178
89856257178
89686814870
89639773303
89659194870
89838933178
89657606411
89361197303
89868028411
89868234870
89658369411
89669956411
89866477303
89648859411
89836324870
89856952178
89866079411
89636340523
89659627523
89856183411
89669403411
89676790523
89857783411
89636915523
89696108178
89866155523
89866836738
89581197523
89689038178
89857497523
89689456738
89858509303
89697979303
89838125070
89699368178
89649779303
89837612303
89628230523
89581168178
89837979303
89696053947
89697784738
89839347523
89858813411
89869318631
89866982870
89869950411
89699092870
89636689631
89866674738
89628892870
89696056631
89669220411
89656386631
89637110411
89668859631
89697212870
89866631411
89869164738
89866299631
89659957738
89628547738
89858868631
89867129523
89687244411
89867094411
89868205738
89866467070
89581197870
89688987070
89696464411
89638087070
89628225738
89657642411
89657602411
89649688947
89647559523
89857631738
89859310738
89628937870
89627457070
89636460738
89858621738
89647223870
89666641738
89688983738
89659548947
89361111738
89698123870
89838000738
89581111738
89627132411
89698083738
89857222411
89857468947
89837141738
89646591870
89869641738
89867381738
89866296070
89867406070
89857028170
89626675170
89869635170
89856035170
89839771870
89626203738
89687910070
89696870070
89656898870
89858403738
89687700070
89689150070
89688530947
89858055170
89836012738
89869842738
89677208070
89676233738
89859022738
89868268170
89679514523
89666728070
89666294523
89678714523
89658828070
89669471631
89649403523
89649425870
89696471070
89698498070
89687759070
89859834523
89687411070
89868136947
89689456947
89869725870
89837645870
89659742631
89658631070
89858310170
89649169070
89647201070
89838820170
89856452631
89698201631
89869112631
89869731070
89581180170
89676884631
89639862523
89867880170
89858349070
89699271523
89857884631
89688937170
89866661523
89636069947
89678570631
89658287170
89859207170
89581199170
89678765947
89697212523
89656130631
89668569170
89868357170
89668867947
89869887947
89836459947
89626679947
89656627611
89678585378
89628318731
89678294191
89868154078
89667304078
89648308731
89679093078
89688277611
89649645378
89647469838
89867775378
89647886478
89676886478
89839059838
89666754057
89361163057
89866848731
89838094078
89686194278
89867750838
89867428278
89658376278
89677424278
89626793057
89697180838
89581177378
89866586278
89858220838
89581186278
89859886278
89866249191
89628333057
89689796191
89686896191
89626994057
89636027191
89659982957
89869548278
89867048278
89638891278
89867462957
89668992957
89678146191
89867790191
89839875278
89656421278
89668856191
89688488478
89866321278
89858249731
89699729378
89868879731
89659161191
89646782191
89859681278
89638991191
89867872191
89666144838
89657116078
89856640278
89629034838
89699936078
89361197278
89669689378
89647799378
89688449378
89866531191
89627821191
89839688378
89656373378
89867550478
89866275057
89771187148
89011179148
89059709912
89178709912
89036419912
89107080668
89098047148
89168165912
89196112558
89107930668
89159532558
89261181558
89108313668
89069969148
89057593668
89099879912
89107369148
89196043668
89167969148
89991167912
89106433668
89167184170
89991163170
89177483170
89261195411
89056685411
89159695411
89178416523
89156927631
89096155411
89157626523
89168871170
89199645411
89198335411
89771187631
89198438738
89106399870
89159299870
89991181170
89261178738
89099849870
89098365411
89058322070
89177078738
89807134170
89058288738
89057014170
89037694170
89177734170
89178514170
89159242070
89198063070
89261195178
89771175178
89056454070
89178074070
89166685178
89168127411
89177614303
89097206303
89158375178
89808180870
89036197411
89106270870
89177976303
89058424303
89807841947
89157043070
89168011947
89991181947
89158641947
89011171303
89166657411
89198372947
89197496178
89169295303
89107782947
89156104947
89011117178
89108471303
89107975303
89058345303
89059058523
89176444947
89167644947
89179135303
89107437178
89108959738
89178656178
89169065303
89991178523
89176388523
89108601303
89106881303
89108762178
89199162178
89038850303
89806526411
89177462178
89196273303
89991161178
89011170303
89176006170
89108336411
89011199411
89069936170
89107720303
89157336170
89168336170
89198554870
89177810303
89011160303
89177856411
89167019411
89109743303
89991168411
89056801178
89066557303
89109081178
89991193303
89261185070
89037483411
89037639303
89097429303
89106185523
89179440523
89011176738
89098715070
89251166738
89809020523
89097845523
89057517523
89196245070
89109558178
89108898178
89167209303
89109956738
89157769303
89156577523
89179325070
89038832170
89109730523
89176859303
89178342303
89157302170
89098033411
89806794738
89166772870
89176218631
89166572870
89107704738
89291191411
89011170411
89197005631
89068090411
89159690411
89106808631
89158992870
89196576631
89166658631
89198198631
89807743947
89056852870
89059712870
89107312870
89179630411
89178160411
89169268631
89109679631
89056532870
89196422870
89168122870
89198879631
89196860411
89806661738
89036407870
89198323947
89291184411
89199753870
89197662411
89991118947
89251185738
89056450738
89168261738
89157582411
89096628947
89108828947
89157894411
89178191738
89156071738
89179371738
89099244411
89771187070
89808387070
89178070738
89057409523
89197147070
89067157070
89176447070
89156099523
89106730738
89066502411
89157002411
89011193870
89177665738
89197559523
89168679523
89251172738
89109596870
89109496870
89057572738
89107772738
89098816870
89176873738
89057163738
89059891870
89261176070
89169426870
89166846070
89809630947
89107498870
89011168870
89156910947
89179500070
89108231870
89109202738
89038150070
89176488170
89098348170
89169142738
89179900947
89179813738
89069748870
89037933738
89157528070
89291174523
89157441070
89159204523
89199671631
89176129070
89166954523
89177459070
89806488070
89069346947
89106890170
89177424523
89011180170
89011111631
89107700170
89179100170
89158564523
89196331631
89098512631
89068088070
89179231631
89178242631
89106322631
89156411631
89168711631
89167211631
89106501631
89158623523
89771117170
89177141631
89179739947
89158762523
89251161523
89261182523
89107395947
89069972523
89156895947
89991194631
89106074631
89168303631
89167674631
89039799170
89179509947
89251165947
89011111523
89177287947
89158080631
89167802523
89196712523
89108732523
89106047947
89197622523
89166689170
89169622523
89069501523
89178249170
89291163078
89059618731
89108796478
89037296478
89169581523
89159274078
89991174078
89156283078
89168083078
89177841078
89251172057
89251194191
89059674078
89166364078
89991192057
89771193078
89807056478
89108525378
89196236478
89168693078
89991176478
89107908731
89198589838
89166389838
89291189838
89177024191
89197799838
89177081078
89011194078
89991188731
89261194078
89109667611
89166124078
89157596278
89177718278
89166684278
89109527378
89109916278
89176604278
89807293057
89771176278
89056351957
89068551957
89991164057
89107097378
89159258278
89177170838
89197076278
89291189191
89808847378
89991180838
89808200838
89099880838
89291168278
89011172957
89058523057
89176330838
89166260838
89251111957
89291111957
89199447378
89176033057
89177011957
89109024057
89107407191
89991162957
89251182957
89806790191
89067150191
89157695278
89808892957
89106134957
89159028478
89197471278
89178928478
89167606191
89177244957
89196536191
89166526191
89107892957
89108935278
89168508478
89098125278
89096998478
89036738478
89039489731
89069369731
89108152957
89807688478
89179831278
89168478478
89166131278
89069459731
89106822957
89198379731
89011196078
89038223191
89011191191
89808551191
89098239378
89177118378
89166453278
89177740278
89157573278
89198627278
89169151191
89178606378
89991166378
89807956378
89039426078
89991197278
89168946078
89291177278
89106409378
89066124838
89107431191
89038064838
89159080278
89158849378
89039766078
89196321191
89157847278
89197778378
89251181191
89056448378
89108696731
89177753378
89698435057
89677458191
89866535057
89629526731
89697369278
89628192278
89696110478
89649980478
89658010478
89858897478
89581165057
89649368191
89679878191
89869637478
89857159278
89649896611
89857659278
89668285611
89836402078
89646673957
89658782838
89859353957
89869323378
89627395611
89677328611
89646891378
89869762838
89686915611
89658615611
89688906611
89638370378
89667269611
89836406611
89859817731
89867008611
89669502838
89869646611
89626910378
89838899611
89646932838
89699501378
89856302838
89859387731
89687584378
89646273838
89869641378
89857941378
89656394378
89636917057
89627095731
89668955731
89647563838
89867395731
89699177057
89697875731
89679015731
89679577057
89867944378
89856967057
89858308957
89869720731
89838652378
89867857057
89626749478
89637593838
89666641731
89858221731
89839533838
89649906057
89667606838
89667306838
89667806838
89869786057
89868275078
89858791838
89679636057
89698710957
89647978838
89869646057
89361166057
89658442731
89667350057
89856100057
89671111838
89869456838
89636348838
89838366057
89581111838
89678853478
89839748078
89629241838
89867581838
89686328057
89837962611
89647724478
89856975838
89647656957
89679679057
89647331057
89636788057
89659012611
89866800078
89697861057
89656423478
89856921611
89856511611
89678083611
89656007957
89858580078
89858001611
89637085957
89856923478
89857123478
89686805957
89836107957
89869239957
89626650611
89646890611
89677127078
89649997957
89869614611
89857070611
89698089078
89867631478
89581119957
89669860611
89696267957
89628930611
89859865957
89869859957
89868679078
89699285391
89636339778
89836143611
89581184091
89859241478
89656472047
89659214247
89628004247
89686026491
89858883091
89858974091
89649421091
89656138678
89686986491
89867458678
89637501091
89636257603
89698323091
89868556491
89659668678
89867403091
89677396370
89869665391
89629868678
89866534091
89628684370
89867484370
89646794370
89696666370
89837883047
89858164047
89866806370
89868571970
89627644370
89868106370
89866676370
89581177391
89678003047
89627180778
89857599247
89679201970
89649301970
89857530778
89836921970
89688482970
89629983247
89646163247
89687761370
89867024047
89686471370
89669720247
89856390247
89869871370
89867745370
89837092970
89361165370
89867831370
89648257247
89859212970
89626679678
89697514778
89678951247
89647506091
89856283370
89867933247
89838084778
89867984778
89629340370
89639256091
89839886091
89869850370
89659936391
89669766391
89857491247
89667424778
89676077370
89676021247
89637387370
89656666091
89859746391
89699766091
89858959391
89669913370
89699783391
89668362091
89838893370
89868513370
89659163391
89666305491
89687335047
89867672370
89857453391
89856139370
89636135047
89686215047
89658035047
89868835047
89656977491
89647946678
89868445047
89637359370
89659602370
89697330491
89638865491
89656060491
89858469370
89688100491
89869237491
89866488247
89856749370
89687291391
89856196603
89869784678
89677936603
89867294678
89657225603
89361169603
89669531391
89696410391
89868058603
89627738603
89867609603
89868420391
89858419603
89836786603
89657343970
89866149603
89678007778
89869401391
89699840678
89688455678
89636809491
89677017778
89866398970
89859787047
89699483678
89648967778
89859888970
89669418778
89628096778
89679796047
89867093778
89697135091
89866372678
89648966778
89677856047
89657070047
89678338778
89858190970
89639152678
89658956778
89859626047
89659430970
89581188778
89686781778
89639861603
89867448778
89658003491
89698606970
89361194491
89639292603
89838363491
89686599047
89676102603
89838870091
89627400091
89637460091
89687901047
89689161047
89696231047
89866611047
89639713491
89647668047
89866342603
89627243491
89867989047
89581193491
89159335057
89168715478
89177745057
89196092278
89178308191
89991169278
89157937478
89058812278
89159612278
89059360478
89107668191
89991168191
89059679278
89196802078
89178342078
89069295611
89809428611
89261163957
89807075611
89991171378
89059006611
89108735611
89198006611
89036489611
89106520378
89166617731
89251198611
89109286611
89108789611
89159286611
89176420378
89291199611
89036499611
89197619611
89156731378
89066543957
89771184378
89106047731
89176032838
89807985731
89167057731
89179248611
89056557731
89037397057
89198133957
89167582378
89168174378
89011169478
89069574378
89198871731
89196803838
89169355731
89771189478
89771180731
89168337057
89179897838
89178235731
89991177838
89107698957
89177302378
89196964378
89176902378
89199121731
89066311731
89198943838
89809995078
89109672731
89261186057
89066850957
89158361838
89166596057
89991173731
89808626057
89099891838
89169151838
89176151838
89096426838
89036590957
89158015078
89991176057
89808980957
89108745078
89069898078
89168092731
89066410057
89106738838
89166876838
89157570957
89167355078
89107920957
89068890057
89806219057
89056711838
89106043731
89159900957
89261162611
89166096957
89167028057
89261191611
89099205838
89199591611
89156571611
89069374478
89807290078
89199744478
89156615838
89198946957
89109470078
89157011057
89166224478
89108664478
89098464478
89068856957
89038165838
89166138057
89107079057
89058348057
89039948057
89157021611
89197842611
89169442611
89158880078
89037858057
89039223478
89157623478
89196249057
89167753611
89168250611
89176405957
89251171478
89198894611
89198414611
89096315957
89169355957
89199103611
89067059078
89167177078
89251199078
89771179078
89057909957
89108987078
89067677957
89036079078
89109179078
89069011478
89067759957
89107879078
89056979957
89178169078
89261189078
89038613611
89179701478
89179601478
89108033611
89156841478
89176883091
89039105391
89039406491
89167806491
89057155391
89179791091
89069597603
89056917603
89198176491
89991193091
89107789778
89108017603
89038054247
89177298678
89158769778
89176121091
89057811091
89168381091
89106347603
89808496370
89069878678
89178423091
89069233091
89109839247
89106754047
89107983047
89106950778
89196563047
89068727391
89058828370
89069864047
89098406370
89179251970
89809077391
89039866370
89196190778
89168344370
89199145247
89169809247
89251198370
89108377391
89168609247
89156877391
89059213047
89197087391
89197949247
89169159247
89109923047
89168788370
89169467391
89068141970
89058581970
89039262970
89166907247
89058850247
89169285370
89197094970
89991194970
89199066247
89158328491
89099644970
89199070247
89107799678
89107364970
89068031370
89176899678
89056530247
89809613247
89068749678
89771183370
89059257247
89096541370
89096153370
89199939391
89167118391
89157383370
89057694778
89106528391
89106963370
89179490370
89156890370
89109756091
89109797370
89106370370
89197789391
89251166091
89169142247
89991188391
89251181247
89107123370
89099213370
89196401247
89166748391
89806845047
89036727491
89011197491
89036272091
89156835047
89068003391
89059206678
89159845491
89169698247
89167670491
89059077491
89168877491
89157920491
89058287491
89158865047
89159822091
89106078247
89106022091
89809983970
89199693391
89199582091
89198382091
89251183970
89806163970
89107296603
89107707678
89057085603
89099071391
89168934678
89169534678
89168528603
89176563970
89771189603
89167128603
89771180391
89167775603
89156326603
89166817678
89158425603
89991192778
89807178603
89291164678
89158438603
89157669603
89291160391
89106130391
89808253778
89106332778
89106111391
89168348603
89159723970
89107483778
89198213970
89039004391
89099450678
89098405678
89157417047
89168640678
89107875678
89166767047
89261177047
89036570678
89038177047
89159492391
89196645678
89261189491
89771119491
89096198970
89169777047
89198689491
89177554391
89807348970
89771167778
89166365678
89176542391
89157680678
89167857047
89099121678
89157288970
89168242391
89251167778
89096393778
89096901678
89991111678
89036367778
89038857778
89169318778
89199672678
89809606778
89177728091
89159171778
89096391778
89198851778
89157071778
89106845091
89196976047
89261192678
89808180970
89056676778
89179570970
89178398091
89806231778
89199920970
89197055091
89157998778
89198398778
89109030970
89179012678
89991178778
89251168778
89057948091
89099972603
89159253491
89098291603
89167391603
89991116970
89169726970
89809220091
89176898047
89261199047
89291190091
89107370091
89156224491
89178846970
89159011047
89178081047
89196756970
89059488047
89056880091
89156833491
89666241603
89678953603
89698804603
89677527970
89657240603
89679140603
89867953603
89868162491
89866968047
89636774603
89857662491
89666827091
89699375970
89866882491
89858634603
89649164603
89639057091
89839190603
89838437091
89659347091
89677864603
89869092491
89867039091
89868020603
89697313603
89361179970
89669873157
89688484157
89639684257
89867422491
89669364157
89679726503
89679934257
89666675403
89857783157
89581171157
89676669791
89858993157
89858258703
89866645403
89869545403
89868638703
89581119791
89697547591
89866564257
89361188703
89639741978
89867013157
89869678703
89857087591
89669429257
89857814157
89669473978
89627196291
89581118291
89636394291
89649151878
89836416291
89839040791
89657444291
89869927403
89857274291
89859394291
89647145257
89581197403
89698602978
89858558291
89639242978
89656979257
89869310791
89857164291
89869931878
89867459257
89859559257
89697082878
89866713978
89679005291
89698671291
89628727257
89868428503
89637909703
89689721291
89649864878
89637931291
89581119703
89866464878
89856849703
89857421291
89867287257
89866811291
89361173291
89689504791
89666773291
89639163291
89699751257
89856118403
89657626157
89676492257
89856934791
89869444791
89629946157
89627658403
89666599403
89698864791
89837776403
89629677291
89649160291
89677878403
89696667291
89867388403
89869888403
89858268403
89361196703
89646482291
89629492157
89647203403
89868682291
89856234978
89666454978
89686498257
89659298257
89867215503
89867208257
89581177503
89639549291
89858754978
89626187503
89669482157
89869342291
89666882157
89676223403
89868578257
89647261403
89859853878
89868996591
89628474703
89639026591
89866840403
89867473878
89857063878
89859605591
89859434703
89626655591
89687510403
89361186591
89668842791
89866377703
89639560403
89866756591
89656433878
89868849591
89676233878
89636696978
89839913878
89678450703
89666316978
89581163791
89688892403
89867603791
89867397791
89698721703
89856235703
89676930703
89637078878
89661111703
89637211703
89866959503
89837702403
89698662703
89677457791
89839988878
89361172703
89859713791
89581195978
89627461791
89626728791
89627205978
89646792703
89687745157
89629845157
89667820878
89686178157
89867955978
89628308791
89627092703
89637280878
89699631791
89868625157
89361199978
89866755157
89869109978
89668511791
89657188791
89669048157
89859831791
89866031791
89866538157
89628060878
89867802703
89657372591
89638462591
89697540157
89649372591
89689118978
89858141791
89581118978
89867630157
89629185791
89656835791
89648717978
89659276878
89866871591
89868575791
89858092591
89856077978
89656760157
89646921591
89637080157
89688407878
89659557978
89866343503
89869257978
89689314591
89688827157
89839471503
89657254591
89686899157
89666247157
89699699157
89867190591
89867537157
89677399878
89866997878
89657002503
89697142503
89857220591
89866080591
89636101503
89648732503
89691111503
89629389157
89679263103
89689429847
89638874103
89866113591
89859073103
89868623591
89581174103
89628095431
89361166511
89648844238
89869334238
89699919847
89627154238
89696213103
89867938691
89669331103
89856481103
89648688691
89837319847
89361168691
89866079847
89581167623
89858294103
89361183038
89659814311
89867407431
89648475238
89667108311
89649270847
89668008311
89669098311
89867536311
89626045238
89688210847
89688186311
89857824311
89866310847
89666434038
89639334038
89648396238
89668241891
89838668311
89857001891
89837281891
89857729691
89688674891
89676751311
89858350238
89581171311
89866573238
89698792891
89859603238
89638909691
89666238511
89859115311
89868936238
89629897238
89677699691
89676680238
89658978511
89361186238
89866780238
89581187238
89361188511
89858942891
89628188511
89639516431
89689182238
89866741311
89637661238
89638382238
89648916431
89857681311
89646306431
89669736431
89649736431
89866282238
89858904847
89581171238
89696608431
89867914847
89626456103
89637812238
89659637311
89866026103
89858254847
89859146103
89627599431
89067597091
89066983603
89169549047
89807944603
89157975970
89108727091
89199315970
89261177970
89771119970
89106489970
89178017970
89196754603
89159899091
89098580603
89156031491
89057749970
89166321491
89808984257
89037960603
89039369091
89066760603
89097893603
89166629791
89197473157
89158184257
89156263157
89179496503
89251195403
89196795403
89011171157
89109116503
89991116503
89771177591
89057366503
89056664157
89806738703
89806256503
89099497591
89169866503
89167936503
89037658703
89177008703
89097921157
89196438703
89196286503
89108059791
89168321978
89197288703
89261179791
89159047591
89807273978
89991194157
89251196291
89108753978
89037174291
89198171878
89178871878
89991174291
89196303978
89806920791
89059936291
89096608291
89158135257
89107899257
89199486291
89037319257
89156730791
89291111878
89179368291
89168732978
89178788291
89991181878
89169157403
89198196257
89159272878
89167329703
89806690257
89057082878
89179640257
89166127257
89066191291
89177828503
89177051291
89198574878
89991175291
89058535291
89197235291
89806231291
89107720257
89059069703
89168789703
89159824878
89106999703
89167320257
89159886257
89198769703
89169264878
89107219703
89106252878
89178780257
89156031291
89059230257
89156168503
89168442878
89177288503
89199300257
89771116403
89771196157
89106857257
89036801291
89168272257
89991183291
89108139403
89166984791
89097827291
89099840291
89067204791
89156528403
89196394791
89098744791
89198356157
89158806403
89066697291
89169670291
89196936157
89159838403
89039056403
89169186403
89198842257
89106532257
89068142257
89069960291
89176142257
89157768403
89771172157
89809882291
89196681257
89166333291
89178883403
89058705503
89106250503
89176416703
89069163403
89096863403
89197663403
89168074978
89176626703
89158897503
89108098257
89199646703
89177638257
89251187503
89067612291
89178100503
89251193403
89157953878
89057795591
89059527703
89068382791
89069703878
89771189591
89156735591
89167035591
89106464703
89291165591
89039578591
89166960403
89058813878
89169047703
89771163791
89096783791
89167318878
89177850703
89261171703
89096294403
89058605703
89106534403
89169682403
89771177791
89107763791
89159355703
89177374403
89096875703
89199492403
89107458878
89169525703
89166376978
89179135703
89178745703
89178138878
89039631703
89198478878
89098202403
89099012403
89107365703
89036379503
89169160703
89106523791
89157623791
89107818791
89176485157
89197308157
89159029978
89291161791
89167695978
89176028157
89099973703
89011178157
89771169978
89099836791
89197863703
89176551791
89158955978
89168808791
89196635978
89251178791
89177231791
89251168791
89037765978
89107965978
89179212703
89178979978
89107222703
89099868791
89196568791
89159281791
89166911791
89196188791
89108768157
89167901791
89167583503
89157583503
89109104503
89069340978
89067073503
89991182591
89176791591
89059326878
89157115791
89108620978
89059990157
89177398978
89198510157
89991198978
89058700157
89107086878
89197877978
89251165791
89107110978
89178278978
89159930978
89179488978
89051111591
89179343503
89169848978
89991111591
89109448978
89157867978
89158929878
89036827878
89107185878
89099482503
89809270591
89107797878
89166277157
89178409157
89991192503
89807265878
89066539157
89037147157
89261187157
89167652503
89167737878
89177812503
89108965878
89107279878
89166179878
89171111503
89166493591
89156993591
89196779878
89991189157
89057549157
89099913591
89178854103
89196549157
89109784238
89109962038
89107754103
89106704238
89169064103
89156083103
89251192038
89059128691
89806654238
89096104103
89108744238
89108297623
89156097623
89109389847
89097038691
89251199847
89806979847
89099711103
89106299847
89291178691
89036759847
89809996311
89771184311
89156634103
89991194103
89107284311
89039867623
89156734103
89106261891
89169684038
89197483038
89038527431
89011117431
89809208311
89109614311
89199191891
89166905238
89197114311
89808046311
89109375238
89197058311
89067108311
89068308311
89157325238
89178576311
89106020847
89197969238
89199224311
89166721891
89177903038
89156249238
89051111891
89097788311
89107214038
89098933038
89156001891
89158714038
89169484891
89991183238
89991162891
89169772891
89197073238
89169495311
89991195311
89261194891
89106316238
89991116238
89166166238
89291190238
89771189691
89037476238
89108915311
89991176238
89158535311
89177792891
89179298511
89176720238
89158809691
89808659691
89198509691
89037486238
89179687238
89179849691
89178830238
89168765311
89038468511
89196960238
89157847238
89106001311
89039232891
89106884847
89199029431
89057186103
89108573311
89176686103
89197583311
89197562238
89158974847
89069763311
89991166431
89808220311
89109276431
89199176431
89069917311
89058998431
89199836103
89176469431
89158654847
89169812238
89638522238
89636712238
89656149431
89667201238
89858960311
89869932238
89859123311
89678792103
89857639311
89636355511
89669376691
89639846691
89837055511
89866255511
89627197511
89648455038
89869897511
89361165038
89639812311
89636437511
89867269311
89629825038
89676659311
89858065511
89669548238
89836665511
89838422311
89868622311
89628423431
89698650431
89659385623
89869648238
89869233431
89361182847
89628785623
89646228623
89856450431
89859682847
89859214691
89628308623
89857976623
89866170431
89867989623
89869458623
89867438623
89838352847
89866356623
89859238623
89638079623
89667067691
89836987691
89869602847
89867110431
89657907847
89659884431
89581118891
89836307847
89581117038
89867727847
89581174431
89856534431
89666069511
89869307038
89856735691
89636721691
89656219511
89659260691
89857447038
89626019511
89859265691
89868522431
89628481691
89581172691
89361182691
89667461847
89361196038
89639571847
89858056038
89857816038
89866235103
89837206038
89628536038
89361178103
89837798103
89837092691
89687802691
89361180891
89648331847
89689378847
89678868847
89699448847
89837643691
89867088847
89857988847
89838780038
89858193691
89637028038
89868458103
89628385847
89361171623
89679834511
89658114511
89856872623
89866562623
89868605847
89581191623
89638318038
89856151623
89676620103
89669556891
89699764511
89867278038
89869539038
89581186891
89857264511
89627042623
89361169038
89869242623
89867902623
89669084623
89868643511
89698553623
89687039891
89656119103
89857680103
89866523511
89686791511
89658861511
89869529891
89866062511
89687051511
89678290623
89868662511
89649175891
89626771511
89649999891
89866317891
89678942511
89679169103
89866187103
89679713623
89649557891
89858342511
89627843623
89678254111
89687107578
89869347891
89646074111
89867363111
89856696531
89868684111
89838463111
89859351111
89659176531
89658436531
89649709803
89636154231
89677825423
89867715423
89869706531
89659438723
89581193111
89686653111
89668249803
89637249803
89867486531
89856786531
89668334111
89669734111
89696118323
89628382031
89669150803
89838748723
89629854031
89698671903
89668366323
89698806323
89361190803
89688775231
89859751903
89626051903
89626090803
89677953031
89361198323
89678924323
89687338323
89687410803
89856315231
89866170803
89869170803
89857289231
89859217423
89646903031
89581165231
89661111903
89648668323
89867453031
89686101903
89867187423
89857021903
89686829723
89647372903
89647918531
89867433031
89658585323
89677305323
89869262903
89856285323
89869640231
89838204903
89696392903
89867705323
89626703231
89639420231
89689098531
89646177231
89646189723
89647269723
89659199723
89698446231
89657410231
89647387231
89859325323
89837719723
89859202903
89669339423
89857760231
89626596423
89666673323
89859739423
89676463323
89858353323
89869291231
89858250323
89859086111
89679797323
89859894803
89666386423
89868097323
89687987323
89637287323
89648430323
89858669423
89581180323
89648911231
89856619423
89676893323
89867742231
89658033323
89669396723
89689557323
89856759423
89837188423
89866613323
89647527531
89659815031
89688573423
89581162111
89638695031
89676705531
89868253423
89867107531
89627605531
89637336723
89866795531
89867662111
89838150531
89698945531
89859952111
89868372111
89637069323
89668909323
89836066723
89857376723
89659830531
89859438231
89856669323
89689147531
89869999323
89859765031
89659713423
89856865531
89869188231
89859988231
89647462803
89647883903
89639391423
89866023423
89866984723
89581195578
89679426578
89626044723
89659938578
89679338578
89669559578
89838410423
89866586578
89866219578
89677584423
89869560423
89361161723
89866448578
89869707803
89689763803
89866350723
89668298903
89866728903
89648247031
89687869531
89866278903
89856964423
89637493803
89667833803
89868787803
89867643803
89688616803
89628540031
89637216803
89859353723
89838805111
89649516031
89859340903
89629095111
89657966803
89647776031
89867335111
89638426031
89687558803
89636520903
89669055111
89856066803
89646620903
89856556031
89679850031
89856836031
89629438803
89627388111
89689848111
89669781803
89668630111
89868222723
89866768803
89667595803
89679834531
89646851578
89628195803
89858174531
89857166903
89867171031
89251188431
89067623311
89109467311
89107739311
89176139311
89068895511
89199705038
89058505511
89166175038
89199477511
89179720511
89199109311
89991199311
89109319311
89036002311
89108278238
89038565511
89167622103
89169765511
89167887511
89177312311
89197488238
89067212103
89107100511
89157143431
89178957511
89157613431
89169702103
89806271431
89059950431
89108695623
89096873891
89169282847
89178595623
89177904691
89291163891
89037691431
89176694691
89177451431
89198794691
89177790431
89197906623
89199076623
89011119623
89771119623
89168609623
89107386623
89197056623
89179469623
89177138623
89011188623
89066159623
89167787691
89179121431
89178230431
89809972431
89159322847
89199413891
89108767691
89059513891
89068901431
89197983847
89291161691
89066740691
89109275691
89168544431
89096025691
89176697847
89106117847
89059910691
89167924431
89168157038
89177512431
89196378891
89198479511
89808735103
89107913847
89038853691
89068757847
89198353691
89808695103
89107096847
89106053691
89808956038
89056350891
89991166847
89011198847
89809055103
89059826038
89156026038
89261198847
89106870038
89167755103
89199846847
89196198847
89156156847
89196131847
89167630891
89251180038
89011196891
89809148847
89106230891
89106788847
89101111847
89196858103
89806134511
89177372623
89106714511
89177941038
89199805847
89011118038
89037414511
89991194511
89096644511
89199345847
89156478038
89176299038
89156411038
89158700103
89196864511
89261179038
89177821623
89178088038
89166565847
89108331038
89051111623
89771172511
89156601038
89261168038
89107449038
89166983623
89199781623
89109173623
89199695891
89809959103
89067694623
89066534623
89037234623
89196774623
89991167103
89011164623
89807447103
89037937103
89157735891
89199227103
89011187103
89176197891
89169647103
89808543623
89199419891
89059879103
89198549891
89261111511
89196669103
89058022511
89106441511
89069313623
89771116531
89036596531
89107773111
89178018723
89108805423
89108364111
89177792031
89198264111
89108536531
89179774231
89098358723
89158126531
89197455423
89058576531
89196098723
89261181111
89109238723
89197124231
89166121111
89196611111
89108786531
89106587578
89107278723
89156099803
89166019803
89159543111
89168849803
89157065423
89106447578
89179102031
89066207423
89056754031
89169573031
89199761903
89166985231
89159071903
89068674323
89036815231
89158636323
89169826323
89158236323
89168393031
89068776323
89169135231
89168189231
89168946323
89038569231
89771179231
89109319231
89066856323
89771111903
89169053031
89158478323
89169764323
89261179231
89059749231
89158313031
89168143031
89156060803
89178187423
89066468323
89038814031
89159111903
89179594031
89011173231
89156694031
89179883231
89156683231
89099850231
89179295323
89991161323
89196016231
89068205323
89036614903
89059194903
89166227231
89037463231
89166266231
89991175323
89038025323
89198555323
89159235323
89991117231
89058719723
89156510231
89196886231
89058652903
89037512903
89157521323
89169752903
89069811323
89156642903
89167442903
89176557231
89808391231
89159583323
89251196111
89159104803
89179696111
89196940323
89158196111
89056294803
89096474803
89011198423
89099316111
89036626423
89157156111
89199803323
89169836423
89251197323
89176492231
89056946423
89058820323
89107889423
89991169423
89991189423
89251199423
89037969423
89058510323
89199454803
89157199423
89991180323
89771167323
89158466111
89176421231
89196942231
89807907531
89097257323
89199032231
89168757323
89156467323
89178596723
89176541231
89806205531
89058995531
89196753423
89167429323
89097592111
89197805531
89196295031
89198140531
89066863423
89808017531
89177835031
89169555531
89058508231
89166376723
89991117531
89109338231
89176338231
89157477531
89176325031
89098565031
89179956723
89037412111
89056559323
89196479323
89178760531
89156712111
89169688231
89168168231
89096447531
89157713423
89806591423
89096648231
89158196578
89809066578
89178153903
89158685578
89178073903
89106155578
89176305578
89157715578
89251190423
89109755578
89056035578
89197789578
89291164723
89261199578
89106552803
89166737723
89177080423
89036578578
89058987723
89106142803
89166287723
89166265578
89167821423
89037160423
89106330423
89038641423
89991193903
89291162423
89098062423
89291185723
89067961723
89168427803
89167082423
89991118903
89097991723
89106894423
89106228903
89107034423
89169715723
89057755723
89178115723
89168027031
89198655723
89109792423
89098858903
89197092423
89167092423
89808149531
89157180723
89199924423
89179824423
89109064423
89037564423
89107899531
89157619531
89196721723
89178887803
89251168903
89261111723
89806830031
89179213803
89169741723
89261162723
89097440031
89771176031
89178486031
89169716803
89097591803
89059835111
89168228111
89199606031
89991191803
89068103723
89058098111
89158126803
89198018111
89166490031
89179956803
89068338111
89099850031
89198200031
89159778803
89251188803
89806951031
89179681803
89169162578
89176730111
89066982578
89036251031
89067934531
89179116903
89196894531
89059329031
89169175803
89169603531
89159244531
89159809031
89159709031
89657820111
89696588031
89638265803
89869318031
89678679031
89686450111
89636261031
89688888031
89837038031
89869360111
89859265803
89676729903
89856989031
89839183578
89858583578
89361171531
89859473578
89857617111
89697297903
89866191531
89866051531
89857234578
89649369903
89649054578
89697757111
89859820578
89858539111
89638465903
89858220578
89857747111
89867452531
89867880578
89857679111
89867584270
89636864131
89857516538
89689975457
89839083131
89676208711
89838114270
89361197647
89581198711
89689565457
89857303131
89839649831
89628267647
89669454003
89676474003
89646440831
89659916331
89838342003
89866448711
89839448711
89867124131
89679894331
89859627457
89629594331
89688058331
89686106331
89836427457
89866885270
89581166331
89679825270
89839990831
89868215270
89628008331
89648831931
89869298331
89647260831
89646221931
89689449270
89856531931
89668101931
89581188331
89649507270
89868488331
89861111931
89856014003
89866981931
89637714931
89858018538
89857253270
89677015331
89689297270
89647915331
89626844931
89668335331
89629726270
89678164931
89639089711
89868855331
89639537270
89646731331
89658910270
89687099711
89857225331
89646078538
89856138538
89866769711
89689543270
89837199711
89581187270
89866342931
89857212931
89869302931
89667396457
89647253331
89669040331
89646571270
89866961270
89581116457
89698608457
89857140331
89627574831
89626344831
89667769457
89866016131
89856336457
89699288457
89639960331
89689087331
89696430331
89838486457
89839586457
89837931270
89838721270
89637801270
89658567331
89699741270
89859021270
89859132270
89858332270
89629501270
89688750538
89698016711
89857985003
89868950538
89869018270
89836305003
89838040538
89856263457
89869192131
89669035538
89666389331
89627725538
89676886711
89698037538
89668787538
89859538270
89857056711
89687293457
89678047538
89648148270
89626243457
89361182131
89669039647
89688307711
89657240457
89637885647
89868233457
89648206647
89696328647
89668626647
89669866647
89649208647
89838694711
89867705647
89837903931
89867715647
89626176647
89839097711
89869015647
89666002831
89867458647
89687121457
89859646647
89859956647
89858530457
89856559647
89867122831
89859211457
89858613931
89638405711
89657527831
89696651711
89676334457
89856653831
89638967003
89867661711
89636635711
89646735711
89859528931
89867515711
89866467003
89857625711
89869717831
89649220711
89581177831
89857898931
89859847003
89361187831
89868680711
89581188931
89669361831
89689596003
89659530003
89851111711
89628041711
89636761831
89859162711
89677796003
89867867831
89628840003
89581196831
89858140003
89648690931
89869661831
89649098131
89626266831
89361192711
89696725131
89657178131
89866336831
89869436831
89857292711
89868098131
89658656831
89639931831
89857398831
89866590003
89666648131
89857820003
89839831831
89668672647
89696153538
89686504538
89666504538
89639161647
89696083538
89868293711
89668728003
89668291647
89838472647
89856130131
89866830131
89647436931
89697615831
89676718003
89856828003
89647998003
89677970131
89688578003
89678078003
89639070131
89637879003
89836699003
89668143538
89647269003
89698050131
89699860131
89627979003
89689769003
89666784647
89649907931
89868748003
89867989003
89666495931
89639929931
89688829931
89868041647
89856241647
89858684647
89869519131
89649267131
89856217131
89656524647
89856544647
89678657131
89658664647
89837135931
89857677931
89869199131
89626557131
89869131538
89678601538
89858487931
89629660647
89686781538
89627801538
89629293647
89689004203
89658827638
89669283138
89856241538
89867049131
89677134203
89869327638
89639871138
89867191138
89866924203
89657044138
89869656570
89867003138
89627321991
89866859857
89697907438
89866611991
89851111991
89637873991
89656471938
89637928357
89649971938
89859473991
89581191938
89866755203
89686398357
89637877438
89867136357
89697931938
89666049203
89636422991
89581187438
89637333991
89869749203
89581193991
89679085357
89698140203
89657914938
89687828570
89836607203
89868084938
89869273203
89679645357
89866714938
89639569770
89868806203
89836244938
89581176203
89638886203
89666246203
89657446203
89856170203
89636910203
89647821357
89677359770
89361160203
89867580203
89656667203
89636839438
89648653357
89857132938
89699704857
89678196138
89859839438
89869129438
89867107357
89808154531
89178524531
89169018031
89197871031
89157624531
89806601031
89806711578
89057186903
89038056903
89167939031
89157481031
89197311031
89157700111
89176454531
89806632578
89067581031
89057920111
89168152578
89178452578
89106132578
89176022578
89156989031
89039013531
89176893531
89167941578
89059772531
89178984578
89176961531
89156084578
89037182531
89167985903
89168973578
89991195903
89808259111
89068434578
89199655903
89166835903
89809722531
89159737903
89066864578
89196937903
89806707647
89058060578
89158749903
89179400578
89169779111
89156930578
89167947903
89069643578
89107281531
89096257903
89176281531
89098249111
89198049111
89178149111
89037863131
89156207647
89179507647
89177896538
89097085457
89099304270
89806508711
89809717647
89038605457
89166234270
89168652003
89169992003
89991164131
89108206538
89157636538
89169235457
89169317647
89068809831
89038609831
89011188711
89069986538
89106586538
89158099831
89196519831
89806302003
89198359831
89159349831
89991168711
89109868711
89058394131
89099047647
89107767647
89096124131
89037048711
89197042003
89157924131
89179942003
89251174003
89179839270
89168373003
89157039270
89108734331
89067316331
89991195270
89107905270
89068975270
89157055270
89177606331
89166864003
89177151931
89109597457
89011164331
89036376331
89178445270
89167720831
89166017457
89159035270
89251169270
89166424331
89159120831
89109710831
89109199270
89156730831
89157649270
89068168331
89108700831
89038114003
89771173270
89198933003
89176694003
89199084931
89167339711
89197662931
89177253270
89168339711
89808444931
89057390270
89157074931
89177355331
89806956270
89106555331
89106444931
89167555331
89109809711
89199609711
89156398538
89178869711
89177089711
89107931331
89156302931
89166502931
89096900270
89771183331
89108257270
89198301331
89991193270
89108507331
89107996457
89809750331
89178457270
89106716457
89011116131
89806176457
89107706457
89991176131
89806056457
89067026457
89068717331
89066417331
89167726131
89097398457
89096742270
89806779457
89069830331
89158902270
89178766131
89168268457
89011162131
89038967331
89067841270
89196081270
89166333331
89056983457
89159681270
89157739331
89038683457
89177852131
89157852131
89156462131
89097336711
89056575003
89177806711
89176903457
89251192331
89198945538
89806086711
89097309331
89067055003
89106410538
89109265003
89198480538
89158486711
89068487538
89068237538
89178665003
89107459331
89178912331
89159700538
89179022331
89198042131
89157448270
89067229647
89156883931
89107050457
89261171457
89198794711
89196234711
89991174711
89291166647
89261166647
89808338647
89096054711
89066277711
89771119647
89177609647
89037899647
89107224711
89168824711
89199320457
89197910457
89991165647
89261168647
89177930457
89179779647
89157301457
89809350711
89039941457
89991172457
89807194457
89196607831
89039382457
89056740711
89109617003
89097027831
89037661711
89158373831
89176914457
89107655711
89158690711
89197207003
89991197831
89036652457
89068119538
89771111711
89167978931
89991178931
89066743831
89176878931
89991179538
89809716831
89198901711
89198122457
89067048931
89169193831
89167423831
89037405131
89169240003
89157885131
89169340003
89169596003
89198986003
89809770003
89109270931
89067026003
89291198831
89011111831
89036431831
89291178831
89771168131
89038188131
89178721831
89167580931
89808819003
89808796931
89197111831
89806472647
89771119003
89058913711
89066433711
89166022711
89179243711
89057323711
89807728003
89099396931
89179696931
89991196931
89179196931
89159153538
89199873538
89178494538
89109055831
89108505831
89166771647
89179874538
89176551647
89199055831
89058144538
89069066931
89159735831
89809264538
89198345831
89198909003
89198335831
89156745831
89991170131
89057346931
89166490131
89199110131
89261164538
89771111647
89179620131
89199900131
89261188003
89166479003
89291111647
89106732647
89169522647
89167021647
89156101003
89991111647
89291168003
89066868003
89108017131
89056673647
89098807131
89166074647
89991191538
89169315931
89197809131
89068770647
89167092538
89106519931
89179909931
89166719931
89197057131
89168854647
89806943647
89156165931
89179880647
89167302538
89177847931
89167232538
89106381538
89176801538
89107596570
89176273138
89196123647
89157554138
89156161991
89096271991
89991194203
89159214203
89196674203
89197291138
89069276570
89068708770
89197826570
89157215438
89056635438
89199821138
89197254203
89809168770
89196056570
89198677638
89198386570
89107699857
89166231138
89067088770
89106223138
89159333138
89109972991
89068862991
89058129203
89158516357
89011170857
89099271938
89166205203
89068636357
89011180857
89261192991
89177375203
89156575203
89166145203
89156670857
89251199203
89058438357
89057824357
89991199203
89011111938
89109060857
89098887438
89197465203
89168179203
89199378357
89158979203
89808472938
89101111938
89197947438
89011161357
89807150203
89169648357
89166713991
89808351357
89058218570
89177984938
89169118570
89156295357
89011170203
89251166203
89809925357
89109103203
89156345357
89178808570
89197635357
89991176203
89106769770
89106610203
89011167203
89108478570
89097612938
89176521357
89109960203
89197965357
89108523203
89771184857
89179067203
89107313203
89109348570
89157701357
89159796438
89176672203
89166639438
89361174857
89656946438
89678326138
89648256438
89629024857
89699159438
89696321203
89648559438
89658449438
89657281203
89689548438
89837659438
89626447357
89689604991
89697695570
89837850570
89697144991
89867082357
89868940570
89857116770
89638945570
89628315570
89676320570
89679689357
89646938203
89697200570
89858337570
89866356770
89679562857
89858213438
89866702138
89627284770
89867457570
89869172857
89626372857
89627616638
89639905638
89648091438
89869527770
89857662857
89837195638
89867773938
89857805638
89837382857
89696708638
89858414770
89858603938
89659624770
89869190438
89856926638
89629258638
89581169638
89628024770
89867109638
89667668638
89688868638
89636668638
89646713938
89869260438
89867688638
89659972438
89629518938
89689394438
89868762438
89658426991
89838550770
89838636991
89867326991
89838498938
89628524438
89678042438
89639042438
89866754438
89868869570
89869338938
89868056991
89669700770
89627102438
89668057857
89687067857
89669472770
89699896857
89627513857
89659218857
89637371857
89859539991
89581161857
89688863770
89867573770
89628905991
89686170938
89857366857
89659810938
89636265138
89697009991
89669652770
89658052770
89868835991
89857108857
89859676857
89669259991
89677665991
89868938857
89639000938
89676560938
89696643770
89857721857
89667881857
89676362638
89657740138
89669372638
89869443770
89859423770
89666014570
89856304570
89628116938
89667617991
89639992638
89868091638
89648820991
89698280991
89837635857
89857076938
89581177991
89658237991
89866135857
89839570991
89689713570
89857556938
89858587991
89866960138
89667501638
89869450138
89859743570
89839321638
89631111638
89669939938
89629093570
89838533570
89867333570
89868067991
89657763638
89638114638
89867672570
89669737138
89686315938
89656929138
89837861570
89869304638
89361197938
89687117938
89839390638
89836025938
89581189938
89626299138
89676931570
89649179938
89857699938
89867439138
89857687138
89868479138
89629642570
89679141570
89868465938
89837730638
89868249938
89698929811
89837193638
89659092023
89859763123
89626964123
89638366547
89636706547
89696275447
89856974123
89859805447
89686458757
89679889811
89626617657
89657411123
89668964211
89678287657
89859153123
89866264211
89668861123
89687579811
89667496338
89637834123
89361184023
89696740811
89648574023
89637164023
89689626338
89676090811
89867016338
89856064023
89868085211
89868714338
89648397447
89679308338
89858166338
89869190811
89638803023
89697456338
89867520811
89858209211
89688000811
89647765211
89637765211
89656424023
89649801923
89656460811
89581168338
89858011923
89866367447
89866362923
89658170211
89868714923
89627134923
89699025338
89678845338
89867371338
89656692923
89858228547
89689056211
89869517211
89627286211
89639559757
89868631338
89867564923
89859231338
89668941338
89668579757
89648433211
89866049757
89869178547
89626388547
89698539447
89859633211
89696174811
89679274811
89839896447
89866084811
89669861211
89858653338
89581118447
89697574811
89866004811
89699090338
89639097338
89678036123
89868863338
89657324811
89866636447
89361189447
89837898447
89859524811
89869077338
89649379447
89868199447
89866986447
89676381211
89869542211
89836200338
89676772338
89677527547
89867553447
89697166757
89647435023
89856082338
89867952123
89629215023
89667970547
89699446757
89856170547
89361189338
89859520547
89656542338
89628380547
89581199338
89838910547
89638284757
89856442338
89867300547
89627647547
89686762811
89668853923
89869422338
89859732338
89869843447
89687404757
89839842123
89629172811
89668345657
89856251447
89866514757
89858034757
89648077757
89856771447
89688199657
89867158657
89857798657
89838477757
89838177757
89857164757
89646247757
89687668657
89857312811
89859452811
89677983811
89688881447
89649697023
89657185757
89636240757
89868518923
89666528923
89859907811
89859007811
89629327811
89656890757
89677103811
89649270757
89636817811
89581177023
89696387023
89629445757
89838189547
89667579547
89869219547
89648285123
89699341757
89868249547
89686105123
89679028811
89666551811
89866185123
89667536811
89698526811
89867063757
89626871811
89668426023
89869271811
89868935123
89866651811
89857306023
89581116023
89668078123
89697200023
89866336023
89869658811
89837178123
89869510023
89857820023
89628060023
89639380023
89867580923
89859460023
89839080023
89859168123
89011163357
89011191203
89808866438
89199271203
89178914857
89806738438
89037044857
89167666438
89167344857
89196226438
89106024857
89167720357
89107224857
89198099438
89196937357
89097960357
89168200357
89168611203
89106348438
89771172138
89097962357
89056467357
89991193357
89771166770
89157862357
89176592138
89157985570
89261192138
89166590570
89157563438
89178352138
89156475570
89011177570
89167526770
89168458203
89168635570
89057669357
89107146770
89058254991
89097977570
89059319357
89196020570
89066812357
89106978203
89036678203
89197559357
89057602138
89058913438
89809507770
89251196638
89199582138
89056539638
89058583938
89159704770
89251194770
89169661438
89177340438
89177863938
89157315638
89991191438
89108545638
89156635638
89179345638
89056654770
89097046638
89158369638
89169754770
89011168638
89109380438
89177252857
89157178638
89157802857
89036930438
89178988638
89198388638
89107132857
89038348638
89179413938
89196713938
89037396991
89037407857
89178283857
89099629570
89039904438
89178527857
89069140770
89107605770
89196827857
89991194438
89108614438
89196490770
89159374438
89771180770
89199476991
89771165770
89106489570
89059538938
89058938938
89809600770
89068238938
89039486991
89056019570
89198180770
89991119570
89291160770
89108879570
89197800770
89099513857
89036701770
89179733857
89166141770
89771175138
89261185138
89157071857
89176582770
89166815138
89199290938
89177636857
89167945991
89096835991
89036745991
89169955138
89158280938
89291186857
89059199991
89108310938
89108552770
89178302770
89066859991
89179659991
89991188138
89098668857
89178979991
89197748138
89067101857
89179568138
89177693770
89991193770
89109518991
89108472638
89159718991
89166253570
89096116938
89991118991
89039574570
89039328991
89261190991
89039366938
89058344570
89179114570
89807120991
89107797991
89036076938
89291170138
89011165857
89109135857
89108538991
89991177991
89169546938
89107080991
89109864570
89059360138
89069780138
89157080138
89177284638
89198023570
89011174638
89177853638
89169897138
89991197138
89807307138
89157104638
89177104638
89168250638
89178440638
89098529138
89176505938
89038303638
89069290638
89169027138
89179592570
89196345938
89038354638
89157720638
89156524638
89196469938
89011169138
89067554638
89176320638
89097812570
89198937938
89098689138
89056043638
89178157938
89011172023
89066249138
89808172023
89199063123
89156323638
89066395447
89198251123
89771176547
89069264123
89199614211
89159715447
89167114211
89199891123
89806533123
89098786547
89176586547
89991186547
89056778757
89166612023
89039057657
89106402023
89156144123
89196482023
89011195211
89251174023
89197084023
89197085211
89039774338
89058574338
89011177447
89067266338
89066655211
89108136338
89038697447
89107925211
89107576338
89059089211
89156477447
89196769211
89261180811
89067264338
89106880811
89156937447
89198653023
89157037447
89011167447
89056360811
89038294023
89168181923
89156684923
89011191338
89251182923
89106716211
89991116211
89011197211
89157444923
89036117211
89807864923
89159792923
89179608547
89096420211
89169324923
89099564923
89109231338
89167737211
89166386211
89036342923
89809823211
89067042923
89166921338
89771184811
89176011338
89179833211
89106518447
89106857211
89771191211
89159596447
89261186123
89069118447
89108373338
89197982211
89178227338
89178806123
89058928447
89108890338
89166606447
89198170338
89109426123
89038289447
89156417338
89806468447
89771167338
89807148447
89198702211
89156030338
89106947338
89107323338
89158557338
89179339338
89261195547
89807003447
89108305023
89106552123
89109990547
89106006757
89157290547
89198055547
89166675023
89157306757
89011165023
89809959338
89156376757
89178870547
89159980547
89058932123
89067487547
89108179338
89261167547
89809262811
89168779338
89098002123
89038667547
89067923447
89157123447
89109484757
89058496657
89096872811
89166153923
89198384757
89159707757
89156383923
89199540447
89059163923
89059294757
89108471447
89199016657
89198251447
89011198657
89106090447
89196815657
89177336657
89291177757
89058909657
89177035657
89196346657
89068599657
89156869657
89158554757
89157486657
89037042811
89167012811
89167121447
89168160447
89011197023
89106541447
89106961757
89199762447
89991195757
89067471757
89056103811
89096903811
89808747023
89176192447
89178245757
89991170757
89107754447
89177289547
89168898923
89157620757
89806249547
89167677811
89011188923
89251187811
89039887811
89166721757
89167312447
89106378923
89166260757
89098779547
89108623811
89106223811
89057708123
89107340023
89156728123
89808992757
89166306023
89169571811
89261176023
89069466811
89109118123
89809721811
89109480923
89771160923
89106838123
89808988811
89039000923
89197966023
89178121811
89109958123
89676333757
89658881811
89647108023
89679640123
89638274547
89658351657
89656204547
89866384547
89857458123
89656694547
89361194547
89856171657
89669218023
89636725811
89686090123
89869476923
89629035811
89689256923
89837109023
89858045811
89859321023
89688832657
89858211023
89868356923
89856164547
89859652657
89699083657
89639333547
89867931023
89857231023
89866261023
89677195923
89696883657
89668073657
89857932657
89361194657
89866772547
89696190657
89869991547
89627114657
89678209123
89658487123
89636020657
89836667123
89867945923
89361164657
89858017923
89641111547
89859880657
89868179123
89858787923
89628122547
89689339823
89677049123
89629093657
89676239823
89868201547
89658405470
89869484147
89667506557
89668176557
89669508747
89869792011
89637354223
89869014223
89637438747
89859817670
89697432011
89868858747
89658631147
89857209823
89698744147
89868432011
89677782011
89868812011
89361167670
89639418347
89867267670
89858394147
89867924147
89699605223
89678861911
89858029223
89857684011
89639308347
89689575223
89868106347
89858466347
89869958347
89867177470
89858658347
89629569223
89688747470
89648888347
89636529747
89699818557
89678473223
89627053223
89629785347
89638390223
89636806223
89858594911
89869551347
89581175347
89678098557
89866826223
89361169747
89666586223
89866269747
89639347223
89699588557
89868410223
89866259747
89649748557
89857579747
89867948557
89857132911
89696034823
89856307347
89648276147
89649306470
89656866470
89646456147
89637846147
89698270347
89868706147
89866794823
89867826470
89866526470
89866316147
89581197347
89856108470
89669630347
89868820347
89666966147
89697942223
89869510347
89869380347
89658096747
89667296747
89867121223
89856200347
89859222223
89679315011
89657795011
89836962147
89869883470
89856405011
89627750557
89669390557
89646755557
89678526747
89859305011
89627675557
89648646747
89857855557
89869306747
89858336747
89637837557
89649677557
89649010557
89666087557
89678432347
89867937557
89581119347
89638247557
89361182147
89686704747
89649439670
89689462823
89857533470
89689274747
89627118670
89629004747
89626540470
89697206670
89866650470
89836185670
89647017747
89689054747
89677035670
89859003911
89658519670
89669854747
89869015670
89857466670
89857436670
89867008670
89866097747
89629189670
89646549670
89656649670
89637242823
89869209670
89646432823
89676688670
89697467747
89636948670
89839432823
89649173823
89869413911
89669861747
89866048670
89628950747
89687803823
89698751747
89856783823
89656307011
89649797823
89687477011
89679769557
89858835747
89868692470
89687921747
89638713823
89676483747
89859768911
89856868911
89628313823
89626196823
89666303747
89856118823
89839086011
89859140911
89869963747
89836706011
89697998823
89658180911
89869116011
89869176823
89628278147
89639850011
89867420911
89859960911
89857200911
89858700911
89866201823
89859533747
89869833747
89638191670
89858962670
89858308011
89668344557
89859604557
89869616911
89666444557
89626603557
89836144557
89698139011
89686654557
89668939011
89636324557
89866492670
89647364557
89859445823
89646242670
89648760147
89629752670
89581165823
89867402670
89867231670
89647149011
89866569011
89868284670
89648663670
89856239911
89361174670
89667090670
89868795911
89866971557
89656369911
89867790670
89858055911
89866574670
89868144670
89648924670
89837015911
89669580670
89647252557
89858925911
89867409911
89869154670
89869611557
89836713670
89869613670
89859213670
89066353547
89069833757
89069385811
89037585811
89291195811
89107405811
89166241023
89251191657
89039529023
89069944547
89771191023
89199626923
89069006923
89066755811
89807739023
89158092657
89167192657
89168599023
89011181023
89251199023
89011165811
89159952657
89108620123
89169802657
89068660123
89157942657
89801111657
89168732657
89179143547
89169833547
89196658023
89169123547
89157907923
89199039923
89166753657
89059683657
89771195923
89107482547
89176961547
89039304657
89106940657
89176904657
89159917123
89991174657
89059871547
89169834657
89168934657
89261175923
89179690657
89199203657
89109070657
89106499123
89166077923
89177957123
89066065923
89771111547
89179459923
89991111547
89291181547
89991181547
89156923657
89067407670
89159029823
89059741147
89169041147
89108705470
89251194223
89176683147
89168705470
89011191147
89807091147
89157828747
89039014223
89807517670
89166415470
89177026557
89039071147
89991176557
89808954223
89108609823
89169054223
89158277670
89806619823
89807743147
89177278747
89157631147
89291179823
89069847670
89106433147
89196079823
89177912011
89291182011
89068742011
89098982011
89168848747
89199702011
89771184011
89199648747
89059184011
89261184347
89109604347
89066727470
89196150823
89156191911
89059506347
89168506347
89109036347
89067338347
89199369223
89197220823
89168180823
89178631911
89038800823
89011194011
89179133011
89199548347
89177407223
89771118557
89196953223
89991162911
89109795347
89099527223
89039491347
89158927223
89169494911
89108663223
89199990223
89198726223
89109708557
89107269747
89168898557
89166724911
89199038557
89066719747
89991164911
89059837223
89106431347
89808178557
89177099747
89168731347
89039019747
89069278557
89108387223
89167742911
89179978557
89808088557
89097747223
89167167223
89199681347
89011118470
89166453347
89771191223
89291194823
89156951223
89197163347
89166256147
89098856147
89197517347
89158097347
89159726147
89199876470
89058269470
89166977347
89176469470
89157338470
89807131223
89197886470
89166566147
89196112223
89168268470
89198500347
89808932223
89198188470
89058713347
89176029347
89198385557
89106450557
89108715011
89166227557
89068105557
89806206747
89198490557
89156603470
89038308223
89197097557
89808825011
89178776747
89096625011
89167269347
89107599347
89159225011
89157410557
89199237557
89809649347
89177802347
89166179347
89199379347
89097413470
89177879347
89169047557
89169493470
89197742147
89771196670
89156967557
89156123470
89179739670
89106218670
89156516670
89991195670
89198471470
89039114747
89059275670
89056626670
89156366670
89196597747
89159058670
89158835670
89166970470
89158720470
89157909670
89056980470
89169386670
89157756670
89199437747
89109202823
89066943911
89196779670
89158281470
89771183823
89158093911
89156373823
89109714470
89196927823
89196074470
89167227011
89197277011
89159775747
89807598911
89177558911
89991198911
89771199557
89176877823
89991164470
89167987823
89199532470
89156357823
89807808147
89809386011
89177430011
89771196011
89067486011
89157330011
89108882747
89056628823
89178046011
89056698823
89158246011
89196155147
89197620911
89106920911
89057000011
89158020911
89159810911
89109821823
89156465147
89177166011
89991178823
89179721823
89057230911
89098778823
89108743747
89099911823
89097196911
89806462670
89109762670
89011185823
89058961670
89056085823
89809129011
89178651670
89156805823
89109955823
89178671670
89036203557
89166944557
89107726911
89167603557
89771198011
89168875823
89067326911
89991192670
89196545823
89167354557
89057024557
89178439011
89159352670
89771165823
89176438011
89809411670
89067442670
89196642670
89106589011
89156331011
89178501011
89176611670
89991111670
89156922670
89806341670
89169549011
89109407911
89196607911
89156027911
89156673670
89166050670
89179204670
89156914670
89159214670
89158544670
89106235911
89198599147
89169269911
89771180670
89039154670
89159410670
89067364670
89109319911
89058219911
89099502557
89067030670
89991187911
89177822557
89291111557
89169447911
89807333670
